// SUISprites.h
// Lab 9 combined image buffers for ST7735 (RGB565)

#ifndef __SUISprites_h
#define __SUISprites_h
#include <stdint.h>

// full screen field
// width=128 x height=160
const uint16_t background[] = {
 0x5423, 0x5423, 0x5424, 0x5424, 0x5444, 0x5424, 0x5424, 0x5444, 0x5424, 0x4c04, 0x4c05, 0x4c24, 0x4c24, 0x4c44, 0x4c23, 0x4c23,
 0x4c23, 0x4c23, 0x4c23, 0x4c23, 0x4c23, 0x4c24, 0x5424, 0x5444, 0x4c24, 0x4c24, 0x4be4, 0x4c04, 0x4c23, 0x4c23, 0x4c43, 0x4c24,
 0x5424, 0x5423, 0x5424, 0x5424, 0x5424, 0x5444, 0x5424, 0x5424, 0x5424, 0x5424, 0x4c04, 0x4c05, 0x4c24, 0x4c24, 0x4c24, 0x5424,
 0x5444, 0x5444, 0x4c43, 0x4c23, 0x4c24, 0x4c24, 0x4c44, 0x4c24, 0x4c24, 0x4c24, 0x4c04, 0x4c04, 0x4c24, 0x5424, 0x5424, 0x4c24,
 0x4c24, 0x43e2, 0x43e2, 0x43e1, 0x43c1, 0x43c2, 0x43c2, 0x43c2, 0x43c2, 0x3ba2, 0x3b82, 0x3ba2, 0x3ba2, 0x43c2, 0x43c2, 0x43c2,
 0x43e2, 0x43e2, 0x43e1, 0x43c1, 0x43e1, 0x43e1, 0x43e2, 0x43e1, 0x43c1, 0x43c2, 0x3ba2, 0x3ba2, 0x3ba2, 0x43c2, 0x43c2, 0x43c2,
 0x43c2, 0x43c2, 0x43c2, 0x43c2, 0x43e2, 0x43c2, 0x43c1, 0x43c2, 0x43a2, 0x43a2, 0x3b82, 0x3b82, 0x3b82, 0x3ba2, 0x3bc2, 0x43c2,
 0x43c2, 0x43c1, 0x43c1, 0x43a1, 0x3ba2, 0x43c2, 0x43c1, 0x43e1, 0x43c1, 0x43c2, 0x3ba2, 0x3ba2, 0x43a2, 0x43a2, 0x43a2, 0x43a2,
 0x5463, 0x5463, 0x5463, 0x5463, 0x5463, 0x5463, 0x5463, 0x5463, 0x5463, 0x5463, 0x5463, 0x5463, 0x5463, 0x5463, 0x5463, 0x5463,
 0x5463, 0x5463, 0x5463, 0x5463, 0x4c43, 0x5443, 0x5463, 0x5463, 0x4c63, 0x4c63, 0x4c43, 0x4c63, 0x4c63, 0x5463, 0x5463, 0x5463,
 0x5463, 0x4c63, 0x5463, 0x5463, 0x5463, 0x5463, 0x5463, 0x5463, 0x5463, 0x5463, 0x4c63, 0x4c63, 0x4c63, 0x5463, 0x5463, 0x5463,
 0x5463, 0x5463, 0x5463, 0x5463, 0x5463, 0x5463, 0x4c63, 0x4c63, 0x4c63, 0x5463, 0x5463, 0x5463, 0x5463, 0x5463, 0x5463, 0x5463,
 0x5463, 0x4421, 0x4421, 0x4401, 0x4401, 0x4401, 0x4401, 0x4401, 0x4401, 0x4401, 0x4401, 0x4401, 0x4401, 0x4401, 0x4401, 0x4401,
 0x4401, 0x4401, 0x4401, 0x4401, 0x4401, 0x4401, 0x4401, 0x4401, 0x4401, 0x4401, 0x4401, 0x4401, 0x4401, 0x4401, 0x4401, 0x4401,
 0x4401, 0x4401, 0x4401, 0x4401, 0x4401, 0x4401, 0x4401, 0x4401, 0x4401, 0x4401, 0x4401, 0x4401, 0x43e1, 0x4401, 0x4401, 0x4401,
 0x4401, 0x4401, 0x4401, 0x4401, 0x4401, 0x4401, 0x4401, 0x4401, 0x4401, 0x4401, 0x4401, 0x4401, 0x4401, 0x4401, 0x4401, 0x4401,
 0x5483, 0x5463, 0x5463, 0x5463, 0x5463, 0x5463, 0x5463, 0x5463, 0x5463, 0x5483, 0x5483, 0x5483, 0x5483, 0x5463, 0x5463, 0x5463,
 0x5463, 0x5463, 0x5463, 0x5463, 0x5463, 0x4c63, 0x4c63, 0x4c63, 0x4c63, 0x4c83, 0x4c83, 0x4c83, 0x4c83, 0x4c83, 0x5483, 0x5463,
 0x5463, 0x5483, 0x4c63, 0x5463, 0x5463, 0x5483, 0x5463, 0x5463, 0x5483, 0x5463, 0x5463, 0x4c63, 0x4c63, 0x5463, 0x5463, 0x5483,
 0x5483, 0x5463, 0x5463, 0x5463, 0x5463, 0x5483, 0x4c83, 0x5483, 0x5463, 0x5463, 0x5463, 0x5463, 0x5463, 0x5463, 0x5463, 0x5463,
 0x5463, 0x4441, 0x4421, 0x4421, 0x4401, 0x4401, 0x4401, 0x4421, 0x4421, 0x4401, 0x4401, 0x4421, 0x4421, 0x4401, 0x4421, 0x4421,
 0x4421, 0x4421, 0x4401, 0x4401, 0x4401, 0x4401, 0x4400, 0x4421, 0x4400, 0x4401, 0x4401, 0x4401, 0x4401, 0x4421, 0x4421, 0x4421,
 0x4421, 0x4401, 0x4401, 0x4401, 0x4401, 0x4421, 0x4421, 0x4401, 0x4401, 0x4401, 0x4401, 0x4401, 0x4401, 0x4421, 0x4421, 0x4401,
 0x4401, 0x4401, 0x4401, 0x4400, 0x4401, 0x4401, 0x4401, 0x4401, 0x4401, 0x4401, 0x4401, 0x4401, 0x4401, 0x4401, 0x4401, 0x4401,
 0x5483, 0x5463, 0x5463, 0x5463, 0x5463, 0x5463, 0x5463, 0x5463, 0x5463, 0x5463, 0x5463, 0x5463, 0x5463, 0x5463, 0x5463, 0x5463,
 0x5463, 0x5463, 0x5463, 0x5463, 0x5463, 0x4c63, 0x4c63, 0x4c63, 0x4c63, 0x5483, 0x4c83, 0x4c83, 0x4c83, 0x4c83, 0x5483, 0x4c63,
 0x5463, 0x4c63, 0x4c63, 0x4c63, 0x5463, 0x5463, 0x5463, 0x5463, 0x5463, 0x5463, 0x5463, 0x5463, 0x5463, 0x5463, 0x5463, 0x5463,
 0x5463, 0x5463, 0x5463, 0x4c63, 0x4c63, 0x4c63, 0x4c63, 0x5463, 0x5463, 0x5463, 0x5463, 0x5463, 0x5463, 0x5463, 0x5463, 0x5463,
 0x5463, 0x4421, 0x4421, 0x4401, 0x4401, 0x4401, 0x4401, 0x4401, 0x4401, 0x4401, 0x4401, 0x4401, 0x4401, 0x4401, 0x4401, 0x4401,
 0x4401, 0x4401, 0x4401, 0x4401, 0x4401, 0x4401, 0x4401, 0x4401, 0x4400, 0x4401, 0x4401, 0x4401, 0x4401, 0x4421, 0x4401, 0x4401,
 0x4400, 0x4401, 0x4421, 0x4401, 0x4401, 0x4401, 0x4401, 0x4401, 0x4401, 0x4401, 0x4401, 0x4401, 0x4400, 0x4421, 0x4421, 0x4401,
 0x4401, 0x4400, 0x4401, 0x4400, 0x4401, 0x4401, 0x4401, 0x4401, 0x4401, 0x4421, 0x4401, 0x4421, 0x4421, 0x4401, 0x4401, 0x4401,
 0x5483, 0x5463, 0x5463, 0x5463, 0x5463, 0x5463, 0x5463, 0x5463, 0x5443, 0x5463, 0x5463, 0x5463, 0x5463, 0x5463, 0x5463, 0x5463,
 0x5463, 0x5463, 0x5463, 0x5463, 0x5463, 0x5463, 0x4c63, 0x4c63, 0x4c63, 0x5483, 0x5483, 0x4c83, 0x5483, 0x4c83, 0x5483, 0x5463,
 0x5463, 0x5483, 0x5483, 0x5483, 0x5463, 0x5463, 0x5463, 0x5463, 0x5463, 0x5463, 0x5463, 0x5463, 0x5463, 0x5463, 0x5463, 0x5463,
 0x5464, 0x5463, 0x5463, 0x5463, 0x4c63, 0x5463, 0x4c63, 0x5463, 0x5463, 0x5463, 0x5463, 0x5463, 0x5463, 0x5463, 0x5463, 0x4c43,
 0x5463, 0x4421, 0x4421, 0x4421, 0x4401, 0x4401, 0x4400, 0x4401, 0x4401, 0x4401, 0x4401, 0x4401, 0x4401, 0x4401, 0x4401, 0x4400,
 0x4401, 0x4400, 0x4401, 0x4401, 0x4401, 0x4401, 0x4401, 0x4401, 0x4401, 0x4401, 0x4401, 0x4401, 0x4401, 0x4401, 0x4401, 0x4401,
 0x4401, 0x4400, 0x4401, 0x4421, 0x4421, 0x4421, 0x4401, 0x4401, 0x4401, 0x4401, 0x4400, 0x4401, 0x4401, 0x4401, 0x4421, 0x4421,
 0x4401, 0x4400, 0x4401, 0x4401, 0x4401, 0x4421, 0x4421, 0x4401, 0x4401, 0x4421, 0x4421, 0x4421, 0x4401, 0x4401, 0x4401, 0x4401,
 0x5483, 0x5483, 0x5483, 0x5463, 0x4c63, 0x4c63, 0x5463, 0x5463, 0x5443, 0x5463, 0x5463, 0x5463, 0x5463, 0x5463, 0x5463, 0x5463,
 0x5463, 0x5463, 0x5463, 0x5463, 0x5483, 0x5463, 0x5463, 0x4c63, 0x4c83, 0x4c83, 0x4c63, 0x4c63, 0x4c63, 0x4c63, 0x4c63, 0x5463,
 0x5463, 0x5463, 0x5463, 0x5463, 0x4c63, 0x5463, 0x4c63, 0x4c63, 0x4c63, 0x5463, 0x4c63, 0x5463, 0x5463, 0x5463, 0x5463, 0x5463,
 0x5463, 0x5463, 0x5463, 0x4c63, 0x4c63, 0x4c63, 0x4c43, 0x4c43, 0x4c63, 0x5463, 0x5463, 0x5463, 0x5463, 0x5463, 0x5463, 0x5443,
 0x5463, 0x4401, 0x4421, 0x4400, 0x4401, 0x4401, 0x4401, 0x4401, 0x4401, 0x4401, 0x4401, 0x4421, 0x4401, 0x4401, 0x4400, 0x4400,
 0x4401, 0x4401, 0x4401, 0x4401, 0x4401, 0x4401, 0x4401, 0x4400, 0x4401, 0x4401, 0x4401, 0x4401, 0x4401, 0x4401, 0x4401, 0x4401,
 0x4401, 0x4401, 0x4401, 0x4400, 0x4421, 0x4401, 0x4401, 0x4401, 0x4401, 0x4401, 0x4401, 0x4401, 0x4401, 0x4401, 0x4401, 0x4401,
 0x4401, 0x4401, 0x4421, 0x4401, 0x4401, 0x4421, 0x4421, 0x4401, 0x4401, 0x4421, 0x4401, 0x4401, 0x4401, 0x4401, 0x4401, 0x4401,
 0x5483, 0x5463, 0x5463, 0x5463, 0x5463, 0x5463, 0x4c63, 0x5463, 0x5443, 0x5463, 0x5463, 0x5463, 0x5463, 0x5463, 0x5463, 0x5463,
 0x5463, 0x5463, 0x5463, 0x5463, 0x5463, 0x5463, 0x5463, 0x5463, 0x4c83, 0x4c83, 0x4c63, 0x4c63, 0x4c63, 0x4c43, 0x4c63, 0x4c63,
 0x5463, 0x5463, 0x5463, 0x5463, 0x5463, 0x4c43, 0x4c63, 0x5463, 0x5463, 0x5463, 0x4c63, 0x4c43, 0x5463, 0x5463, 0x5463, 0x5443,
 0x4c43, 0x5463, 0x4c43, 0x5463, 0x4c63, 0x4c43, 0x4c43, 0x5443, 0x5443, 0x5463, 0x5463, 0x5463, 0x5463, 0x5463, 0x5463, 0x5463,
 0x5463, 0x4421, 0x4421, 0x4400, 0x4400, 0x4401, 0x4401, 0x4401, 0x4400, 0x4401, 0x4401, 0x4401, 0x4401, 0x4401, 0x4401, 0x4400,
 0x4401, 0x4401, 0x4401, 0x4400, 0x4401, 0x4401, 0x4401, 0x4401, 0x4401, 0x4401, 0x4401, 0x4401, 0x4401, 0x4401, 0x4401, 0x4401,
 0x4401, 0x4401, 0x4401, 0x4400, 0x4401, 0x4401, 0x4401, 0x4401, 0x4401, 0x4401, 0x4400, 0x4401, 0x4401, 0x4401, 0x4401, 0x4400,
 0x4401, 0x4400, 0x4401, 0x4401, 0x4401, 0x4421, 0x4421, 0x4401, 0x4401, 0x4421, 0x4421, 0x4401, 0x4401, 0x4401, 0x4401, 0x4401,
 0x5483, 0x5463, 0x5464, 0x5463, 0x5463, 0x5463, 0x4c63, 0x4c63, 0x4c43, 0x5463, 0x5463, 0x5463, 0x4c63, 0x4c63, 0x5463, 0x5463,
 0x5463, 0x5463, 0x5463, 0x5463, 0x5463, 0x5463, 0x4c63, 0x4c63, 0x4c83, 0x4c83, 0x4c63, 0x4c63, 0x4c43, 0x4c43, 0x4c43, 0x4c43,
 0x4c63, 0x4c63, 0x5463, 0x4c63, 0x4c63, 0x4c43, 0x4c43, 0x4c63, 0x4c63, 0x4c63, 0x4c43, 0x4c43, 0x4c43, 0x4c43, 0x4c43, 0x4c43,
 0x4c43, 0x4c63, 0x4c63, 0x4c43, 0x4c63, 0x4c63, 0x4c63, 0x4c43, 0x4c43, 0x5443, 0x4c63, 0x5463, 0x5463, 0x5463, 0x5463, 0x5463,
 0x5463, 0x4421, 0x4421, 0x4401, 0x4400, 0x4400, 0x4400, 0x4401, 0x4401, 0x4401, 0x4401, 0x4401, 0x4400, 0x4401, 0x4400, 0x4400,
 0x4401, 0x4401, 0x4401, 0x4401, 0x4401, 0x4401, 0x4401, 0x4401, 0x4401, 0x4401, 0x4401, 0x4401, 0x4401, 0x4401, 0x4400, 0x4400,
 0x4401, 0x4400, 0x4401, 0x4401, 0x4401, 0x4401, 0x4401, 0x4401, 0x4401, 0x4401, 0x4401, 0x4401, 0x4401, 0x4401, 0x4401, 0x4401,
 0x4401, 0x4401, 0x4401, 0x4401, 0x4401, 0x4401, 0x4401, 0x4401, 0x4401, 0x4421, 0x4421, 0x4401, 0x4401, 0x4401, 0x4401, 0x4401,
 0x5484, 0x5463, 0x5464, 0x5463, 0x5463, 0x5463, 0x5463, 0x5463, 0x5443, 0x5463, 0x5463, 0x5463, 0x5463, 0x4c43, 0x5463, 0x5463,
 0x5463, 0x5463, 0x5463, 0x5463, 0x5463, 0x5463, 0x5463, 0x5463, 0x5463, 0x5483, 0x5463, 0x4c63, 0x4c43, 0x4c43, 0x4c43, 0x4c43,
 0x5463, 0x5463, 0x5463, 0x5463, 0x5463, 0x5463, 0x4c63, 0x5463, 0x4c63, 0x5463, 0x4c43, 0x4c43, 0x4c43, 0x5463, 0x4c43, 0x4c43,
 0x5463, 0x5463, 0x5463, 0x5463, 0x4c63, 0x5463, 0x4c63, 0x5463, 0x4c43, 0x5443, 0x5443, 0x5463, 0x5463, 0x5463, 0x5463, 0x5443,
 0x5443, 0x4421, 0x4421, 0x4401, 0x4401, 0x4401, 0x4401, 0x4401, 0x4401, 0x4401, 0x4401, 0x4401, 0x4400, 0x4401, 0x4401, 0x4401,
 0x4401, 0x4401, 0x4401, 0x4401, 0x4401, 0x4401, 0x4401, 0x4401, 0x4401, 0x4401, 0x4401, 0x4401, 0x4401, 0x4401, 0x4401, 0x4401,
 0x4401, 0x4401, 0x4401, 0x4401, 0x4401, 0x4401, 0x4401, 0x4401, 0x4401, 0x4401, 0x4401, 0x4401, 0x4401, 0x4401, 0x4401, 0x4401,
 0x4401, 0x4401, 0x4401, 0x4401, 0x4401, 0x4401, 0x4401, 0x4401, 0x4400, 0x4421, 0x4401, 0x4401, 0x4401, 0x4401, 0x4401, 0x4401,
 0x5483, 0x5483, 0x5463, 0x5463, 0x5463, 0x5463, 0x5463, 0x5463, 0x5463, 0x5463, 0x5463, 0x5463, 0x5463, 0x5463, 0x5463, 0x5463,
 0x5463, 0x5463, 0x5463, 0x5463, 0x5463, 0x5463, 0x5463, 0x5463, 0x5463, 0x4c83, 0x4c83, 0x4c63, 0x5463, 0x4c63, 0x4c43, 0x4c63,
 0x5463, 0x5463, 0x5463, 0x5463, 0x5463, 0x5463, 0x5463, 0x5463, 0x5463, 0x5463, 0x4c43, 0x4c43, 0x4c43, 0x4c63, 0x4c63, 0x4c63,
 0x4c63, 0x5463, 0x5463, 0x5463, 0x5463, 0x5463, 0x5463, 0x5463, 0x5463, 0x5463, 0x5463, 0x5463, 0x5463, 0x5463, 0x5463, 0x5443,
 0x5443, 0x4421, 0x4421, 0x4421, 0x4421, 0x4401, 0x4401, 0x4401, 0x4400, 0x4401, 0x4400, 0x4401, 0x4400, 0x4401, 0x4421, 0x4401,
 0x4401, 0x4401, 0x4401, 0x4401, 0x4401, 0x4401, 0x4401, 0x4401, 0x4401, 0x4401, 0x4400, 0x4401, 0x4401, 0x4401, 0x4401, 0x4401,
 0x4401, 0x4401, 0x4401, 0x4401, 0x4401, 0x4421, 0x4421, 0x4421, 0x4400, 0x4401, 0x4401, 0x4401, 0x4401, 0x4401, 0x4401, 0x4401,
 0x4421, 0x4421, 0x4401, 0x4401, 0x4421, 0x4421, 0x4401, 0x4421, 0x4421, 0x4421, 0x4421, 0x4421, 0x4401, 0x4401, 0x4401, 0x4401,
 0x5483, 0x4c63, 0x5463, 0x5463, 0x5463, 0x5463, 0x5463, 0x5463, 0x5463, 0x5463, 0x5463, 0x5463, 0x5463, 0x5463, 0x5443, 0x5443,
 0x5463, 0x5463, 0x5463, 0x5463, 0x5463, 0x5463, 0x5463, 0x5463, 0x5463, 0x5483, 0x4c63, 0x5463, 0x5463, 0x4c63, 0x5443, 0x4c43,
 0x5463, 0x5463, 0x5463, 0x5463, 0x5463, 0x5463, 0x5463, 0x5463, 0x5463, 0x5463, 0x4c43, 0x4c43, 0x4c43, 0x4c63, 0x4c43, 0x4c63,
 0x5463, 0x5463, 0x5463, 0x5463, 0x5463, 0x5463, 0x5463, 0x5463, 0x5463, 0x4c63, 0x4c43, 0x5463, 0x5463, 0x5443, 0x5443, 0x5443,
 0x5443, 0x4421, 0x4421, 0x4401, 0x4401, 0x4401, 0x4401, 0x4401, 0x4401, 0x4401, 0x4401, 0x4401, 0x4401, 0x4401, 0x4401, 0x4401,
 0x4401, 0x4401, 0x4401, 0x4401, 0x4401, 0x4401, 0x4401, 0x4401, 0x4401, 0x4401, 0x4400, 0x4401, 0x4401, 0x4401, 0x4401, 0x4401,
 0x4401, 0x4401, 0x4401, 0x4401, 0x4401, 0x4401, 0x4401, 0x4421, 0x4400, 0x4401, 0x4401, 0x4401, 0x4401, 0x4401, 0x4401, 0x4401,
 0x4401, 0x4401, 0x4401, 0x4401, 0x4401, 0x4421, 0x4401, 0x4401, 0x4401, 0x4401, 0x4401, 0x4401, 0x4401, 0x4401, 0x4401, 0x4401,
 0x5483, 0x5463, 0x4c63, 0x5463, 0x5463, 0x5463, 0x5463, 0x5463, 0x5463, 0x5463, 0x5463, 0x5463, 0x5463, 0x5463, 0x5444, 0x5443,
 0x5443, 0x5463, 0x5463, 0x5463, 0x5463, 0x5463, 0x5463, 0x5463, 0x5463, 0x5463, 0x5463, 0x5463, 0x5463, 0x5463, 0x5463, 0x5463,
 0x4c63, 0x4c63, 0x5463, 0x5463, 0x5463, 0x5463, 0x5463, 0x5463, 0x5463, 0x5463, 0x4c63, 0x4c63, 0x4c63, 0x4c63, 0x4c63, 0x4c63,
 0x5463, 0x5463, 0x4c63, 0x5463, 0x5463, 0x5463, 0x5463, 0x5463, 0x5463, 0x4c63, 0x5463, 0x5463, 0x5463, 0x5463, 0x5443, 0x5443,
 0x5443, 0x4421, 0x4421, 0x4420, 0x4401, 0x4401, 0x4401, 0x4401, 0x4401, 0x4401, 0x4400, 0x4401, 0x4421, 0x4400, 0x4401, 0x4401,
 0x4401, 0x4401, 0x4401, 0x4400, 0x4401, 0x4401, 0x4401, 0x4401, 0x4401, 0x4401, 0x4401, 0x4401, 0x4401, 0x4401, 0x4401, 0x4401,
 0x4401, 0x4400, 0x4401, 0x4401, 0x4401, 0x4401, 0x4401, 0x4401, 0x4400, 0x4401, 0x4401, 0x4401, 0x4401, 0x4401, 0x4401, 0x4401,
 0x4401, 0x4400, 0x4401, 0x4401, 0x4401, 0x4401, 0x4401, 0x4401, 0x4421, 0x4401, 0x4401, 0x4401, 0x4401, 0x4401, 0x4401, 0x4401,
 0x4c83, 0x4c63, 0x5483, 0x5463, 0x5463, 0x5463, 0x5463, 0x5463, 0x5463, 0x5463, 0x5463, 0x5463, 0x5463, 0x5463, 0x5464, 0x5463,
 0x5463, 0x5463, 0x5463, 0x4c63, 0x5463, 0x5463, 0x5463, 0x5463, 0x5463, 0x5463, 0x5463, 0x5463, 0x5463, 0x5463, 0x5463, 0x5463,
 0x4c63, 0x4c63, 0x4c63, 0x5443, 0x5463, 0x5463, 0x5463, 0x5463, 0x4c63, 0x4c63, 0x4c63, 0x4c63, 0x4c63, 0x4c63, 0x4c63, 0x4c63,
 0x4c63, 0x4c63, 0x4c63, 0x4c63, 0x4c63, 0x5463, 0x5463, 0x5463, 0x5463, 0x5463, 0x4c63, 0x5463, 0x4c63, 0x5463, 0x5463, 0x4c43,
 0x5443, 0x4401, 0x4421, 0x4400, 0x4400, 0x4401, 0x4401, 0x4401, 0x4401, 0x4401, 0x4400, 0x4421, 0x4401, 0x4421, 0x4401, 0x4401,
 0x4401, 0x4401, 0x4401, 0x4400, 0x4401, 0x4401, 0x4401, 0x4401, 0x4401, 0x4401, 0x4401, 0x4401, 0x4401, 0x4401, 0x4401, 0x4401,
 0x4401, 0x4400, 0x4401, 0x4401, 0x4401, 0x4401, 0x4401, 0x4400, 0x4400, 0x4401, 0x4401, 0x4401, 0x4401, 0x4401, 0x4401, 0x4401,
 0x4401, 0x4401, 0x4401, 0x4401, 0x4401, 0x4400, 0x4401, 0x4401, 0x4401, 0x4421, 0x4401, 0x4401, 0x4401, 0x4401, 0x4401, 0x4401,
 0x4c63, 0x5483, 0x5483, 0x5463, 0x5463, 0x5463, 0x5463, 0x5463, 0x5463, 0x5463, 0x5463, 0x5463, 0x5463, 0x5463, 0x5463, 0x5463,
 0x5463, 0x5463, 0x5463, 0x5463, 0x5463, 0x5463, 0x5463, 0x5463, 0x5463, 0x5463, 0x5463, 0x5463, 0x5463, 0x5463, 0x5463, 0x5463,
 0x5463, 0x5463, 0x5463, 0x5463, 0x5463, 0x5463, 0x5463, 0x5463, 0x5463, 0x4c63, 0x5463, 0x4c63, 0x4c63, 0x4c63, 0x5463, 0x4c63,
 0x4c63, 0x4c63, 0x4c63, 0x5463, 0x4c63, 0x5463, 0x5463, 0x5463, 0x5463, 0x5463, 0x5463, 0x4c63, 0x5463, 0x5463, 0x5463, 0x5463,
 0x5463, 0x4421, 0x4401, 0x4401, 0x4401, 0x4401, 0x4401, 0x4401, 0x4401, 0x4401, 0x4421, 0x4421, 0x4421, 0x4421, 0x4401, 0x4401,
 0x4401, 0x4401, 0x4401, 0x4401, 0x4401, 0x4401, 0x4401, 0x4401, 0x4401, 0x4401, 0x4401, 0x4401, 0x4401, 0x4401, 0x4401, 0x4401,
 0x4401, 0x4400, 0x4401, 0x4401, 0x4401, 0x4401, 0x4401, 0x4401, 0x4401, 0x4401, 0x4400, 0x4401, 0x4401, 0x4401, 0x4401, 0x4401,
 0x4401, 0x4401, 0x4401, 0x4401, 0x4401, 0x4401, 0x4401, 0x4401, 0x4401, 0x4401, 0x4401, 0x4401, 0x4401, 0x4401, 0x4401, 0x4401,
 0x4c83, 0x4c63, 0x5483, 0x5463, 0x5463, 0x5463, 0x5463, 0x5463, 0x5463, 0x5463, 0x5463, 0x5463, 0x5463, 0x5463, 0x5463, 0x5463,
 0x5463, 0x5463, 0x5463, 0x5463, 0x5463, 0x5463, 0x5463, 0x4c63, 0x5463, 0x5463, 0x5463, 0x5463, 0x5463, 0x5463, 0x5463, 0x5463,
 0x5463, 0x4c63, 0x4c63, 0x4c63, 0x5463, 0x5463, 0x5463, 0x5463, 0x5463, 0x5463, 0x5463, 0x5483, 0x4c63, 0x4c63, 0x4c63, 0x4c63,
 0x4c63, 0x4c63, 0x4c83, 0x4c63, 0x5463, 0x5463, 0x5463, 0x5463, 0x5463, 0x5463, 0x4c63, 0x4c63, 0x5463, 0x5463, 0x4c63, 0x5463,
 0x5463, 0x4421, 0x4421, 0x4401, 0x4401, 0x4401, 0x4401, 0x4401, 0x4401, 0x4401, 0x4401, 0x4421, 0x4401, 0x4401, 0x4401, 0x4401,
 0x4401, 0x4401, 0x4401, 0x4401, 0x4401, 0x4401, 0x4401, 0x4401, 0x4401, 0x4401, 0x4401, 0x4401, 0x4401, 0x4401, 0x4401, 0x4401,
 0x4401, 0x4401, 0x4421, 0x4401, 0x4401, 0x4401, 0x4401, 0x4401, 0x4401, 0x4401, 0x4401, 0x4401, 0x4401, 0x4401, 0x4401, 0x4401,
 0x4401, 0x4401, 0x4421, 0x4401, 0x4401, 0x4401, 0x4401, 0x4401, 0x4401, 0x4401, 0x4401, 0x4401, 0x4401, 0x4401, 0x4401, 0x4401,
 0x4c83, 0x4c63, 0x5463, 0x5463, 0x5463, 0x5464, 0x5464, 0x5463, 0x5463, 0x5463, 0x5463, 0x5463, 0x5463, 0x5463, 0x5463, 0x5463,
 0x5463, 0x5463, 0x5463, 0x5463, 0x5463, 0x5463, 0x4c63, 0x5463, 0x5463, 0x5463, 0x5463, 0x5463, 0x5443, 0x5443, 0x5443, 0x5463,
 0x5463, 0x5463, 0x4c63, 0x5443, 0x5443, 0x5443, 0x4c63, 0x5463, 0x5463, 0x5463, 0x5463, 0x5463, 0x4c63, 0x4c63, 0x5463, 0x5463,
 0x5463, 0x4c63, 0x4c63, 0x4c63, 0x5463, 0x5463, 0x5463, 0x5463, 0x5463, 0x5463, 0x5463, 0x5463, 0x5463, 0x5463, 0x5463, 0x5463,
 0x5463, 0x4421, 0x4401, 0x4401, 0x4401, 0x4401, 0x4400, 0x4401, 0x4401, 0x4401, 0x4400, 0x4401, 0x4400, 0x4401, 0x4401, 0x4401,
 0x4401, 0x4401, 0x4401, 0x4401, 0x4401, 0x4401, 0x4401, 0x4401, 0x4401, 0x4401, 0x4400, 0x4401, 0x4401, 0x4401, 0x4401, 0x4401,
 0x4401, 0x4400, 0x4401, 0x4401, 0x4401, 0x4401, 0x4401, 0x4401, 0x4400, 0x4401, 0x4401, 0x4401, 0x4401, 0x4400, 0x4401, 0x4401,
 0x4401, 0x4401, 0x4401, 0x4401, 0x4401, 0x4401, 0x4401, 0x4401, 0x4401, 0x4401, 0x4401, 0x4401, 0x4401, 0x4401, 0x4401, 0x4401,
 0x4c83, 0x4c63, 0x5463, 0x5463, 0x5463, 0x5463, 0x5463, 0x5463, 0x5463, 0x5463, 0x5463, 0x5463, 0x5463, 0x5463, 0x5463, 0x5463,
 0x5463, 0x5463, 0x5463, 0x5463, 0x5464, 0x5463, 0x5463, 0x5463, 0x5463, 0x5483, 0x5463, 0x5463, 0x5443, 0x4c43, 0x4c63, 0x4c43,
 0x5463, 0x5463, 0x5463, 0x5463, 0x5463, 0x5463, 0x5463, 0x5463, 0x5463, 0x5463, 0x5463, 0x5463, 0x5463, 0x4c63, 0x4c63, 0x5463,
 0x5463, 0x5463, 0x5463, 0x5463, 0x5463, 0x5463, 0x5463, 0x5463, 0x5463, 0x5463, 0x5463, 0x4c63, 0x5463, 0x5463, 0x4c63, 0x4c63,
 0x4c63, 0x4421, 0x4401, 0x4401, 0x4401, 0x4401, 0x4401, 0x4401, 0x4401, 0x4401, 0x4400, 0x4400, 0x4400, 0x4400, 0x4400, 0x4400,
 0x4401, 0x4401, 0x4401, 0x4401, 0x4401, 0x4401, 0x4401, 0x4401, 0x4401, 0x4401, 0x4400, 0x4401, 0x4401, 0x4401, 0x4401, 0x4401,
 0x4401, 0x4401, 0x4401, 0x4401, 0x4401, 0x4401, 0x4401, 0x4401, 0x4401, 0x4401, 0x4401, 0x4401, 0x4401, 0x4401, 0x4401, 0x4401,
 0x4401, 0x4401, 0x4401, 0x4401, 0x4401, 0x4401, 0x4401, 0x4401, 0x4400, 0x4401, 0x4401, 0x4401, 0x4401, 0x4401, 0x4401, 0x4401,
 0x4c63, 0x4c63, 0x5463, 0x5443, 0x5463, 0x5443, 0x5463, 0x5463, 0x5443, 0x5463, 0x5443, 0x5463, 0x5443, 0x5463, 0x5463, 0x5463,
 0x5463, 0x5463, 0x5463, 0x5463, 0x5463, 0x5463, 0x5463, 0x4c63, 0x4c63, 0x5463, 0x5463, 0x5463, 0x5443, 0x4c43, 0x4c43, 0x4c43,
 0x5463, 0x5443, 0x5463, 0x5443, 0x5463, 0x5463, 0x5463, 0x5463, 0x5463, 0x5463, 0x5463, 0x5463, 0x5463, 0x5463, 0x5463, 0x5463,
 0x5463, 0x5463, 0x5463, 0x5463, 0x5463, 0x5463, 0x5463, 0x5443, 0x5463, 0x5463, 0x5463, 0x5463, 0x5463, 0x5463, 0x5463, 0x4c63,
 0x5463, 0x4401, 0x4401, 0x4401, 0x4401, 0x4401, 0x4401, 0x4401, 0x4401, 0x4401, 0x4400, 0x4401, 0x4400, 0x4400, 0x4401, 0x4400,
 0x4401, 0x4401, 0x4401, 0x4401, 0x4401, 0x4401, 0x4401, 0x4401, 0x4401, 0x4401, 0x4400, 0x4401, 0x4401, 0x4401, 0x4401, 0x4401,
 0x4401, 0x4401, 0x4401, 0x4401, 0x4401, 0x4401, 0x4401, 0x4401, 0x4401, 0x4401, 0x4400, 0x4401, 0x4401, 0x4401, 0x4401, 0x4401,
 0x4401, 0x4400, 0x4401, 0x4400, 0x4401, 0x4401, 0x4401, 0x4401, 0x4400, 0x4401, 0x4400, 0x4401, 0x4401, 0x4401, 0x4401, 0x4401,
 0x5483, 0x4c63, 0x4c63, 0x5463, 0x5463, 0x5463, 0x5463, 0x5463, 0x5463, 0x5463, 0x5443, 0x5463, 0x5463, 0x5463, 0x5443, 0x5463,
 0x5463, 0x5463, 0x5463, 0x5463, 0x5463, 0x5463, 0x5463, 0x5463, 0x4c63, 0x5463, 0x5463, 0x5463, 0x5463, 0x4c63, 0x5463, 0x5463,
 0x4c63, 0x5463, 0x5463, 0x5463, 0x5463, 0x5463, 0x5463, 0x5463, 0x5463, 0x5463, 0x5463, 0x5463, 0x5463, 0x5463, 0x5463, 0x5463,
 0x5463, 0x5463, 0x5463, 0x5463, 0x5463, 0x5463, 0x5463, 0x5463, 0x5463, 0x5463, 0x5463, 0x5463, 0x5463, 0x5463, 0x5463, 0x4c63,
 0x5463, 0x4421, 0x4401, 0x4401, 0x4401, 0x4401, 0x4401, 0x4401, 0x4401, 0x4401, 0x4400, 0x4401, 0x4401, 0x4401, 0x4401, 0x4420,
 0x4401, 0x4401, 0x4401, 0x4401, 0x4401, 0x4401, 0x4401, 0x4401, 0x4401, 0x4401, 0x4400, 0x4401, 0x4401, 0x4401, 0x4401, 0x4401,
 0x4401, 0x4400, 0x4401, 0x4401, 0x4401, 0x4401, 0x4401, 0x4401, 0x4401, 0x4401, 0x4401, 0x4401, 0x4401, 0x4401, 0x4401, 0x4401,
 0x4401, 0x4400, 0x4401, 0x4400, 0x4401, 0x4401, 0x4401, 0x4401, 0x4400, 0x4401, 0x4401, 0x4401, 0x4401, 0x4401, 0x4401, 0x4401,
 0x4c83, 0x4c63, 0x4c63, 0x5463, 0x5463, 0x5463, 0x5463, 0x5463, 0x5463, 0x5463, 0x4c43, 0x5443, 0x5443, 0x5463, 0x5443, 0x5463,
 0x5463, 0x5463, 0x5463, 0x5443, 0x5443, 0x5463, 0x5463, 0x5463, 0x4c63, 0x5463, 0x5443, 0x5463, 0x4c63, 0x5463, 0x4c63, 0x5463,
 0x5463, 0x4c63, 0x4c63, 0x4c63, 0x4c63, 0x5463, 0x5463, 0x5463, 0x4c63, 0x5463, 0x5463, 0x5463, 0x4c63, 0x5463, 0x5463, 0x4c63,
 0x5463, 0x5463, 0x5463, 0x5463, 0x5463, 0x5463, 0x5463, 0x5463, 0x5463, 0x5463, 0x5463, 0x5463, 0x5463, 0x5463, 0x5463, 0x4c63,
 0x5463, 0x4421, 0x4421, 0x4401, 0x4401, 0x4401, 0x4401, 0x4401, 0x4400, 0x4401, 0x4400, 0x4401, 0x4401, 0x4401, 0x4401, 0x4401,
 0x4401, 0x4401, 0x4401, 0x4401, 0x4401, 0x4401, 0x4401, 0x4401, 0x4401, 0x4401, 0x4401, 0x4400, 0x4401, 0x4401, 0x4401, 0x4401,
 0x4401, 0x4401, 0x4401, 0x4401, 0x4401, 0x4401, 0x4401, 0x4401, 0x4401, 0x4401, 0x4401, 0x4401, 0x4401, 0x4401, 0x4401, 0x4401,
 0x4401, 0x4401, 0x4401, 0x4400, 0x4401, 0x4400, 0x4401, 0x4401, 0x4400, 0x4401, 0x4400, 0x4401, 0x4401, 0x4401, 0x4401, 0x4401,
 0x5483, 0x4c83, 0x4c63, 0x5463, 0x5463, 0x5463, 0x5463, 0x5463, 0x5463, 0x5463, 0x5463, 0x5463, 0x5463, 0x5463, 0x5463, 0x5463,
 0x5463, 0x5463, 0x5463, 0x5463, 0x5464, 0x5464, 0x5463, 0x5463, 0x5463, 0x5463, 0x5463, 0x5463, 0x5463, 0x5463, 0x5463, 0x5463,
 0x5463, 0x5463, 0x5463, 0x4c63, 0x4c63, 0x5463, 0x5463, 0x5463, 0x5463, 0x5463, 0x5463, 0x5463, 0x5463, 0x4c63, 0x5463, 0x4c63,
 0x5463, 0x5463, 0x5463, 0x5463, 0x5463, 0x5463, 0x5463, 0x5463, 0x5463, 0x5463, 0x5463, 0x5463, 0x5463, 0x5463, 0x5463, 0x5463,
 0x5463, 0x4421, 0x4421, 0x4401, 0x4401, 0x4401, 0x4400, 0x4401, 0x4400, 0x4401, 0x4400, 0x4401, 0x4401, 0x4401, 0x4401, 0x4400,
 0x4401, 0x4401, 0x4401, 0x4401, 0x4401, 0x4401, 0x4401, 0x4401, 0x4400, 0x4401, 0x4400, 0x4400, 0x4400, 0x4401, 0x4401, 0x4401,
 0x4401, 0x4401, 0x4401, 0x4401, 0x4401, 0x4401, 0x4401, 0x4401, 0x4401, 0x4401, 0x4401, 0x4401, 0x4401, 0x4401, 0x4401, 0x4401,
 0x4401, 0x4401, 0x4401, 0x4400, 0x4401, 0x4401, 0x4401, 0x4401, 0x4401, 0x4401, 0x4400, 0x4401, 0x4401, 0x4401, 0x4401, 0x4401,
 0x5483, 0x4c63, 0x5483, 0x5463, 0x5463, 0x5483, 0x5483, 0x5463, 0x5463, 0x5463, 0x4c63, 0x5463, 0x4c63, 0x5463, 0x5443, 0x5463,
 0x5463, 0x4c63, 0x5463, 0x5463, 0x5463, 0x5463, 0x5463, 0x5463, 0x5463, 0x5463, 0x5463, 0x5463, 0x5463, 0x5463, 0x4c63, 0x4c43,
 0x5463, 0x4c63, 0x4c63, 0x4c63, 0x4c63, 0x5463, 0x5463, 0x5463, 0x5463, 0x5463, 0x5463, 0x5463, 0x4c63, 0x4c63, 0x5463, 0x4c63,
 0x5463, 0x5463, 0x5463, 0x5463, 0x5463, 0x5463, 0x5463, 0x5463, 0x5463, 0x5463, 0x5463, 0x5463, 0x5463, 0x5463, 0x5463, 0x4c63,
 0x5463, 0x4421, 0x4421, 0x4401, 0x4401, 0x4400, 0x4401, 0x4400, 0x4401, 0x4401, 0x4401, 0x4401, 0x4401, 0x4401, 0x4400, 0x4400,
 0x4401, 0x4401, 0x4401, 0x4400, 0x4401, 0x4401, 0x4401, 0x4401, 0x4400, 0x4401, 0x4400, 0x4400, 0x4400, 0x4401, 0x4401, 0x4401,
 0x4401, 0x4401, 0x4401, 0x4401, 0x4401, 0x4401, 0x4401, 0x4401, 0x4401, 0x4401, 0x4401, 0x4401, 0x4401, 0x4401, 0x4401, 0x4401,
 0x4401, 0x4401, 0x4401, 0x4401, 0x4401, 0x4401, 0x4401, 0x4401, 0x4401, 0x4401, 0x4401, 0x4401, 0x4400, 0x4401, 0x4401, 0x4401,
 0x5463, 0x5463, 0x5463, 0x5463, 0x5463, 0x5463, 0x5463, 0x5463, 0x5463, 0x5463, 0x4c63, 0x5463, 0x5463, 0x5463, 0x5463, 0x5463,
 0x5463, 0x5463, 0x5463, 0x5463, 0x5463, 0x5463, 0x5463, 0x5463, 0x5463, 0x5463, 0x5463, 0x5463, 0x5463, 0x5463, 0x5463, 0x5463,
 0x5463, 0x5463, 0x5463, 0x4c63, 0x5463, 0x5463, 0x5463, 0x5463, 0x5463, 0x5463, 0x5463, 0x5463, 0x5463, 0x4c63, 0x5463, 0x5463,
 0x5463, 0x5463, 0x5463, 0x5463, 0x5463, 0x5463, 0x5463, 0x5463, 0x5463, 0x5463, 0x5463, 0x5463, 0x5463, 0x5463, 0x5463, 0x5463,
 0x5463, 0x4421, 0x4401, 0x4401, 0x4401, 0x4401, 0x4401, 0x4401, 0x4401, 0x4401, 0x4400, 0x4401, 0x4401, 0x4401, 0x4400, 0x4400,
 0x4401, 0x4400, 0x4401, 0x4400, 0x4401, 0x4401, 0x4401, 0x4401, 0x4401, 0x4401, 0x4400, 0x4401, 0x4401, 0x4401, 0x4401, 0x4401,
 0x4401, 0x4401, 0x4401, 0x4401, 0x4401, 0x4401, 0x4401, 0x4401, 0x4401, 0x4401, 0x4400, 0x4401, 0x4401, 0x4401, 0x4401, 0x4400,
 0x4401, 0x4401, 0x4401, 0x4401, 0x4401, 0x4401, 0x4401, 0x4401, 0x4401, 0x4401, 0x4401, 0x4401, 0x4401, 0x4401, 0x4401, 0x43e0,
 0x5483, 0x5483, 0x5483, 0x5483, 0x5483, 0x5463, 0x5463, 0x5463, 0x5463, 0x5463, 0x5463, 0x5463, 0x5463, 0x5483, 0x5463, 0x5463,
 0x5463, 0x5463, 0x5463, 0x5463, 0x5463, 0x5463, 0x5463, 0x5463, 0x5463, 0x5463, 0x5463, 0x5463, 0x4c43, 0x5443, 0x5463, 0x5463,
 0x5463, 0x5463, 0x5463, 0x4c63, 0x5463, 0x5463, 0x5463, 0x5463, 0x5463, 0x5463, 0x5463, 0x5463, 0x4c63, 0x4c63, 0x4c63, 0x5463,
 0x5463, 0x5463, 0x5463, 0x5463, 0x4c63, 0x4c63, 0x5463, 0x5463, 0x5463, 0x5463, 0x5463, 0x5463, 0x5463, 0x5463, 0x4c63, 0x4c43,
 0x4c63, 0x4421, 0x4421, 0x4401, 0x4401, 0x4400, 0x4401, 0x4401, 0x4401, 0x4401, 0x4400, 0x4401, 0x4400, 0x4401, 0x4401, 0x4400,
 0x4401, 0x4401, 0x4401, 0x4400, 0x4401, 0x4401, 0x4401, 0x4401, 0x4401, 0x4401, 0x4401, 0x4401, 0x4401, 0x4401, 0x4400, 0x4400,
 0x4401, 0x4401, 0x4401, 0x4401, 0x4401, 0x4401, 0x4401, 0x4401, 0x4401, 0x4401, 0x4400, 0x4401, 0x4401, 0x4401, 0x4400, 0x4400,
 0x4401, 0x4400, 0x4401, 0x4401, 0x4401, 0x4401, 0x4401, 0x4401, 0x4401, 0x4401, 0x4401, 0x4401, 0x4401, 0x4401, 0x4401, 0x4401,
 0x5483, 0x5463, 0x5483, 0x5463, 0x5463, 0x5463, 0x5463, 0x5463, 0x5463, 0x5463, 0x4c63, 0x5463, 0x5463, 0x5483, 0x5463, 0x5463,
 0x5463, 0x5463, 0x5463, 0x5463, 0x5463, 0x5463, 0x5463, 0x5463, 0x5463, 0x5463, 0x5443, 0x5443, 0x4c43, 0x4c43, 0x5443, 0x5443,
 0x5463, 0x4c63, 0x5463, 0x5463, 0x5463, 0x5463, 0x5463, 0x5463, 0x5463, 0x5463, 0x5463, 0x5463, 0x5463, 0x5463, 0x5463, 0x5463,
 0x5463, 0x5463, 0x5463, 0x5463, 0x5463, 0x4c63, 0x5463, 0x5463, 0x5463, 0x5463, 0x5463, 0x5463, 0x5463, 0x4c63, 0x4c43, 0x4c43,
 0x5463, 0x4421, 0x4400, 0x4400, 0x4401, 0x4401, 0x4400, 0x4401, 0x4401, 0x4401, 0x4400, 0x4400, 0x4400, 0x4401, 0x4401, 0x4401,
 0x4401, 0x4401, 0x4401, 0x4400, 0x4401, 0x4401, 0x4401, 0x4401, 0x4401, 0x4401, 0x4401, 0x4401, 0x4401, 0x4401, 0x4401, 0x4401,
 0x4401, 0x4400, 0x4401, 0x4401, 0x4401, 0x4401, 0x4401, 0x4401, 0x4401, 0x4401, 0x4401, 0x4401, 0x4401, 0x4401, 0x4401, 0x4400,
 0x4401, 0x4401, 0x4401, 0x4401, 0x4401, 0x4401, 0x4401, 0x4401, 0x4401, 0x4401, 0x4401, 0x4401, 0x4401, 0x4401, 0x4401, 0x43e1,
 0x5483, 0x5483, 0x5483, 0x5463, 0x5463, 0x5463, 0x5463, 0x5463, 0x5463, 0x5463, 0x5463, 0x5463, 0x5463, 0x5463, 0x5483, 0x5463,
 0x5463, 0x5463, 0x5463, 0x4c63, 0x5463, 0x5463, 0x5463, 0x5463, 0x5463, 0x5463, 0x5443, 0x5443, 0x5443, 0x5443, 0x5443, 0x5463,
 0x5463, 0x4c63, 0x4c63, 0x5463, 0x5463, 0x5463, 0x5463, 0x5463, 0x5463, 0x5463, 0x5463, 0x5463, 0x5463, 0x5463, 0x5463, 0x5463,
 0x5463, 0x5463, 0x5463, 0x5463, 0x5463, 0x5463, 0x4c63, 0x5463, 0x5463, 0x5463, 0x5463, 0x5463, 0x5463, 0x5463, 0x4c63, 0x4c43,
 0x4c63, 0x4421, 0x4421, 0x4400, 0x4401, 0x4401, 0x4401, 0x4401, 0x4400, 0x4401, 0x4421, 0x4401, 0x4400, 0x4401, 0x4401, 0x4401,
 0x4401, 0x4401, 0x4401, 0x4401, 0x4401, 0x4401, 0x4401, 0x4401, 0x4401, 0x4401, 0x4400, 0x4401, 0x4401, 0x4401, 0x4401, 0x4401,
 0x4401, 0x4401, 0x4401, 0x4401, 0x4401, 0x4401, 0x4401, 0x4401, 0x4401, 0x4401, 0x4401, 0x4401, 0x4401, 0x4401, 0x4401, 0x4400,
 0x4401, 0x4401, 0x4401, 0x4401, 0x4401, 0x4401, 0x4401, 0x4401, 0x4401, 0x4401, 0x4401, 0x4401, 0x4401, 0x4401, 0x4401, 0x4400,
 0x5463, 0x4c63, 0x5463, 0x5463, 0x5463, 0x5463, 0x4c63, 0x5463, 0x5463, 0x5463, 0x5463, 0x5463, 0x5463, 0x5463, 0x5463, 0x5463,
 0x5463, 0x5463, 0x5463, 0x5463, 0x5463, 0x5463, 0x5463, 0x5463, 0x5463, 0x5463, 0x4c43, 0x5443, 0x4c43, 0x4c63, 0x5443, 0x5463,
 0x5463, 0x4c43, 0x5463, 0x5463, 0x5463, 0x5463, 0x5463, 0x5463, 0x5463, 0x5463, 0x5463, 0x5463, 0x5463, 0x5463, 0x5443, 0x5463,
 0x5463, 0x5463, 0x5463, 0x5463, 0x5463, 0x5463, 0x5443, 0x5463, 0x5463, 0x5463, 0x5443, 0x5463, 0x5463, 0x5463, 0x5463, 0x4c43,
 0x5443, 0x4401, 0x4421, 0x4401, 0x4401, 0x4401, 0x4401, 0x4401, 0x4401, 0x4401, 0x4401, 0x4401, 0x4400, 0x4401, 0x4401, 0x4401,
 0x4401, 0x4401, 0x4401, 0x4401, 0x4401, 0x4401, 0x4401, 0x4401, 0x4401, 0x4401, 0x4401, 0x4401, 0x4401, 0x4401, 0x4401, 0x4401,
 0x4401, 0x4401, 0x4401, 0x4401, 0x4401, 0x4401, 0x4401, 0x4401, 0x4400, 0x4401, 0x4401, 0x4401, 0x4401, 0x4401, 0x4401, 0x4401,
 0x4401, 0x4401, 0x4401, 0x4400, 0x4401, 0x4401, 0x4401, 0x4401, 0x4401, 0x4401, 0x4401, 0x4401, 0x4401, 0x4401, 0x4401, 0x43e1,
 0x5463, 0x5463, 0x5463, 0x5463, 0x5463, 0x5463, 0x4c63, 0x5463, 0x5463, 0x5463, 0x5443, 0x5463, 0x5463, 0x5463, 0x5463, 0x5463,
 0x5463, 0x5463, 0x5463, 0x5463, 0x5463, 0x5463, 0x5463, 0x5463, 0x5463, 0x4c63, 0x5463, 0x4c63, 0x5463, 0x4c63, 0x5443, 0x5463,
 0x5463, 0x5463, 0x5463, 0x5463, 0x5463, 0x5463, 0x5463, 0x5463, 0x5463, 0x5463, 0x5463, 0x5463, 0x5463, 0x5463, 0x4c43, 0x5463,
 0x5463, 0x5463, 0x5463, 0x5463, 0x5463, 0x5463, 0x5463, 0x5463, 0x5463, 0x5463, 0x5463, 0x5463, 0x5463, 0x5463, 0x5463, 0x4c43,
 0x5463, 0x4421, 0x4421, 0x4401, 0x4401, 0x4401, 0x4401, 0x4401, 0x4401, 0x4401, 0x4400, 0x4401, 0x4401, 0x4401, 0x4401, 0x4401,
 0x4401, 0x4401, 0x4401, 0x4401, 0x4401, 0x4401, 0x4401, 0x4401, 0x4401, 0x4401, 0x4401, 0x4401, 0x4401, 0x4401, 0x4401, 0x4401,
 0x4401, 0x4401, 0x4401, 0x4401, 0x4401, 0x4401, 0x4401, 0x4401, 0x4401, 0x4401, 0x4400, 0x4401, 0x4401, 0x4401, 0x4401, 0x4401,
 0x4401, 0x4401, 0x4401, 0x4400, 0x4401, 0x4401, 0x4401, 0x4401, 0x4401, 0x4401, 0x4400, 0x4401, 0x4401, 0x4401, 0x4401, 0x4401,
 0x5463, 0x5463, 0x5463, 0x5463, 0x5463, 0x5463, 0x5463, 0x5463, 0x5463, 0x5463, 0x4c43, 0x5443, 0x5443, 0x5463, 0x5443, 0x5463,
 0x5463, 0x5463, 0x5463, 0x5463, 0x5463, 0x5463, 0x5463, 0x5463, 0x5463, 0x5463, 0x5463, 0x5463, 0x5443, 0x5463, 0x4c43, 0x4c43,
 0x5463, 0x4c63, 0x5463, 0x5463, 0x5463, 0x5463, 0x4c43, 0x4c63, 0x4c63, 0x5463, 0x5463, 0x5463, 0x4c63, 0x4c63, 0x4c63, 0x5463,
 0x5463, 0x5463, 0x5463, 0x5463, 0x5463, 0x5463, 0x5463, 0x4c63, 0x4c63, 0x5463, 0x5463, 0x5463, 0x5463, 0x5463, 0x4c63, 0x4c43,
 0x4c63, 0x4401, 0x4421, 0x4401, 0x4401, 0x4401, 0x4401, 0x4401, 0x4401, 0x4401, 0x4401, 0x4401, 0x4401, 0x4401, 0x4401, 0x4401,
 0x4421, 0x4401, 0x4401, 0x4401, 0x4401, 0x4401, 0x4401, 0x4401, 0x4401, 0x4401, 0x4401, 0x4401, 0x4401, 0x4401, 0x4401, 0x4401,
 0x4401, 0x4401, 0x4401, 0x4401, 0x4401, 0x4400, 0x4401, 0x4401, 0x4401, 0x4401, 0x4400, 0x4401, 0x4401, 0x4401, 0x4401, 0x4401,
 0x4401, 0x4401, 0x4401, 0x4400, 0x4401, 0x4401, 0x4401, 0x4401, 0x4401, 0x4401, 0x4400, 0x4401, 0x4401, 0x4401, 0x4401, 0x4401,
 0x5463, 0x5463, 0x5463, 0x5463, 0x5463, 0x5463, 0x5463, 0x5463, 0x5463, 0x5463, 0x5443, 0x5443, 0x5443, 0x5463, 0x5463, 0x5463,
 0x5463, 0x5463, 0x5463, 0x5463, 0x5463, 0x5463, 0x5463, 0x5463, 0x5463, 0x5463, 0x5463, 0x5463, 0x5463, 0x5463, 0x5463, 0x5443,
 0x5463, 0x5463, 0x5463, 0x5463, 0x5463, 0x5463, 0x5463, 0x5463, 0x5463, 0x5463, 0x5463, 0x5463, 0x5463, 0x5463, 0x5463, 0x5463,
 0x5483, 0x5463, 0x5463, 0x5463, 0x5463, 0x5463, 0x5463, 0x5463, 0x5463, 0x5463, 0x5463, 0x5463, 0x5463, 0x5463, 0x5463, 0x5463,
 0x5463, 0x4421, 0x4401, 0x4401, 0x4401, 0x4401, 0x4401, 0x4401, 0x4401, 0x4401, 0x4400, 0x4401, 0x4401, 0x4401, 0x4401, 0x4401,
 0x4401, 0x4401, 0x4401, 0x4401, 0x4401, 0x4401, 0x4401, 0x4401, 0x4401, 0x4401, 0x4401, 0x4401, 0x4401, 0x4401, 0x4401, 0x4401,
 0x4401, 0x4401, 0x4401, 0x4401, 0x4401, 0x4401, 0x4401, 0x4401, 0x4401, 0x4401, 0x4400, 0x4401, 0x4401, 0x4401, 0x4401, 0x4400,
 0x4401, 0x4401, 0x4401, 0x4400, 0x4401, 0x4401, 0x4401, 0x4401, 0x4401, 0x4401, 0x4401, 0x4401, 0x4401, 0x4401, 0x4401, 0x4400,
 0x5483, 0x5463, 0x5463, 0x5463, 0x5463, 0x5463, 0x5463, 0x5463, 0x5463, 0x5463, 0x5443, 0x5443, 0x5463, 0x5463, 0x5463, 0x5463,
 0x5463, 0x5463, 0x5463, 0x5463, 0x5463, 0x5463, 0x5463, 0x5463, 0x5463, 0x5483, 0x5463, 0x5463, 0x4c43, 0x5463, 0x5463, 0x4c43,
 0x5443, 0x5443, 0x5463, 0x4c63, 0x4c63, 0x4c63, 0x5463, 0x5463, 0x4c63, 0x5463, 0x4c43, 0x5463, 0x5463, 0x5463, 0x5463, 0x5463,
 0x5483, 0x5483, 0x5463, 0x5463, 0x5463, 0x5463, 0x5463, 0x5463, 0x5463, 0x5463, 0x5463, 0x5463, 0x5463, 0x5463, 0x5463, 0x5463,
 0x5463, 0x4421, 0x4421, 0x4401, 0x4421, 0x4401, 0x4401, 0x4401, 0x4400, 0x4401, 0x4401, 0x4401, 0x4401, 0x4401, 0x4401, 0x4401,
 0x4401, 0x4401, 0x4421, 0x4401, 0x4401, 0x4401, 0x4401, 0x4401, 0x4401, 0x4401, 0x4401, 0x4401, 0x4401, 0x4401, 0x4401, 0x4401,
 0x4401, 0x4401, 0x4401, 0x4401, 0x4401, 0x4401, 0x4401, 0x4401, 0x4400, 0x4401, 0x4400, 0x4401, 0x4401, 0x4401, 0x4401, 0x4400,
 0x4401, 0x4401, 0x4401, 0x4401, 0x4401, 0x4401, 0x4401, 0x4401, 0x4401, 0x4401, 0x4401, 0x4401, 0x4401, 0x4401, 0x4401, 0x4401,
 0x5483, 0x5463, 0x5463, 0x5463, 0x5463, 0x5463, 0x5463, 0x5463, 0x5463, 0x5463, 0x5463, 0x4c63, 0x5463, 0x5463, 0x5443, 0x5443,
 0x5463, 0x4c63, 0x5463, 0x5463, 0x5463, 0x5463, 0x5463, 0x5463, 0x5463, 0x5463, 0x5463, 0x5463, 0x5443, 0x4c43, 0x5443, 0x5443,
 0x5443, 0x5443, 0x5463, 0x5463, 0x5463, 0x5463, 0x5463, 0x5463, 0x4c63, 0x5463, 0x4c63, 0x5463, 0x5463, 0x5463, 0x5463, 0x5463,
 0x5483, 0x5463, 0x5463, 0x5463, 0x5463, 0x5463, 0x5463, 0x5463, 0x5463, 0x5463, 0x5463, 0x5463, 0x5463, 0x5463, 0x5463, 0x5463,
 0x5463, 0x4401, 0x4401, 0x4401, 0x4401, 0x4401, 0x4401, 0x4401, 0x4400, 0x4401, 0x4401, 0x4401, 0x4401, 0x4401, 0x4401, 0x4401,
 0x4401, 0x4401, 0x4401, 0x4401, 0x4401, 0x4401, 0x4401, 0x4401, 0x4401, 0x4401, 0x4400, 0x4401, 0x4401, 0x4401, 0x4401, 0x4401,
 0x4401, 0x4401, 0x4401, 0x4401, 0x4401, 0x4401, 0x4401, 0x4401, 0x4400, 0x4401, 0x4400, 0x4401, 0x4401, 0x4401, 0x4401, 0x4401,
 0x4401, 0x4400, 0x4401, 0x4401, 0x4401, 0x4401, 0x4401, 0x4401, 0x4401, 0x4401, 0x4401, 0x4401, 0x4401, 0x4401, 0x4401, 0x4401,
 0x5483, 0x5463, 0x5463, 0x5463, 0x5463, 0x5463, 0x5463, 0x5463, 0x5463, 0x5463, 0x5463, 0x4c63, 0x5463, 0x4c43, 0x5463, 0x5463,
 0x5463, 0x5463, 0x5463, 0x5463, 0x5463, 0x5463, 0x5463, 0x5463, 0x5463, 0x5463, 0x5463, 0x5463, 0x5463, 0x4c63, 0x5463, 0x5463,
 0x5463, 0x5463, 0x5463, 0x5463, 0x5463, 0x5463, 0x4c63, 0x5463, 0x4c63, 0x5463, 0x5463, 0x5463, 0x5463, 0x5463, 0x5463, 0x5463,
 0x5463, 0x5463, 0x5463, 0x5463, 0x5463, 0x5463, 0x5463, 0x5463, 0x5463, 0x5463, 0x5463, 0x5463, 0x5463, 0x5463, 0x5463, 0x5463,
 0x5463, 0x4421, 0x4421, 0x4421, 0x4401, 0x4401, 0x4401, 0x4401, 0x4401, 0x4401, 0x4401, 0x4401, 0x4421, 0x4421, 0x4421, 0x4401,
 0x4401, 0x4401, 0x4401, 0x4401, 0x4401, 0x4401, 0x4401, 0x4401, 0x4401, 0x4401, 0x4400, 0x4401, 0x4401, 0x4401, 0x4401, 0x4401,
 0x4401, 0x4400, 0x4401, 0x4421, 0x4401, 0x4401, 0x4401, 0x4401, 0x4401, 0x4401, 0x4400, 0x4401, 0x4401, 0x4401, 0x4401, 0x4401,
 0x4401, 0x4400, 0x4401, 0x4401, 0x4401, 0x4401, 0x4401, 0x4401, 0x4401, 0x4401, 0x4401, 0x4401, 0x4401, 0x4401, 0x4401, 0x4401,
 0x5483, 0x5463, 0x5463, 0x5463, 0x5463, 0x5463, 0x5463, 0x5463, 0x5463, 0x5463, 0x5443, 0x5463, 0x5463, 0x5463, 0x5463, 0x5463,
 0x5463, 0x5463, 0x5463, 0x5463, 0x5463, 0x5463, 0x5463, 0x5463, 0x5463, 0x5463, 0x5463, 0x5463, 0x4c43, 0x5463, 0x5463, 0x5463,
 0x5463, 0x5463, 0x5463, 0x5463, 0x5463, 0x5463, 0x4c63, 0x4c63, 0x5463, 0x5463, 0x5463, 0x5463, 0x5463, 0x5463, 0x5463, 0x5463,
 0x5463, 0x5463, 0x5463, 0x5463, 0x5463, 0x5463, 0x5463, 0x5463, 0x5463, 0x5463, 0x5463, 0x5463, 0x5463, 0x5463, 0x5463, 0x5463,
 0x5463, 0x4421, 0x4421, 0x4401, 0x4401, 0x4401, 0x4401, 0x4401, 0x4401, 0x4401, 0x4401, 0x4401, 0x4401, 0x4401, 0x4401, 0x4401,
 0x4401, 0x4401, 0x4401, 0x4401, 0x4401, 0x4401, 0x4401, 0x4401, 0x4401, 0x4401, 0x4400, 0x4401, 0x4401, 0x4401, 0x4401, 0x4401,
 0x4401, 0x4400, 0x4401, 0x4401, 0x4401, 0x4401, 0x4401, 0x4401, 0x4401, 0x4401, 0x43e1, 0x4400, 0x4400, 0x4401, 0x4401, 0x4401,
 0x4401, 0x4401, 0x4401, 0x4401, 0x4401, 0x4401, 0x4401, 0x4401, 0x4401, 0x4421, 0x4401, 0x4401, 0x4401, 0x4401, 0x4401, 0x4400,
 0x5483, 0x5483, 0x5463, 0x5463, 0x5463, 0x5463, 0x5463, 0x5463, 0x5463, 0x5463, 0x5463, 0x5463, 0x5463, 0x5463, 0x5463, 0x5463,
 0x5463, 0x5463, 0x5463, 0x5463, 0x5463, 0x5463, 0x5463, 0x5464, 0x5463, 0x5463, 0x5463, 0x5463, 0x5463, 0x5463, 0x5463, 0x5463,
 0x5463, 0x5463, 0x5463, 0x5463, 0x5463, 0x5463, 0x4c63, 0x5463, 0x5463, 0x5463, 0x5463, 0x5463, 0x5463, 0x5463, 0x5463, 0x5463,
 0x5463, 0x5463, 0x5463, 0x5463, 0x5463, 0x5463, 0x5463, 0x5463, 0x5463, 0x5463, 0x5463, 0x5463, 0x5463, 0x5463, 0x5463, 0x5463,
 0x5463, 0x4421, 0x4401, 0x4421, 0x4401, 0x4401, 0x4401, 0x4401, 0x4401, 0x4401, 0x4401, 0x4401, 0x4401, 0x4401, 0x4401, 0x4401,
 0x4401, 0x4400, 0x4401, 0x4401, 0x4401, 0x4401, 0x4401, 0x4401, 0x4401, 0x4401, 0x4400, 0x4401, 0x4401, 0x4401, 0x4401, 0x4401,
 0x4401, 0x4401, 0x4401, 0x4401, 0x4401, 0x4401, 0x4401, 0x4401, 0x4401, 0x4401, 0x4401, 0x4401, 0x4400, 0x4401, 0x4401, 0x4401,
 0x4401, 0x4401, 0x4401, 0x4401, 0x4401, 0x4401, 0x4401, 0x4401, 0x4401, 0x4401, 0x4400, 0x4401, 0x4401, 0x4401, 0x4401, 0x4400,
 0x5483, 0x5463, 0x5463, 0x5463, 0x5463, 0x5463, 0x5463, 0x5463, 0x4c63, 0x5463, 0x5463, 0x5463, 0x5463, 0x5463, 0x5463, 0x5463,
 0x5463, 0x4c63, 0x5463, 0x5463, 0x5463, 0x5463, 0x5464, 0x5463, 0x5463, 0x5463, 0x4c43, 0x5463, 0x4c63, 0x5463, 0x5463, 0x5463,
 0x5463, 0x5463, 0x5463, 0x5463, 0x5463, 0x4c63, 0x4c63, 0x5463, 0x5463, 0x5463, 0x5463, 0x5463, 0x5463, 0x5463, 0x4c43, 0x5463,
 0x5463, 0x5463, 0x5463, 0x5463, 0x5463, 0x5463, 0x5463, 0x5463, 0x5463, 0x5463, 0x4c63, 0x5463, 0x5463, 0x5463, 0x5463, 0x4c63,
 0x5463, 0x4401, 0x4401, 0x4401, 0x4421, 0x4401, 0x4401, 0x4401, 0x4401, 0x4401, 0x4401, 0x4401, 0x4401, 0x4401, 0x4401, 0x4401,
 0x4401, 0x4401, 0x4401, 0x4401, 0x4401, 0x4401, 0x4401, 0x4401, 0x4401, 0x4400, 0x4400, 0x4401, 0x4400, 0x4401, 0x4401, 0x4401,
 0x4401, 0x4401, 0x4401, 0x4401, 0x4401, 0x4400, 0x4401, 0x4401, 0x4401, 0x4401, 0x4401, 0x4401, 0x4400, 0x4401, 0x4401, 0x4401,
 0x4401, 0x4401, 0x4401, 0x4400, 0x4401, 0x4401, 0x4401, 0x4401, 0x4401, 0x4401, 0x4401, 0x4401, 0x4400, 0x4401, 0x4401, 0x4400,
 0x4c63, 0x4c63, 0x5463, 0x5463, 0x5463, 0x5463, 0x5463, 0x5463, 0x5463, 0x5463, 0x5463, 0x5463, 0x5463, 0x5463, 0x5463, 0x5463,
 0x5463, 0x5463, 0x5463, 0x5463, 0x5463, 0x5463, 0x5463, 0x5463, 0x5463, 0x5463, 0x5463, 0x4c63, 0x5463, 0x5463, 0x5463, 0x5463,
 0x5463, 0x5463, 0x5463, 0x5463, 0x4c63, 0x5463, 0x4c63, 0x5463, 0x5463, 0x5463, 0x5463, 0x5463, 0x5463, 0x5463, 0x5443, 0x5463,
 0x5463, 0x5463, 0x5463, 0x5463, 0x5463, 0x5463, 0x5463, 0x5463, 0x5463, 0x5463, 0x5463, 0x5463, 0x5463, 0x5463, 0x5463, 0x4c63,
 0x5463, 0x4421, 0x4401, 0x4401, 0x4401, 0x4401, 0x4401, 0x4401, 0x4401, 0x4401, 0x4401, 0x4401, 0x4401, 0x4401, 0x4401, 0x4401,
 0x4401, 0x4400, 0x4401, 0x4401, 0x4401, 0x4401, 0x4401, 0x4401, 0x4401, 0x4401, 0x4400, 0x4401, 0x4401, 0x4401, 0x4401, 0x4401,
 0x4401, 0x4401, 0x4401, 0x4401, 0x4401, 0x4401, 0x4401, 0x4401, 0x4401, 0x4401, 0x4400, 0x4401, 0x4401, 0x4401, 0x4401, 0x4400,
 0x4401, 0x4401, 0x4401, 0x4400, 0x4401, 0x4401, 0x4401, 0x4401, 0x4400, 0x4401, 0x4400, 0x4401, 0x4401, 0x4401, 0x4401, 0x4401,
 0x4c42, 0x4c62, 0x4c63, 0x4c63, 0x5463, 0x5463, 0x5463, 0x5463, 0x5463, 0x5463, 0x5463, 0x5463, 0x5463, 0x5463, 0x5463, 0x5463,
 0x5463, 0x4c63, 0x5463, 0x5463, 0x5463, 0x5463, 0x4c63, 0x5463, 0x5463, 0x5463, 0x4c63, 0x4c63, 0x4c63, 0x5463, 0x5463, 0x5463,
 0x5463, 0x4c63, 0x5463, 0x5463, 0x4c63, 0x4c63, 0x5463, 0x5463, 0x5463, 0x5463, 0x5463, 0x5463, 0x5463, 0x5463, 0x5463, 0x5463,
 0x5463, 0x5463, 0x5463, 0x5463, 0x5463, 0x5463, 0x5463, 0x5463, 0x5463, 0x5463, 0x4c63, 0x4c63, 0x5463, 0x5463, 0x5463, 0x5463,
 0x4c63, 0x4401, 0x4421, 0x4400, 0x4401, 0x4401, 0x4401, 0x4401, 0x4400, 0x4401, 0x4401, 0x4401, 0x4401, 0x4401, 0x4401, 0x4401,
 0x4401, 0x4401, 0x4401, 0x4401, 0x4401, 0x4401, 0x4401, 0x4401, 0x4400, 0x4401, 0x4401, 0x4401, 0x4401, 0x4401, 0x4401, 0x4401,
 0x4401, 0x4401, 0x4401, 0x4401, 0x4401, 0x4401, 0x4401, 0x4401, 0x4401, 0x4401, 0x4400, 0x4401, 0x4401, 0x4401, 0x4401, 0x4400,
 0x4401, 0x4401, 0x4401, 0x4400, 0x4400, 0x4401, 0x4401, 0x4401, 0x4401, 0x4401, 0x4400, 0x4400, 0x4401, 0x4401, 0x4401, 0x4401,
 0x4421, 0x4c42, 0x4c43, 0x4c43, 0x5463, 0x5463, 0x5463, 0x5463, 0x4c63, 0x5463, 0x5463, 0x5463, 0x5463, 0x5463, 0x5463, 0x5463,
 0x5463, 0x5463, 0x5463, 0x5463, 0x5463, 0x5463, 0x4c63, 0x5463, 0x4c63, 0x5463, 0x4c43, 0x4c63, 0x4c43, 0x5463, 0x5463, 0x5463,
 0x5463, 0x4c63, 0x4c63, 0x4c63, 0x4c63, 0x4c63, 0x5463, 0x5463, 0x5463, 0x5463, 0x5463, 0x4c63, 0x5463, 0x5463, 0x5463, 0x5463,
 0x5463, 0x5463, 0x5463, 0x5463, 0x5463, 0x5463, 0x5463, 0x5463, 0x5463, 0x5463, 0x5463, 0x5463, 0x5463, 0x5463, 0x5463, 0x4c43,
 0x5463, 0x4401, 0x4401, 0x4401, 0x4401, 0x4401, 0x4401, 0x4401, 0x4400, 0x4401, 0x4401, 0x4401, 0x4401, 0x4401, 0x4401, 0x4401,
 0x4401, 0x4400, 0x4401, 0x4401, 0x4401, 0x4401, 0x4401, 0x4401, 0x4401, 0x4401, 0x4400, 0x4401, 0x4401, 0x4401, 0x4401, 0x4401,
 0x4401, 0x4400, 0x4401, 0x4401, 0x4401, 0x4401, 0x4401, 0x4401, 0x4400, 0x4401, 0x4401, 0x4401, 0x4401, 0x4401, 0x4401, 0x4401,
 0x4401, 0x4400, 0x4401, 0x4400, 0x4401, 0x4401, 0x4401, 0x4401, 0x4401, 0x4401, 0x4401, 0x4401, 0x4401, 0x4401, 0x4401, 0x4422,
 0x4421, 0x4421, 0x4c43, 0x4c43, 0x5463, 0x5463, 0x5463, 0x5463, 0x5463, 0x5463, 0x5463, 0x5463, 0x5463, 0x5463, 0x5463, 0x5463,
 0x5463, 0x5463, 0x5463, 0x5463, 0x5463, 0x5463, 0x4c63, 0x4c63, 0x4c63, 0x5463, 0x4c63, 0x4c63, 0x4c63, 0x5463, 0x4c43, 0x4c63,
 0x5463, 0x5463, 0x4c63, 0x4c63, 0x4c63, 0x5463, 0x5463, 0x5463, 0x4c63, 0x5463, 0x5463, 0x4c63, 0x4c43, 0x4c43, 0x5463, 0x5463,
 0x5463, 0x5463, 0x4c63, 0x5463, 0x5463, 0x5463, 0x5463, 0x5463, 0x5463, 0x5463, 0x5463, 0x5463, 0x5463, 0x4c63, 0x4c63, 0x4c63,
 0x5463, 0x4421, 0x4421, 0x4421, 0x4421, 0x4420, 0x4421, 0x4401, 0x4401, 0x4401, 0x4400, 0x4401, 0x4401, 0x4401, 0x4401, 0x4401,
 0x4401, 0x4401, 0x4401, 0x4401, 0x4400, 0x4400, 0x4400, 0x4401, 0x4401, 0x4401, 0x4401, 0x4401, 0x4400, 0x4400, 0x4401, 0x4400,
 0x4401, 0x4400, 0x4401, 0x4401, 0x4401, 0x4401, 0x4401, 0x4401, 0x4400, 0x4401, 0x4401, 0x4401, 0x4401, 0x4401, 0x4401, 0x4400,
 0x4401, 0x4400, 0x4401, 0x4400, 0x4401, 0x4401, 0x4401, 0x4401, 0x4400, 0x4401, 0x4400, 0x4421, 0x4401, 0x4401, 0x4422, 0x4c43,
 0x4421, 0x4420, 0x4421, 0x4c43, 0x5463, 0x5463, 0x5463, 0x5463, 0x5463, 0x5463, 0x5463, 0x5463, 0x5463, 0x5463, 0x5463, 0x5463,
 0x5463, 0x4c63, 0x5463, 0x5463, 0x5463, 0x5463, 0x4c63, 0x5463, 0x4c63, 0x5463, 0x5463, 0x5463, 0x4c63, 0x5443, 0x5443, 0x5463,
 0x5463, 0x5463, 0x5483, 0x4c63, 0x5463, 0x5463, 0x5463, 0x5463, 0x4c63, 0x5463, 0x5443, 0x5463, 0x5463, 0x5463, 0x5463, 0x5463,
 0x5463, 0x5463, 0x5463, 0x4c63, 0x4c63, 0x5463, 0x4c63, 0x5463, 0x4c63, 0x5463, 0x5463, 0x5463, 0x5463, 0x5463, 0x4c63, 0x4c43,
 0x5463, 0x4421, 0x4421, 0x4401, 0x4401, 0x4401, 0x4401, 0x4401, 0x4401, 0x4401, 0x4400, 0x4400, 0x4400, 0x4401, 0x4400, 0x4400,
 0x4401, 0x4401, 0x4401, 0x4401, 0x4401, 0x4400, 0x4401, 0x4401, 0x4401, 0x4401, 0x4401, 0x4401, 0x4400, 0x4400, 0x4401, 0x4400,
 0x4401, 0x4400, 0x4401, 0x4401, 0x4401, 0x4401, 0x4401, 0x4401, 0x4400, 0x4401, 0x4401, 0x4401, 0x4401, 0x4400, 0x4401, 0x4401,
 0x4401, 0x4400, 0x4401, 0x4400, 0x4401, 0x4401, 0x4400, 0x4400, 0x4400, 0x4401, 0x4401, 0x4401, 0x4401, 0x4401, 0x4c43, 0x5463,
 0x4421, 0x4421, 0x4421, 0x4c42, 0x4c63, 0x5463, 0x5463, 0x4c63, 0x4c63, 0x5463, 0x5463, 0x5463, 0x5463, 0x5463, 0x4c63, 0x4c63,
 0x5463, 0x5463, 0x5463, 0x5463, 0x5463, 0x5463, 0x5463, 0x4c63, 0x4c63, 0x5463, 0x5463, 0x5463, 0x5463, 0x4c63, 0x4c63, 0x5463,
 0x5463, 0x5483, 0x5483, 0x5463, 0x5463, 0x5463, 0x5463, 0x5463, 0x5463, 0x5463, 0x5463, 0x5463, 0x5463, 0x5463, 0x5463, 0x5463,
 0x5463, 0x5463, 0x5463, 0x5463, 0x5463, 0x5463, 0x4c63, 0x4c63, 0x5463, 0x5463, 0x4c63, 0x4c63, 0x5463, 0x5463, 0x5463, 0x4c63,
 0x5463, 0x4421, 0x4401, 0x4420, 0x4401, 0x4421, 0x4401, 0x4421, 0x4421, 0x4401, 0x4400, 0x4401, 0x4400, 0x4400, 0x4401, 0x4401,
 0x4401, 0x4401, 0x4401, 0x4401, 0x4401, 0x4401, 0x4401, 0x4401, 0x4400, 0x4401, 0x4401, 0x4401, 0x4400, 0x4400, 0x4401, 0x4401,
 0x4401, 0x4400, 0x4401, 0x4401, 0x4401, 0x4401, 0x4401, 0x4401, 0x4400, 0x4401, 0x4400, 0x4401, 0x4401, 0x4401, 0x4401, 0x4401,
 0x4401, 0x4400, 0x4401, 0x4400, 0x4401, 0x4401, 0x4420, 0x4401, 0x4400, 0x4401, 0x4401, 0x4401, 0x4421, 0x4c42, 0x4c63, 0x4c63,
 0x4421, 0x4421, 0x4421, 0x4421, 0x4c42, 0x4c43, 0x5463, 0x4c63, 0x4c43, 0x4c63, 0x4c63, 0x5463, 0x5463, 0x5463, 0x4c63, 0x4c63,
 0x5463, 0x4c63, 0x5463, 0x5463, 0x5463, 0x5463, 0x5463, 0x4c63, 0x4c63, 0x5463, 0x5463, 0x5463, 0x4c63, 0x5463, 0x4c63, 0x5463,
 0x5463, 0x4c63, 0x5483, 0x5463, 0x5463, 0x4c63, 0x5463, 0x4c63, 0x5463, 0x5463, 0x5463, 0x5463, 0x4c63, 0x5463, 0x5463, 0x5463,
 0x5463, 0x5463, 0x5463, 0x5463, 0x5463, 0x5463, 0x4c63, 0x4c63, 0x4c63, 0x5463, 0x4c43, 0x4c63, 0x4c63, 0x4c63, 0x4c43, 0x4c43,
 0x5463, 0x4401, 0x4401, 0x4401, 0x4401, 0x4401, 0x4401, 0x4421, 0x4401, 0x4401, 0x4401, 0x4401, 0x4401, 0x4401, 0x4401, 0x4401,
 0x4401, 0x4401, 0x4401, 0x4401, 0x4401, 0x4401, 0x4401, 0x4401, 0x4401, 0x4401, 0x4401, 0x4401, 0x4400, 0x4400, 0x4401, 0x4401,
 0x4401, 0x4401, 0x4401, 0x4401, 0x4401, 0x4401, 0x4401, 0x4401, 0x4401, 0x4401, 0x4401, 0x4401, 0x4401, 0x4401, 0x4401, 0x4401,
 0x4401, 0x4400, 0x4400, 0x4400, 0x4401, 0x4401, 0x4401, 0x4401, 0x4401, 0x4421, 0x4401, 0x4421, 0x4c22, 0x4c63, 0x4c63, 0x4c43,
 0x4421, 0x4421, 0x4421, 0x4421, 0x4421, 0x4c43, 0x5463, 0x5463, 0x4c63, 0x4c63, 0x5463, 0x5463, 0x5463, 0x5463, 0x5463, 0x5463,
 0x5463, 0x5463, 0x4c63, 0x5463, 0x5463, 0x5463, 0x4c63, 0x4c63, 0x4c63, 0x5463, 0x5463, 0x5463, 0x5463, 0x5463, 0x5463, 0x5463,
 0x5463, 0x5463, 0x5463, 0x5463, 0x5463, 0x5463, 0x4c63, 0x5463, 0x5463, 0x5463, 0x5463, 0x4c63, 0x4c63, 0x4c63, 0x5463, 0x4c63,
 0x5463, 0x5463, 0x5463, 0x5463, 0x5463, 0x5463, 0x5463, 0x5463, 0x5463, 0x4c63, 0x4c63, 0x4c63, 0x4c63, 0x4c43, 0x4c43, 0x4c43,
 0x5463, 0x4421, 0x4401, 0x4401, 0x4401, 0x4401, 0x4401, 0x4421, 0x4401, 0x4401, 0x4401, 0x4401, 0x4401, 0x4401, 0x4401, 0x4401,
 0x4401, 0x4401, 0x4401, 0x4401, 0x4401, 0x4401, 0x4400, 0x4401, 0x4401, 0x4401, 0x4400, 0x4401, 0x4401, 0x4401, 0x4401, 0x4401,
 0x4401, 0x4401, 0x4401, 0x4400, 0x4401, 0x4401, 0x4401, 0x4401, 0x4400, 0x4401, 0x4401, 0x4401, 0x4401, 0x4401, 0x4401, 0x4401,
 0x4401, 0x4400, 0x4401, 0x4401, 0x4421, 0x4401, 0x4401, 0x4401, 0x4421, 0x4421, 0x4421, 0x4422, 0x5463, 0x5463, 0x4c63, 0x4c43,
 0x4441, 0x4421, 0x4421, 0x4421, 0x4421, 0x4421, 0x4c63, 0x4c63, 0x5463, 0x5463, 0x5463, 0x5463, 0x5463, 0x5463, 0x5463, 0x5463,
 0x5463, 0x5463, 0x5463, 0x4c63, 0x5463, 0x4c63, 0x4c63, 0x5463, 0x5463, 0x5463, 0x5463, 0x5463, 0x5463, 0x5463, 0x4c63, 0x5463,
 0x5463, 0x5463, 0x5463, 0x5463, 0x5463, 0x4c63, 0x4c63, 0x5463, 0x5463, 0x5463, 0x4c63, 0x5463, 0x5463, 0x5463, 0x5463, 0x4c63,
 0x5463, 0x5463, 0x5463, 0x5463, 0x5463, 0x5463, 0x5463, 0x5463, 0x5463, 0x5463, 0x4c63, 0x4c63, 0x4c43, 0x4c43, 0x4c43, 0x4c43,
 0x5463, 0x4421, 0x4421, 0x4401, 0x4421, 0x4401, 0x4421, 0x4421, 0x4421, 0x4421, 0x4401, 0x4401, 0x4401, 0x4421, 0x4401, 0x4401,
 0x4401, 0x4401, 0x4421, 0x4421, 0x4421, 0x4401, 0x4401, 0x4401, 0x4401, 0x4401, 0x4401, 0x4401, 0x4401, 0x4401, 0x4401, 0x4401,
 0x4401, 0x4401, 0x4401, 0x4401, 0x4401, 0x4401, 0x4401, 0x4401, 0x4401, 0x4401, 0x4401, 0x4401, 0x4400, 0x4401, 0x4401, 0x4401,
 0x4401, 0x4401, 0x4421, 0x4401, 0x4421, 0x4400, 0x4401, 0x4421, 0x4421, 0x4421, 0x4422, 0x5463, 0x5463, 0x5463, 0x4c63, 0x4c43,
 0x4441, 0x4421, 0x4421, 0x4421, 0x4421, 0x4421, 0x4c22, 0x5463, 0x5463, 0x5463, 0x5463, 0x5463, 0x5463, 0x5463, 0x5463, 0x5463,
 0x5463, 0x5463, 0x5463, 0x5463, 0x5463, 0x5463, 0x5463, 0x5463, 0x5463, 0x5463, 0x5463, 0x5463, 0x5463, 0x5463, 0x5463, 0x5463,
 0x5463, 0x5463, 0x5463, 0x5463, 0x5463, 0x5463, 0x5463, 0x5463, 0x5463, 0x5463, 0x5463, 0x5463, 0x5463, 0x4c43, 0x4c63, 0x4c63,
 0x5463, 0x5463, 0x5463, 0x5463, 0x5463, 0x5463, 0x5463, 0x5463, 0x4c63, 0x4c63, 0x4c63, 0x4c63, 0x4c63, 0x4c63, 0x4c63, 0x4c43,
 0x4c43, 0x4421, 0x4421, 0x4421, 0x4401, 0x4401, 0x4401, 0x4421, 0x4401, 0x4421, 0x4401, 0x4401, 0x4401, 0x4401, 0x4401, 0x4400,
 0x4401, 0x4400, 0x4401, 0x4401, 0x4421, 0x4401, 0x4401, 0x4401, 0x4401, 0x4401, 0x4401, 0x4401, 0x4401, 0x4401, 0x4401, 0x4400,
 0x4401, 0x4401, 0x4401, 0x4401, 0x4401, 0x4401, 0x4401, 0x4401, 0x4401, 0x4401, 0x4400, 0x4401, 0x4401, 0x4401, 0x4401, 0x4401,
 0x4401, 0x4400, 0x4421, 0x4401, 0x4401, 0x4401, 0x4401, 0x4421, 0x4421, 0x4421, 0x4c43, 0x5463, 0x5463, 0x5463, 0x5463, 0x4c43,
 0x4441, 0x4441, 0x4421, 0x4421, 0x4421, 0x4420, 0x4401, 0x4c42, 0x4c63, 0x4c63, 0x4c63, 0x4c63, 0x5463, 0x4c63, 0x5463, 0x4c63,
 0x4c63, 0x5463, 0x5483, 0x5463, 0x5463, 0x5463, 0x5483, 0x5463, 0x4c63, 0x4c63, 0x5463, 0x4c63, 0x4c63, 0x4c63, 0x4c63, 0x4c63,
 0x4c63, 0x4c63, 0x4c63, 0x4c63, 0x5463, 0x5463, 0x5463, 0x5463, 0x5463, 0x5463, 0x5463, 0x5463, 0x5463, 0x4c43, 0x4c43, 0x4c43,
 0x4c63, 0x4c63, 0x4c63, 0x4c63, 0x5463, 0x5463, 0x5463, 0x5463, 0x5463, 0x5463, 0x4c63, 0x4c63, 0x5463, 0x5463, 0x4c63, 0x4c63,
 0x4c63, 0x4421, 0x4421, 0x4421, 0x4421, 0x4401, 0x4401, 0x4421, 0x4401, 0x4401, 0x4401, 0x4421, 0x4401, 0x4401, 0x4400, 0x4401,
 0x4401, 0x4400, 0x4400, 0x4401, 0x4421, 0x4401, 0x4401, 0x4401, 0x4401, 0x4401, 0x4401, 0x4401, 0x4401, 0x4401, 0x4401, 0x4401,
 0x4401, 0x4401, 0x4401, 0x4401, 0x4401, 0x4401, 0x4401, 0x4401, 0x4401, 0x4401, 0x4401, 0x4401, 0x4401, 0x4401, 0x4401, 0x4401,
 0x4400, 0x4400, 0x4421, 0x4401, 0x4421, 0x4421, 0x4421, 0x4421, 0x4421, 0x4c43, 0x5463, 0x5463, 0x5463, 0x5463, 0x4c63, 0x4c43,
 0x4421, 0x4420, 0x4421, 0x4421, 0x4421, 0x4420, 0x4420, 0x4421, 0x4c42, 0x4c63, 0x4c43, 0x4c63, 0x5463, 0x5463, 0x5463, 0x4c63,
 0x4c63, 0x4c63, 0x5463, 0x5463, 0x5483, 0x5463, 0x5463, 0x5463, 0x4c63, 0x5463, 0x5463, 0x5463, 0x5463, 0x4c63, 0x4c63, 0x4c63,
 0x4c63, 0x4c43, 0x4c63, 0x5463, 0x5463, 0x5463, 0x5463, 0x5463, 0x5463, 0x5463, 0x5463, 0x5463, 0x5463, 0x5463, 0x4c43, 0x4c43,
 0x4c63, 0x4c63, 0x5463, 0x5463, 0x5463, 0x4c63, 0x5463, 0x5463, 0x5463, 0x5463, 0x4c63, 0x4c63, 0x5463, 0x5463, 0x4c63, 0x5443,
 0x5443, 0x4401, 0x4421, 0x4421, 0x4401, 0x4401, 0x4401, 0x4401, 0x4401, 0x4401, 0x4401, 0x4401, 0x4401, 0x4401, 0x4400, 0x4400,
 0x4401, 0x4401, 0x4401, 0x4400, 0x4421, 0x4401, 0x4401, 0x4401, 0x4400, 0x4401, 0x4401, 0x4401, 0x4401, 0x4401, 0x4401, 0x4401,
 0x4401, 0x4401, 0x4401, 0x4400, 0x4400, 0x4400, 0x4401, 0x4401, 0x4401, 0x4401, 0x4400, 0x4401, 0x4401, 0x4401, 0x4400, 0x4400,
 0x4401, 0x4401, 0x4401, 0x4401, 0x4401, 0x4421, 0x4401, 0x4401, 0x4c42, 0x5463, 0x5463, 0x5463, 0x5463, 0x5463, 0x4c63, 0x4c43,
 0x4421, 0x4421, 0x4421, 0x4421, 0x4421, 0x4421, 0x4420, 0x4421, 0x4421, 0x4c43, 0x4c63, 0x4c63, 0x5463, 0x5463, 0x4c63, 0x4c63,
 0x4c63, 0x5463, 0x4c63, 0x5483, 0x5483, 0x5463, 0x5463, 0x4c63, 0x4c63, 0x4c63, 0x5463, 0x5463, 0x4c63, 0x4c63, 0x5463, 0x4c63,
 0x4c63, 0x4c63, 0x4c63, 0x5463, 0x5463, 0x5463, 0x5463, 0x4c63, 0x4c63, 0x4c63, 0x4c63, 0x4c63, 0x4c63, 0x4c63, 0x4c63, 0x4c63,
 0x4c63, 0x4c63, 0x4c63, 0x4c63, 0x5463, 0x5463, 0x5463, 0x5463, 0x5463, 0x5463, 0x5463, 0x4c63, 0x5463, 0x5463, 0x4c63, 0x4c43,
 0x4c43, 0x4421, 0x4421, 0x4421, 0x4421, 0x4421, 0x4401, 0x4421, 0x4401, 0x4401, 0x4401, 0x4401, 0x4400, 0x4401, 0x4401, 0x4401,
 0x4401, 0x4421, 0x4401, 0x4400, 0x4400, 0x4401, 0x4401, 0x4401, 0x4401, 0x4401, 0x4401, 0x4401, 0x4400, 0x4401, 0x4401, 0x4401,
 0x4401, 0x4401, 0x4401, 0x4401, 0x4401, 0x4401, 0x4401, 0x4401, 0x4400, 0x4401, 0x4400, 0x4401, 0x4401, 0x4401, 0x4401, 0x4400,
 0x4401, 0x4401, 0x4421, 0x4421, 0x4421, 0x4421, 0x4421, 0x4c42, 0x4c63, 0x5463, 0x5463, 0x5463, 0x5463, 0x5463, 0x4c63, 0x4c63,
 0x4421, 0x4420, 0x4421, 0x4420, 0x4421, 0x4421, 0x4421, 0x4421, 0x4401, 0x4422, 0x4c43, 0x4c63, 0x4c63, 0x5463, 0x5463, 0x4c63,
 0x4c63, 0x4c63, 0x4c63, 0x4c63, 0x5463, 0x5463, 0x5463, 0x5463, 0x5463, 0x5463, 0x4c63, 0x5463, 0x4c63, 0x4c63, 0x4c63, 0x4c63,
 0x4c63, 0x4c63, 0x5463, 0x4c63, 0x5463, 0x5463, 0x5463, 0x5463, 0x5463, 0x5463, 0x4c63, 0x5463, 0x4c63, 0x4c63, 0x4c63, 0x4c63,
 0x5463, 0x4c63, 0x4c63, 0x4c63, 0x5463, 0x5463, 0x5463, 0x5463, 0x5463, 0x5463, 0x5463, 0x5463, 0x5463, 0x5463, 0x4c63, 0x4c43,
 0x5463, 0x4421, 0x4421, 0x4421, 0x4421, 0x4401, 0x4421, 0x4421, 0x4401, 0x4421, 0x4400, 0x4401, 0x4400, 0x4401, 0x4401, 0x4401,
 0x4401, 0x4401, 0x4401, 0x4400, 0x4400, 0x4401, 0x4401, 0x4401, 0x4401, 0x4401, 0x4401, 0x4401, 0x4401, 0x4401, 0x4400, 0x4401,
 0x4401, 0x4401, 0x4401, 0x4401, 0x4401, 0x4401, 0x4401, 0x4401, 0x4400, 0x4400, 0x4400, 0x4401, 0x4401, 0x4401, 0x4401, 0x4400,
 0x4401, 0x4401, 0x4421, 0x4421, 0x4421, 0x4421, 0x4421, 0x4c43, 0x4c63, 0x5463, 0x5463, 0x5463, 0x5463, 0x5463, 0x4c63, 0x4c63,
 0x4421, 0x4420, 0x4421, 0x4420, 0x4420, 0x4421, 0x4421, 0x4421, 0x4401, 0x4401, 0x4c22, 0x4c63, 0x4c63, 0x5463, 0x5463, 0x5463,
 0x5463, 0x4c63, 0x4c63, 0x5463, 0x5463, 0x5463, 0x4c63, 0x5463, 0x5463, 0x5463, 0x5463, 0x4c63, 0x5463, 0x4c63, 0x5463, 0x4c63,
 0x4c63, 0x4c63, 0x5463, 0x5463, 0x5463, 0x5463, 0x5463, 0x5463, 0x5463, 0x5463, 0x5463, 0x5463, 0x5463, 0x5463, 0x5463, 0x4c63,
 0x4c63, 0x5463, 0x5463, 0x5463, 0x5463, 0x5463, 0x5463, 0x5463, 0x5463, 0x5463, 0x5463, 0x5463, 0x5463, 0x5463, 0x5463, 0x4c43,
 0x4c63, 0x4421, 0x4401, 0x4401, 0x4401, 0x4421, 0x4401, 0x4421, 0x4421, 0x4421, 0x4400, 0x4401, 0x4400, 0x4401, 0x4401, 0x4400,
 0x4401, 0x4400, 0x4400, 0x4400, 0x4401, 0x4401, 0x4401, 0x4401, 0x4401, 0x4401, 0x4401, 0x4401, 0x4401, 0x4401, 0x4400, 0x4420,
 0x4421, 0x4401, 0x4401, 0x4400, 0x4401, 0x4401, 0x4401, 0x4401, 0x4400, 0x4401, 0x4400, 0x4401, 0x4401, 0x4401, 0x4401, 0x4400,
 0x4401, 0x4401, 0x4421, 0x4421, 0x4421, 0x4421, 0x4c43, 0x5463, 0x5463, 0x5463, 0x5463, 0x5463, 0x5463, 0x4c63, 0x5463, 0x4c43,
 0x4421, 0x4421, 0x4421, 0x4420, 0x4420, 0x4421, 0x4401, 0x4400, 0x4400, 0x4421, 0x4401, 0x4c42, 0x4c63, 0x4c63, 0x4c63, 0x5463,
 0x5463, 0x4c63, 0x5463, 0x4c63, 0x4c63, 0x4c63, 0x5463, 0x5463, 0x4c63, 0x5463, 0x4c63, 0x5463, 0x5463, 0x4c63, 0x4c63, 0x4c63,
 0x4c63, 0x4c63, 0x5463, 0x5463, 0x5463, 0x4c63, 0x5463, 0x5463, 0x5463, 0x5483, 0x5463, 0x5463, 0x5463, 0x5463, 0x4c63, 0x4c63,
 0x4c63, 0x4c63, 0x5463, 0x4c63, 0x5463, 0x5463, 0x5463, 0x5463, 0x5463, 0x5463, 0x4c63, 0x5463, 0x4c63, 0x5463, 0x4c63, 0x4c43,
 0x4c63, 0x4421, 0x4421, 0x4401, 0x4401, 0x4400, 0x4401, 0x4421, 0x4421, 0x4420, 0x4400, 0x4400, 0x4400, 0x4401, 0x4400, 0x4400,
 0x4420, 0x3c00, 0x4400, 0x3c00, 0x4400, 0x4401, 0x4401, 0x4401, 0x4401, 0x4421, 0x4401, 0x4421, 0x4401, 0x4401, 0x4420, 0x4420,
 0x4421, 0x4401, 0x4421, 0x4401, 0x4401, 0x4401, 0x4401, 0x4401, 0x4401, 0x4401, 0x4401, 0x4400, 0x4400, 0x4401, 0x4400, 0x4400,
 0x4401, 0x4401, 0x4421, 0x4421, 0x4421, 0x4c42, 0x5463, 0x5463, 0x5463, 0x5463, 0x5463, 0x5463, 0x4c63, 0x5463, 0x4c63, 0x4c43,
 0x4421, 0x4420, 0x4421, 0x4400, 0x4401, 0x4421, 0x4421, 0x4401, 0x4400, 0x4401, 0x4421, 0x4421, 0x4c43, 0x5463, 0x5463, 0x5463,
 0x5463, 0x4c63, 0x4c63, 0x5463, 0x4c63, 0x4c63, 0x4c63, 0x5463, 0x5463, 0x5463, 0x5463, 0x5463, 0x5463, 0x4c63, 0x4c63, 0x4c63,
 0x4c63, 0x4c63, 0x4c63, 0x5463, 0x5463, 0x5463, 0x5463, 0x5463, 0x5463, 0x5463, 0x5463, 0x5483, 0x5463, 0x4c63, 0x5463, 0x5463,
 0x5463, 0x4c63, 0x5463, 0x5463, 0x5463, 0x5463, 0x5463, 0x5463, 0x5463, 0x5463, 0x5463, 0x5463, 0x5463, 0x5463, 0x4c63, 0x4c43,
 0x4c63, 0x4421, 0x4421, 0x4400, 0x4401, 0x4401, 0x4401, 0x4401, 0x4401, 0x4421, 0x4401, 0x4401, 0x4401, 0x4401, 0x4401, 0x4401,
 0x4421, 0x4401, 0x4421, 0x4400, 0x4401, 0x4401, 0x4401, 0x4401, 0x4401, 0x4401, 0x4401, 0x4401, 0x4401, 0x4401, 0x4401, 0x4420,
 0x4401, 0x4400, 0x4401, 0x4401, 0x4401, 0x4401, 0x4401, 0x4401, 0x4401, 0x4401, 0x4401, 0x4401, 0x4400, 0x4401, 0x4401, 0x4400,
 0x4401, 0x4401, 0x4401, 0x4421, 0x4c42, 0x5463, 0x5463, 0x5463, 0x5463, 0x5463, 0x5463, 0x5463, 0x5463, 0x5463, 0x5463, 0x4c43,
 0x4421, 0x4421, 0x4421, 0x4401, 0x4401, 0x4421, 0x4421, 0x4401, 0x4401, 0x4421, 0x4421, 0x4421, 0x4421, 0x4c63, 0x5463, 0x4c63,
 0x4c63, 0x4c63, 0x5463, 0x4c63, 0x4c63, 0x4c63, 0x4c63, 0x4c63, 0x4c63, 0x5483, 0x5483, 0x5483, 0x4c63, 0x4c63, 0x4c63, 0x4c63,
 0x4c63, 0x4c63, 0x4c63, 0x4c63, 0x4c63, 0x5463, 0x5463, 0x5463, 0x5463, 0x5483, 0x5463, 0x5463, 0x5463, 0x4c63, 0x4c63, 0x4c63,
 0x4c63, 0x4c63, 0x4c63, 0x5463, 0x5463, 0x5463, 0x5463, 0x4c63, 0x4c63, 0x5463, 0x5463, 0x5463, 0x5463, 0x5463, 0x4c63, 0x4c63,
 0x4c63, 0x4421, 0x4421, 0x4421, 0x4421, 0x4421, 0x4421, 0x4421, 0x4421, 0x4421, 0x4401, 0x4401, 0x4401, 0x4401, 0x4401, 0x4421,
 0x4421, 0x4421, 0x4421, 0x4421, 0x4421, 0x4421, 0x4421, 0x4421, 0x4401, 0x4421, 0x4421, 0x4421, 0x4401, 0x4401, 0x4401, 0x4401,
 0x4401, 0x4401, 0x4401, 0x4421, 0x4421, 0x4421, 0x4401, 0x4401, 0x4401, 0x4421, 0x4421, 0x4421, 0x4401, 0x4401, 0x4401, 0x4401,
 0x4401, 0x4401, 0x4421, 0x4c22, 0x5463, 0x5463, 0x5483, 0x5463, 0x5463, 0x5483, 0x4c63, 0x5463, 0x5463, 0x5463, 0x4c63, 0x4c43,
 0x4421, 0x4420, 0x4421, 0x4401, 0x4401, 0x4421, 0x4401, 0x4401, 0x4401, 0x4421, 0x4401, 0x4401, 0x4421, 0x4c22, 0x5463, 0x4c63,
 0x4c63, 0x4c63, 0x5463, 0x4c63, 0x4c63, 0x4c63, 0x4c63, 0x4c63, 0x4c63, 0x5463, 0x5463, 0x5463, 0x5463, 0x5463, 0x5463, 0x4c63,
 0x4c63, 0x4c63, 0x5463, 0x4c63, 0x4c63, 0x5463, 0x5463, 0x5463, 0x5463, 0x5463, 0x5463, 0x5463, 0x5463, 0x5463, 0x5463, 0x5463,
 0x5463, 0x4c63, 0x5463, 0x5463, 0x5463, 0x5463, 0x5463, 0x5463, 0x4c63, 0x5463, 0x5463, 0x5463, 0x5463, 0x5463, 0x5463, 0x4c63,
 0x4c63, 0x4421, 0x4421, 0x4421, 0x4421, 0x4421, 0x4421, 0x4421, 0x4421, 0x4421, 0x4401, 0x4401, 0x4401, 0x4401, 0x4401, 0x4401,
 0x4401, 0x4421, 0x4421, 0x4401, 0x4401, 0x4401, 0x4401, 0x4401, 0x4400, 0x4421, 0x4421, 0x4421, 0x4401, 0x4401, 0x4401, 0x4401,
 0x4401, 0x4401, 0x4401, 0x4401, 0x4421, 0x4401, 0x4401, 0x4401, 0x4401, 0x4421, 0x4400, 0x4421, 0x4401, 0x4401, 0x4401, 0x4401,
 0x4401, 0x4401, 0x4421, 0x4c43, 0x5463, 0x5463, 0x5463, 0x5463, 0x5463, 0x5463, 0x5463, 0x5463, 0x5463, 0x5463, 0x5463, 0x4c43,
 0x4421, 0x4420, 0x4421, 0x4401, 0x4421, 0x4421, 0x4421, 0x4421, 0x4421, 0x4421, 0x4421, 0x4421, 0x4421, 0x4421, 0x4c42, 0x4c63,
 0x4c63, 0x4c43, 0x5463, 0x5463, 0x5463, 0x4c63, 0x4c63, 0x4c63, 0x4c63, 0x4c63, 0x4c63, 0x5463, 0x5483, 0x5463, 0x5483, 0x5463,
 0x5463, 0x5483, 0x4c83, 0x4c63, 0x4c63, 0x5463, 0x5463, 0x4c63, 0x4c63, 0x4c63, 0x5483, 0x4c63, 0x4c63, 0x5463, 0x5463, 0x5463,
 0x4c63, 0x4c63, 0x5483, 0x5483, 0x5463, 0x5463, 0x5463, 0x5463, 0x4c63, 0x4c63, 0x5463, 0x5463, 0x5463, 0x5463, 0x5463, 0x4c63,
 0x4c63, 0x4441, 0x4421, 0x4421, 0x4421, 0x4421, 0x4421, 0x4421, 0x4421, 0x4421, 0x4400, 0x4401, 0x4421, 0x4421, 0x4421, 0x4401,
 0x4421, 0x4421, 0x4421, 0x4421, 0x4421, 0x4421, 0x4401, 0x4421, 0x4421, 0x4421, 0x4421, 0x4421, 0x4421, 0x4401, 0x4421, 0x4421,
 0x4401, 0x4400, 0x4401, 0x4421, 0x4421, 0x4421, 0x4401, 0x4401, 0x4421, 0x4421, 0x4400, 0x4401, 0x4421, 0x4421, 0x4421, 0x4421,
 0x4421, 0x4421, 0x4c42, 0x4c63, 0x5463, 0x5463, 0x5483, 0x5463, 0x5463, 0x5463, 0x5463, 0x5463, 0x4c63, 0x5463, 0x5463, 0x4c63,
 0x4421, 0x4400, 0x4401, 0x4401, 0x4401, 0x4401, 0x4401, 0x4401, 0x4401, 0x4401, 0x4401, 0x4421, 0x4421, 0x4421, 0x4421, 0x4c42,
 0x4c43, 0x4c43, 0x5463, 0x5463, 0x5463, 0x5463, 0x5463, 0x4c63, 0x4c63, 0x4c63, 0x4c63, 0x4c63, 0x4c63, 0x5463, 0x5463, 0x4c63,
 0x5463, 0x5463, 0x5483, 0x4c63, 0x4c63, 0x4c63, 0x4c63, 0x4c63, 0x4c63, 0x5463, 0x4c63, 0x4c63, 0x4c63, 0x5463, 0x5463, 0x4c63,
 0x4c63, 0x4c63, 0x5463, 0x5463, 0x5463, 0x5463, 0x5463, 0x5463, 0x4c63, 0x4c63, 0x4c63, 0x5463, 0x5463, 0x5463, 0x5463, 0x5463,
 0x5463, 0x4421, 0x4421, 0x4421, 0x4421, 0x4421, 0x4421, 0x4421, 0x4401, 0x4401, 0x4400, 0x4401, 0x4401, 0x4421, 0x4401, 0x4401,
 0x4421, 0x4401, 0x4421, 0x4401, 0x4401, 0x4401, 0x4401, 0x4421, 0x4421, 0x4421, 0x4401, 0x4421, 0x4401, 0x4401, 0x4421, 0x4401,
 0x4401, 0x4401, 0x4421, 0x4421, 0x4421, 0x4421, 0x4401, 0x4401, 0x4421, 0x4421, 0x4401, 0x4421, 0x4401, 0x4401, 0x4401, 0x4401,
 0x4421, 0x4c22, 0x4c63, 0x5463, 0x5463, 0x5463, 0x5463, 0x5463, 0x4c63, 0x5463, 0x5463, 0x5463, 0x4c63, 0x4c63, 0x4c63, 0x4c43,
 0x4421, 0x4420, 0x4421, 0x4401, 0x4401, 0x4401, 0x4401, 0x4401, 0x4401, 0x4421, 0x4421, 0x4421, 0x4421, 0x4401, 0x4421, 0x4421,
 0x4c43, 0x5463, 0x5463, 0x5463, 0x5463, 0x5463, 0x5463, 0x5463, 0x5463, 0x4c63, 0x4c63, 0x4c63, 0x4c63, 0x5463, 0x5463, 0x4c63,
 0x5463, 0x5463, 0x5463, 0x4c63, 0x4c63, 0x4c63, 0x4c63, 0x4c63, 0x4c63, 0x4c63, 0x4c63, 0x4c63, 0x4c63, 0x5463, 0x5463, 0x4c63,
 0x4c63, 0x5463, 0x5463, 0x5463, 0x5463, 0x5463, 0x5463, 0x5463, 0x4c63, 0x4c63, 0x5463, 0x5463, 0x5463, 0x5463, 0x5463, 0x5463,
 0x5463, 0x4421, 0x4421, 0x4420, 0x4421, 0x4421, 0x4401, 0x4401, 0x4401, 0x4401, 0x4400, 0x4401, 0x4401, 0x4401, 0x4401, 0x4401,
 0x4421, 0x4420, 0x4421, 0x4401, 0x4401, 0x4401, 0x4401, 0x4401, 0x4401, 0x4421, 0x4401, 0x4401, 0x4401, 0x4401, 0x4421, 0x4421,
 0x4421, 0x4421, 0x4421, 0x4421, 0x4421, 0x4421, 0x4421, 0x4401, 0x4401, 0x4421, 0x4421, 0x4421, 0x4401, 0x4401, 0x4401, 0x4401,
 0x4422, 0x4c43, 0x5463, 0x5463, 0x5463, 0x5463, 0x5463, 0x5463, 0x5463, 0x5463, 0x5463, 0x5463, 0x5463, 0x4c63, 0x4c63, 0x4c43,
 0x4421, 0x4421, 0x4421, 0x4421, 0x4421, 0x4421, 0x4401, 0x4401, 0x4421, 0x4421, 0x4421, 0x4421, 0x4421, 0x4421, 0x4401, 0x4421,
 0x4c42, 0x4c63, 0x4c63, 0x4c63, 0x4c63, 0x4c63, 0x5463, 0x5463, 0x4c63, 0x4c63, 0x4c63, 0x4c63, 0x4c63, 0x4c63, 0x4c63, 0x4c63,
 0x5463, 0x4c63, 0x5483, 0x4c63, 0x4c83, 0x4c63, 0x4c63, 0x4c63, 0x4c63, 0x4c63, 0x4c63, 0x4c63, 0x4c63, 0x4c63, 0x5463, 0x4c63,
 0x5463, 0x4c63, 0x5483, 0x5463, 0x5463, 0x5463, 0x5463, 0x5463, 0x4c63, 0x5463, 0x4c63, 0x5463, 0x4c63, 0x5463, 0x4c63, 0x4c63,
 0x4c63, 0x4421, 0x4421, 0x4421, 0x4421, 0x4421, 0x4421, 0x4421, 0x4420, 0x4421, 0x4421, 0x4421, 0x4401, 0x4421, 0x4421, 0x4421,
 0x4421, 0x4421, 0x4420, 0x4421, 0x4421, 0x4421, 0x4421, 0x4421, 0x4421, 0x4421, 0x4401, 0x4421, 0x4421, 0x4421, 0x4421, 0x4421,
 0x4421, 0x4421, 0x4421, 0x4421, 0x4421, 0x4421, 0x4421, 0x4421, 0x4421, 0x4421, 0x4421, 0x4421, 0x4421, 0x4421, 0x4421, 0x4421,
 0x4c43, 0x5443, 0x5463, 0x5463, 0x5463, 0x4c63, 0x5463, 0x4c63, 0x5463, 0x5463, 0x4c63, 0x5463, 0x4c63, 0x4c63, 0x4c43, 0x4c43,
 0x4c41, 0x4c41, 0x4c41, 0x4441, 0x4441, 0x4441, 0x4421, 0x4421, 0x4421, 0x4441, 0x4441, 0x4441, 0x4c41, 0x4441, 0x4421, 0x4421,
 0x4441, 0x4c42, 0x5463, 0x4c63, 0x4c43, 0x4c63, 0x4c63, 0x4c63, 0x4c63, 0x4c63, 0x4c63, 0x4c63, 0x5483, 0x4c63, 0x5463, 0x4c63,
 0x5463, 0x5483, 0x5483, 0x5483, 0x4c83, 0x4c63, 0x4c63, 0x5463, 0x5463, 0x5463, 0x5463, 0x5463, 0x5483, 0x4c63, 0x5483, 0x5463,
 0x5463, 0x5483, 0x5463, 0x5463, 0x5463, 0x5463, 0x5463, 0x5463, 0x5463, 0x5463, 0x5463, 0x5463, 0x5463, 0x4c63, 0x5463, 0x4c63,
 0x4c63, 0x4441, 0x4441, 0x4441, 0x4441, 0x4441, 0x4441, 0x4441, 0x4440, 0x4441, 0x4441, 0x4441, 0x4441, 0x4441, 0x4441, 0x4441,
 0x4441, 0x4441, 0x4441, 0x4441, 0x4441, 0x4441, 0x4441, 0x4441, 0x4441, 0x4421, 0x4420, 0x4421, 0x4441, 0x4441, 0x4c41, 0x4c41,
 0x4c41, 0x4c41, 0x4441, 0x4441, 0x4441, 0x4c41, 0x4441, 0x4441, 0x4441, 0x4441, 0x4c41, 0x4441, 0x4c41, 0x4441, 0x4c41, 0x4c42,
 0x5463, 0x5463, 0x4c63, 0x5463, 0x4c63, 0x5463, 0x4c63, 0x4c63, 0x5463, 0x5463, 0x5463, 0x5463, 0x5463, 0x4c63, 0x4c63, 0x4c43,
 0x4c41, 0x4441, 0x4441, 0x4441, 0x4441, 0x4441, 0x4441, 0x4441, 0x4421, 0x4441, 0x4421, 0x4441, 0x4441, 0x4441, 0x4421, 0x4421,
 0x4441, 0x4441, 0x4c63, 0x4c63, 0x4c63, 0x4c63, 0x4c63, 0x4c63, 0x4c63, 0x5463, 0x4c63, 0x4c83, 0x4c83, 0x4c83, 0x4c63, 0x4c63,
 0x5483, 0x4c83, 0x4c83, 0x4c83, 0x4c63, 0x4c63, 0x5463, 0x5463, 0x5463, 0x5463, 0x4c63, 0x4c63, 0x4c63, 0x5463, 0x5463, 0x5463,
 0x5483, 0x4c63, 0x4c83, 0x4c63, 0x4c63, 0x4c63, 0x4c63, 0x5463, 0x4c63, 0x5483, 0x4c63, 0x4c63, 0x4c63, 0x4c63, 0x4c63, 0x4c43,
 0x4c63, 0x4441, 0x4441, 0x4441, 0x4441, 0x4441, 0x4441, 0x4441, 0x4441, 0x4441, 0x4440, 0x4441, 0x4441, 0x4441, 0x4441, 0x4441,
 0x4441, 0x4441, 0x4441, 0x4441, 0x4441, 0x4441, 0x4441, 0x4441, 0x4441, 0x4441, 0x4420, 0x4441, 0x4440, 0x4441, 0x4441, 0x4441,
 0x4441, 0x4441, 0x4441, 0x4441, 0x4c41, 0x4441, 0x4441, 0x4441, 0x4441, 0x4441, 0x4441, 0x4441, 0x4441, 0x4441, 0x4c42, 0x5463,
 0x4c63, 0x4c63, 0x5463, 0x4c63, 0x4c63, 0x4c63, 0x4c63, 0x4c63, 0x4c63, 0x4c63, 0x4c63, 0x5463, 0x5463, 0x4c63, 0x4c43, 0x4c43,
 0x4c41, 0x4440, 0x4441, 0x4441, 0x4441, 0x4441, 0x4441, 0x4441, 0x4420, 0x4441, 0x4441, 0x4441, 0x4441, 0x4421, 0x4421, 0x4421,
 0x4441, 0x4421, 0x4c41, 0x4c42, 0x4c63, 0x4c63, 0x4c63, 0x4c63, 0x4c63, 0x5463, 0x4c63, 0x4c63, 0x5463, 0x4c63, 0x5463, 0x5463,
 0x5483, 0x5483, 0x5483, 0x5483, 0x4c63, 0x5463, 0x5463, 0x5463, 0x5463, 0x5463, 0x4c63, 0x5463, 0x4c63, 0x4c63, 0x5463, 0x4c63,
 0x5463, 0x4c63, 0x5463, 0x4c63, 0x4c63, 0x5463, 0x4c63, 0x5463, 0x5463, 0x5483, 0x4c63, 0x5463, 0x5463, 0x5463, 0x5463, 0x4c43,
 0x5463, 0x4441, 0x4c41, 0x4441, 0x4441, 0x4441, 0x4440, 0x4441, 0x4440, 0x4441, 0x4441, 0x4441, 0x4441, 0x4441, 0x4441, 0x4440,
 0x4441, 0x4441, 0x4441, 0x4441, 0x4441, 0x4441, 0x4441, 0x4441, 0x4441, 0x4c41, 0x4421, 0x4441, 0x4441, 0x4441, 0x4441, 0x4441,
 0x4441, 0x4440, 0x4441, 0x4c41, 0x4c41, 0x4c41, 0x4441, 0x4441, 0x4420, 0x4441, 0x4c41, 0x4c41, 0x4c41, 0x4c42, 0x4c43, 0x5463,
 0x5463, 0x5463, 0x4c63, 0x4c63, 0x5463, 0x5463, 0x5463, 0x5463, 0x4c63, 0x5463, 0x5463, 0x5463, 0x4c63, 0x4c43, 0x4c63, 0x4c43,
 0x4441, 0x4440, 0x4441, 0x4441, 0x4441, 0x4441, 0x4440, 0x4441, 0x4440, 0x4441, 0x4441, 0x4441, 0x4441, 0x4441, 0x4421, 0x4440,
 0x4441, 0x4441, 0x4441, 0x4c41, 0x4c63, 0x4c63, 0x4c63, 0x4c63, 0x4c63, 0x5463, 0x5463, 0x5463, 0x5463, 0x5483, 0x4c63, 0x4c63,
 0x5483, 0x5483, 0x4c83, 0x4c83, 0x4c63, 0x5483, 0x5483, 0x5463, 0x5483, 0x5463, 0x5463, 0x4c63, 0x5463, 0x5463, 0x4c63, 0x4c83,
 0x4c63, 0x4c63, 0x4c63, 0x4c63, 0x4c63, 0x5463, 0x4c63, 0x4c63, 0x4c63, 0x5483, 0x5463, 0x4c63, 0x5463, 0x4c63, 0x4c63, 0x4c63,
 0x4c63, 0x4461, 0x4461, 0x4441, 0x4441, 0x4441, 0x4440, 0x4440, 0x4441, 0x4441, 0x4440, 0x4441, 0x4441, 0x4441, 0x4441, 0x4441,
 0x4441, 0x4441, 0x4441, 0x4441, 0x4441, 0x4441, 0x4441, 0x4441, 0x4441, 0x4441, 0x4441, 0x4441, 0x4441, 0x4441, 0x4441, 0x4441,
 0x4c41, 0x4441, 0x4441, 0x4441, 0x4441, 0x4441, 0x4441, 0x4441, 0x4441, 0x4c41, 0x4c41, 0x4c41, 0x4c42, 0x4c63, 0x4c63, 0x5463,
 0x5463, 0x5463, 0x4c63, 0x4c63, 0x4c63, 0x5463, 0x5463, 0x4c63, 0x5463, 0x5463, 0x5463, 0x4c63, 0x4c63, 0x4c63, 0x4c63, 0x4c63,
 0x4441, 0x4440, 0x4441, 0x4420, 0x4421, 0x4441, 0x4441, 0x4441, 0x4421, 0x4441, 0x4441, 0x4441, 0x4441, 0x4441, 0x4421, 0x4441,
 0x4441, 0x4440, 0x4441, 0x4441, 0x4c42, 0x4c43, 0x4c43, 0x4c43, 0x4c43, 0x4c63, 0x5463, 0x5463, 0x5463, 0x4c63, 0x4c63, 0x4c63,
 0x5463, 0x4c63, 0x4c63, 0x4c63, 0x5463, 0x5463, 0x5463, 0x5463, 0x4c63, 0x5463, 0x5463, 0x5463, 0x5463, 0x4c63, 0x5463, 0x4c63,
 0x5463, 0x4c63, 0x5463, 0x4c63, 0x5463, 0x5463, 0x5463, 0x5463, 0x4c63, 0x5463, 0x5463, 0x5463, 0x4c63, 0x4c63, 0x4c63, 0x4c63,
 0x4c63, 0x4441, 0x4441, 0x4441, 0x4441, 0x4441, 0x4441, 0x4441, 0x4441, 0x4441, 0x4421, 0x4441, 0x4441, 0x4441, 0x4441, 0x4441,
 0x4441, 0x4441, 0x4441, 0x4441, 0x4c41, 0x4c41, 0x4441, 0x4441, 0x4441, 0x4c41, 0x4441, 0x4441, 0x4441, 0x4441, 0x4441, 0x4421,
 0x4c41, 0x4c41, 0x4441, 0x4421, 0x4441, 0x4441, 0x4441, 0x4441, 0x4441, 0x4c41, 0x4c41, 0x4c41, 0x4c42, 0x5463, 0x4c63, 0x4c63,
 0x5463, 0x4c63, 0x4c63, 0x4c63, 0x5463, 0x5463, 0x4c63, 0x5463, 0x5463, 0x5463, 0x5463, 0x4c63, 0x4c43, 0x4c63, 0x5463, 0x4c63,
 0x4441, 0x4441, 0x4441, 0x4440, 0x4421, 0x4441, 0x4441, 0x4441, 0x4440, 0x4441, 0x4441, 0x4441, 0x4c41, 0x4c41, 0x4441, 0x4441,
 0x4c41, 0x4c41, 0x4441, 0x4441, 0x4441, 0x4c42, 0x4c43, 0x4c43, 0x4c63, 0x4c63, 0x5463, 0x5463, 0x5463, 0x4c63, 0x4c63, 0x4c63,
 0x5463, 0x4c63, 0x4c63, 0x5483, 0x5463, 0x5463, 0x5483, 0x5463, 0x5463, 0x5463, 0x5483, 0x5463, 0x5463, 0x4c63, 0x4c63, 0x4c63,
 0x4c63, 0x5463, 0x4c63, 0x5463, 0x4c63, 0x5463, 0x5463, 0x5463, 0x5463, 0x5463, 0x5463, 0x4c63, 0x4c63, 0x4c63, 0x4c63, 0x4c63,
 0x4c63, 0x4441, 0x4441, 0x4441, 0x4441, 0x4441, 0x4441, 0x4441, 0x4441, 0x4441, 0x4441, 0x4441, 0x4441, 0x4441, 0x4441, 0x4441,
 0x4c41, 0x4c41, 0x4441, 0x4441, 0x4441, 0x4c41, 0x4441, 0x4c41, 0x4c41, 0x4441, 0x4441, 0x4441, 0x4c41, 0x4441, 0x4441, 0x4441,
 0x4c41, 0x4c41, 0x4441, 0x4441, 0x4441, 0x4441, 0x4440, 0x4441, 0x4441, 0x4c41, 0x4c41, 0x4c62, 0x5463, 0x4c63, 0x5463, 0x5463,
 0x5463, 0x5463, 0x4c63, 0x5463, 0x5463, 0x5463, 0x4c63, 0x4c63, 0x4c63, 0x5463, 0x4c63, 0x4c63, 0x4c63, 0x4c63, 0x5463, 0x4c63,
 0x4441, 0x4441, 0x4441, 0x4421, 0x4441, 0x4441, 0x4421, 0x4441, 0x4441, 0x4441, 0x4421, 0x4441, 0x4441, 0x4441, 0x4441, 0x4441,
 0x4c41, 0x4441, 0x4441, 0x4441, 0x4441, 0x4441, 0x4c42, 0x4c43, 0x4c43, 0x4c63, 0x4c63, 0x4c63, 0x4c63, 0x4c63, 0x4c63, 0x4c63,
 0x4c63, 0x4c63, 0x4c63, 0x4c63, 0x5463, 0x4c63, 0x5483, 0x4c63, 0x4c63, 0x4c83, 0x4c63, 0x4c63, 0x4c63, 0x4c63, 0x4c63, 0x4c63,
 0x4c63, 0x4c63, 0x5463, 0x4c63, 0x5463, 0x4c63, 0x4c63, 0x4c63, 0x4c63, 0x5463, 0x4c63, 0x4c63, 0x4c63, 0x4c63, 0x4c63, 0x4c63,
 0x4c63, 0x4441, 0x4441, 0x4441, 0x4441, 0x4441, 0x4441, 0x4441, 0x4441, 0x4441, 0x4441, 0x4441, 0x4441, 0x4c41, 0x4441, 0x4441,
 0x4c41, 0x4c41, 0x4c41, 0x4441, 0x4441, 0x4441, 0x4441, 0x4441, 0x4441, 0x4441, 0x4441, 0x4441, 0x4441, 0x4441, 0x4441, 0x4441,
 0x4441, 0x4c41, 0x4c41, 0x4441, 0x4441, 0x4441, 0x4441, 0x4441, 0x4441, 0x4c41, 0x4c42, 0x4c63, 0x4c63, 0x4c63, 0x5463, 0x4c63,
 0x5463, 0x4c43, 0x4c63, 0x4c63, 0x5463, 0x4c63, 0x4c63, 0x4c63, 0x4c63, 0x5463, 0x4c63, 0x4c63, 0x4c63, 0x4c63, 0x4c63, 0x4c43,
 0x4c41, 0x4441, 0x4441, 0x4441, 0x4441, 0x4441, 0x4441, 0x4441, 0x4441, 0x4441, 0x4441, 0x4441, 0x4c41, 0x4c41, 0x4c41, 0x4441,
 0x4c41, 0x4c41, 0x4441, 0x4c41, 0x4441, 0x4441, 0x4421, 0x4c43, 0x4c43, 0x4c63, 0x4c63, 0x4c63, 0x4c63, 0x4c43, 0x4c63, 0x4c63,
 0x5463, 0x5463, 0x5463, 0x5463, 0x4c63, 0x4c63, 0x4c63, 0x5463, 0x4c63, 0x5463, 0x5463, 0x5463, 0x5463, 0x4c63, 0x4c63, 0x4c63,
 0x4c63, 0x4c63, 0x5463, 0x5463, 0x4c63, 0x5463, 0x4c63, 0x4c63, 0x5463, 0x4c63, 0x5463, 0x4c63, 0x4c63, 0x4c43, 0x4c63, 0x4c63,
 0x4c63, 0x4441, 0x4441, 0x4440, 0x4441, 0x4441, 0x4441, 0x4c41, 0x4c41, 0x4c41, 0x4c41, 0x4c41, 0x4c41, 0x4c41, 0x4c41, 0x4c41,
 0x4c41, 0x4c41, 0x4c41, 0x4c41, 0x4441, 0x4c41, 0x4c41, 0x4c41, 0x4441, 0x4441, 0x4441, 0x4441, 0x4c41, 0x4c41, 0x4c41, 0x4c41,
 0x4c41, 0x4c41, 0x4441, 0x4c41, 0x4c41, 0x4c41, 0x4c41, 0x4c41, 0x4c61, 0x4c42, 0x5463, 0x5463, 0x4c63, 0x4c63, 0x4c63, 0x4c63,
 0x4c63, 0x4c63, 0x4c43, 0x4c63, 0x4c63, 0x5463, 0x4c63, 0x4c63, 0x5463, 0x5463, 0x5463, 0x4c63, 0x5463, 0x4c63, 0x4c63, 0x4c43,
 0x4c41, 0x4440, 0x4441, 0x4441, 0x4441, 0x4441, 0x4441, 0x4441, 0x4441, 0x4c41, 0x4441, 0x4441, 0x4441, 0x4441, 0x4441, 0x4441,
 0x4441, 0x4441, 0x4441, 0x4441, 0x4440, 0x4420, 0x4421, 0x4c42, 0x4c43, 0x4c63, 0x4c43, 0x4c63, 0x4c43, 0x4c63, 0x4c63, 0x4c63,
 0x4c63, 0x5463, 0x5463, 0x5463, 0x4c63, 0x4c63, 0x4c63, 0x5463, 0x4c63, 0x5463, 0x5463, 0x5463, 0x4c63, 0x4c63, 0x4c63, 0x4c63,
 0x4c63, 0x4c63, 0x5463, 0x4c63, 0x5463, 0x4c63, 0x4c63, 0x4c63, 0x4c63, 0x5463, 0x4c63, 0x4c63, 0x4c43, 0x4c43, 0x4c63, 0x4c43,
 0x4c63, 0x4441, 0x4441, 0x4440, 0x4441, 0x4441, 0x4441, 0x4441, 0x4441, 0x4c41, 0x4441, 0x4441, 0x4441, 0x4441, 0x4441, 0x4441,
 0x4441, 0x4441, 0x4c41, 0x4441, 0x4441, 0x4441, 0x4441, 0x4441, 0x4441, 0x4c41, 0x4441, 0x4c41, 0x4441, 0x4c41, 0x4441, 0x4441,
 0x4441, 0x4441, 0x4441, 0x4441, 0x4441, 0x4441, 0x4441, 0x4c41, 0x4c41, 0x4c63, 0x4c63, 0x4c63, 0x4c43, 0x4c63, 0x4c63, 0x4c63,
 0x4c63, 0x4c43, 0x4c63, 0x4c43, 0x4c63, 0x4c63, 0x4c63, 0x4c63, 0x4c63, 0x5463, 0x4c63, 0x4c63, 0x4c63, 0x4c63, 0x4c63, 0x4c63,
 0x4c41, 0x4441, 0x4441, 0x4440, 0x4441, 0x4441, 0x4440, 0x4441, 0x4441, 0x4441, 0x4441, 0x4c41, 0x4c41, 0x4c41, 0x4c41, 0x4c41,
 0x4c41, 0x4c41, 0x4441, 0x4441, 0x4441, 0x4441, 0x4421, 0x4421, 0x4c42, 0x5463, 0x4c43, 0x4c63, 0x4c63, 0x4c63, 0x4c63, 0x4c63,
 0x5463, 0x5463, 0x5463, 0x5463, 0x5463, 0x5463, 0x5463, 0x5463, 0x5463, 0x5463, 0x5463, 0x5463, 0x5463, 0x4c63, 0x4c63, 0x4c63,
 0x5463, 0x5463, 0x5463, 0x5463, 0x5463, 0x5463, 0x4c63, 0x4c63, 0x4c63, 0x4c63, 0x4c43, 0x4c43, 0x4c43, 0x4c43, 0x4c43, 0x4c43,
 0x4c63, 0x4441, 0x4441, 0x4440, 0x4441, 0x4441, 0x4441, 0x4441, 0x4441, 0x4c41, 0x4440, 0x4441, 0x4441, 0x4441, 0x4441, 0x4440,
 0x4441, 0x4441, 0x4441, 0x4441, 0x4441, 0x4c41, 0x4441, 0x4441, 0x4441, 0x4c41, 0x4c41, 0x4c41, 0x4c41, 0x4441, 0x4441, 0x4420,
 0x4441, 0x4441, 0x4441, 0x4441, 0x4441, 0x4441, 0x4c41, 0x4c41, 0x4c62, 0x5463, 0x5463, 0x5463, 0x5463, 0x5463, 0x5463, 0x4c63,
 0x4c63, 0x4c63, 0x4c63, 0x4c63, 0x4c63, 0x5463, 0x4c63, 0x4c63, 0x4c63, 0x5463, 0x5463, 0x5463, 0x5463, 0x4c43, 0x4c63, 0x4c63,
 0x4441, 0x4441, 0x4441, 0x4440, 0x4441, 0x4441, 0x4441, 0x4441, 0x4441, 0x4c41, 0x4441, 0x4441, 0x4441, 0x4441, 0x4441, 0x4c41,
 0x4c41, 0x4c41, 0x4441, 0x4441, 0x4441, 0x4441, 0x4441, 0x4441, 0x4421, 0x4c63, 0x4c63, 0x4c63, 0x4c63, 0x5463, 0x4c63, 0x4c63,
 0x5463, 0x4c63, 0x5463, 0x5463, 0x5463, 0x5463, 0x5463, 0x5463, 0x5463, 0x5463, 0x5463, 0x5463, 0x5463, 0x5463, 0x5463, 0x5463,
 0x5463, 0x5463, 0x5463, 0x4c63, 0x4c63, 0x5463, 0x4c63, 0x5463, 0x4c63, 0x4c63, 0x4c43, 0x4c43, 0x4c43, 0x4c43, 0x4c43, 0x4c43,
 0x4c63, 0x4441, 0x4441, 0x4441, 0x4441, 0x4441, 0x4441, 0x4441, 0x4440, 0x4441, 0x4441, 0x4441, 0x4441, 0x4c41, 0x4441, 0x4440,
 0x4441, 0x4441, 0x4441, 0x4441, 0x4441, 0x4441, 0x4441, 0x4441, 0x4441, 0x4441, 0x4441, 0x4441, 0x4441, 0x4441, 0x4441, 0x4421,
 0x4441, 0x4441, 0x4441, 0x4441, 0x4441, 0x4441, 0x4441, 0x4c62, 0x5463, 0x5463, 0x5463, 0x5463, 0x5463, 0x4c63, 0x4c63, 0x4c63,
 0x4c63, 0x4c63, 0x4c63, 0x4c63, 0x4c63, 0x4c63, 0x4c63, 0x4c63, 0x4c63, 0x5463, 0x5463, 0x5463, 0x5463, 0x4c63, 0x4c63, 0x4c43,
 0x4c41, 0x4421, 0x4c41, 0x4441, 0x4441, 0x4441, 0x4441, 0x4c41, 0x4c41, 0x4c41, 0x4441, 0x4441, 0x4441, 0x4441, 0x4c41, 0x4c41,
 0x4c41, 0x4c41, 0x4c41, 0x4441, 0x4c41, 0x4c41, 0x4441, 0x4441, 0x4421, 0x4c42, 0x4c43, 0x5463, 0x5463, 0x5463, 0x5463, 0x5463,
 0x5463, 0x4c43, 0x5463, 0x5463, 0x4c63, 0x5463, 0x5463, 0x5463, 0x5463, 0x5463, 0x4c63, 0x5463, 0x5463, 0x5463, 0x5463, 0x5463,
 0x5463, 0x5463, 0x5463, 0x4c63, 0x5463, 0x5463, 0x5463, 0x5463, 0x4c43, 0x4c63, 0x4c43, 0x4c43, 0x4c43, 0x4c43, 0x4c43, 0x4c43,
 0x4c63, 0x4421, 0x4441, 0x4c41, 0x4c41, 0x4c41, 0x4441, 0x4421, 0x4421, 0x4c41, 0x4c41, 0x4441, 0x4c41, 0x4c41, 0x4421, 0x4420,
 0x4c41, 0x4c21, 0x4c41, 0x4441, 0x4441, 0x4441, 0x4441, 0x4441, 0x4441, 0x4441, 0x4421, 0x4441, 0x4421, 0x4441, 0x4421, 0x4421,
 0x4c21, 0x4421, 0x4421, 0x4421, 0x4441, 0x4441, 0x4c21, 0x4c43, 0x5463, 0x5463, 0x5463, 0x5463, 0x5463, 0x5463, 0x4c63, 0x4c43,
 0x4c63, 0x4c43, 0x4c63, 0x4c43, 0x4c63, 0x4c63, 0x4c63, 0x4c63, 0x4c63, 0x4c63, 0x4c43, 0x4c63, 0x4c63, 0x5463, 0x5463, 0x4c43,
 0x4c41, 0x4441, 0x4c41, 0x4c41, 0x4c41, 0x4c41, 0x4c41, 0x4c41, 0x4441, 0x4441, 0x4441, 0x4441, 0x4441, 0x4441, 0x4c21, 0x4c41,
 0x4c41, 0x4c41, 0x4c41, 0x4c41, 0x4441, 0x4c41, 0x4c41, 0x4441, 0x4441, 0x4c41, 0x4c42, 0x5463, 0x5463, 0x5463, 0x5463, 0x5463,
 0x5463, 0x5463, 0x5463, 0x5463, 0x5463, 0x5463, 0x5463, 0x5463, 0x5463, 0x5463, 0x5463, 0x5463, 0x5463, 0x5463, 0x5463, 0x5463,
 0x5463, 0x5463, 0x5463, 0x5463, 0x5463, 0x5463, 0x5463, 0x5463, 0x5463, 0x4c43, 0x5443, 0x5443, 0x5463, 0x5463, 0x5463, 0x5443,
 0x4c43, 0x4c41, 0x4c41, 0x4c41, 0x4c41, 0x4441, 0x4441, 0x4441, 0x4441, 0x4441, 0x4c41, 0x4c41, 0x4c41, 0x4c41, 0x4441, 0x4441,
 0x4c41, 0x4c41, 0x4441, 0x4441, 0x4441, 0x4441, 0x4c41, 0x4c41, 0x4c41, 0x4441, 0x4441, 0x4441, 0x4441, 0x4441, 0x4441, 0x4441,
 0x4c41, 0x4c41, 0x4c41, 0x4c41, 0x4441, 0x4c41, 0x4c43, 0x5443, 0x5463, 0x5463, 0x5463, 0x5463, 0x5463, 0x5463, 0x5463, 0x5463,
 0x5463, 0x5463, 0x4c63, 0x5463, 0x4c63, 0x4c63, 0x4c63, 0x5463, 0x5463, 0x5463, 0x5463, 0x4c63, 0x4c63, 0x4c63, 0x5443, 0x5463,
 0x4c41, 0x4421, 0x4421, 0x4421, 0x4421, 0x4421, 0x4421, 0x4c21, 0x4421, 0x4421, 0x4421, 0x4c21, 0x4421, 0x4421, 0x4c21, 0x4c21,
 0x4c41, 0x4421, 0x4c21, 0x4421, 0x4c21, 0x4421, 0x4441, 0x4441, 0x4421, 0x4441, 0x4421, 0x4c42, 0x4c43, 0x4c43, 0x4c43, 0x4c43,
 0x5443, 0x5443, 0x5443, 0x4c43, 0x4c43, 0x4c43, 0x4c43, 0x5443, 0x4c43, 0x5443, 0x4c43, 0x5443, 0x5443, 0x5443, 0x5443, 0x4c43,
 0x5443, 0x5443, 0x5443, 0x5443, 0x5443, 0x5443, 0x5443, 0x5443, 0x5443, 0x5443, 0x5443, 0x5443, 0x4c43, 0x5443, 0x4c43, 0x4c43,
 0x4c43, 0x4c21, 0x4441, 0x4421, 0x4441, 0x4421, 0x4441, 0x4c41, 0x4421, 0x4441, 0x4441, 0x4441, 0x4421, 0x4421, 0x4421, 0x4421,
 0x4421, 0x4421, 0x4421, 0x4421, 0x4421, 0x4421, 0x4421, 0x4c41, 0x4421, 0x4441, 0x4421, 0x4441, 0x4421, 0x4421, 0x4421, 0x4421,
 0x4c21, 0x4421, 0x4421, 0x4421, 0x4c21, 0x4c42, 0x5443, 0x5443, 0x5443, 0x5443, 0x5443, 0x5463, 0x5443, 0x5443, 0x5463, 0x5443,
 0x5463, 0x5443, 0x5443, 0x4c43, 0x4c43, 0x4c43, 0x5443, 0x5463, 0x5443, 0x5443, 0x5443, 0x5463, 0x4c43, 0x4c43, 0x4c43, 0x4c43,
 0x4c41, 0x4c41, 0x5463, 0x5c83, 0x5c83, 0x5c83, 0x5c83, 0x5c83, 0x5483, 0x5c83, 0x5c83, 0x5c83, 0x5c83, 0x5483, 0x5c83, 0x5c83,
 0x5ca3, 0x5c83, 0x5c83, 0x5c83, 0x5c83, 0x5c83, 0x5c83, 0x5c83, 0x5c83, 0x5ca3, 0x5ca3, 0x5c84, 0x64a5, 0x64a5, 0x64a5, 0x64a5,
 0x64a5, 0x64a5, 0x64a5, 0x64a5, 0x5ca5, 0x64a5, 0x64a5, 0x64a5, 0x64a5, 0x64a5, 0x64a5, 0x64a5, 0x64a5, 0x64a5, 0x64a5, 0x5ca5,
 0x64a5, 0x64a5, 0x64a5, 0x64a5, 0x64a5, 0x64a5, 0x64a5, 0x64a6, 0x64c6, 0x64a5, 0x64a5, 0x64a6, 0x64a5, 0x64a5, 0x64a5, 0x64a5,
 0x5ca5, 0x5c84, 0x5c84, 0x5c83, 0x5ca4, 0x5ca3, 0x5c83, 0x5ca3, 0x5c83, 0x5ca3, 0x5c83, 0x5ca3, 0x5ca3, 0x5c83, 0x5c83, 0x5c83,
 0x5483, 0x5483, 0x5c83, 0x5ca3, 0x5ca3, 0x5ca3, 0x5ca3, 0x5c83, 0x5ca3, 0x5ca3, 0x5c83, 0x5c83, 0x5c83, 0x5ca4, 0x5c84, 0x5c83,
 0x5ca4, 0x5c83, 0x5483, 0x5c83, 0x5c84, 0x64a5, 0x64a5, 0x64a5, 0x64a5, 0x64a6, 0x64a5, 0x64a6, 0x64a5, 0x64a5, 0x64a5, 0x64a5,
 0x64a6, 0x64a5, 0x64a5, 0x64a5, 0x64a5, 0x64a5, 0x64a5, 0x64a5, 0x64a5, 0x64a5, 0x5ca5, 0x5ca5, 0x5ca5, 0x5c85, 0x5464, 0x4c23,
 0x4c43, 0x5443, 0xa64e, 0xb6b0, 0xb6b0, 0xae90, 0xae8f, 0xae8f, 0xae8f, 0xaeb0, 0xae8f, 0xaeb0, 0xae8f, 0xaeb0, 0xaeb0, 0xaeb0,
 0xb6d0, 0xaed0, 0xb6d0, 0xaeaf, 0xaeb0, 0xaeaf, 0xaeaf, 0xaeaf, 0xaeaf, 0xaeb0, 0xaeb0, 0xaeb0, 0xaeaf, 0xb6b0, 0xb6b0, 0xb6b0,
 0xaeb0, 0xaeb0, 0xb6b0, 0xaeb0, 0xaeb0, 0xae90, 0xaeb0, 0xaeb0, 0xaeb0, 0xb6b0, 0xaeb0, 0xaeb0, 0xaeb0, 0xb6b0, 0xaeb0, 0xae90,
 0xae8f, 0xaeaf, 0xaeb0, 0xaeb0, 0xaeb0, 0xae90, 0xaeb0, 0xaeb0, 0xaeb0, 0xaeb0, 0xaeb0, 0xaeb0, 0xaeb0, 0xb6b0, 0xaeb0, 0xaeb0,
 0xaeb0, 0xae90, 0xaeb0, 0xaeaf, 0xaeb0, 0xaeb0, 0xaeb0, 0xaeb0, 0xaeaf, 0xaeaf, 0xae8f, 0xaeb0, 0xaeaf, 0xaeb0, 0xaeb0, 0xaeb0,
 0xaeb0, 0xae8f, 0xaeb0, 0xaeaf, 0xaed0, 0xaeaf, 0xaed0, 0xaeb0, 0xaeaf, 0xaeaf, 0xaeaf, 0xaeb0, 0xaeb0, 0xb6b0, 0xaeb0, 0xaeb0,
 0xaeb0, 0xaeb0, 0xaeb0, 0xae8f, 0xb6b0, 0xaeb0, 0xaeb0, 0xaeb0, 0xaeb0, 0xaeb0, 0xaeb0, 0xaeb0, 0xaeb0, 0xaeb0, 0xae90, 0xaeb0,
 0xb6b0, 0xae90, 0xae90, 0xae90, 0xaeb0, 0xaeb0, 0xaeb0, 0xaeb0, 0xaeb0, 0xb6b0, 0xaeb0, 0xb6b1, 0xb6d1, 0xae90, 0x64c6, 0x4401,
 0x5463, 0x4c43, 0x5c85, 0x854a, 0x958d, 0x6466, 0x5424, 0x5444, 0x5444, 0x5464, 0x5444, 0x5444, 0x5443, 0x5443, 0x5463, 0x5443,
 0x5463, 0x5463, 0x5464, 0x5463, 0x5464, 0x5464, 0x5463, 0x5463, 0x5463, 0x5464, 0x5464, 0x5464, 0x5464, 0x5c84, 0x64a5, 0x5ca5,
 0x5ca5, 0x5c85, 0x5ca5, 0x5ca5, 0x5ca5, 0x5ca5, 0x5c85, 0x5c85, 0x5ca5, 0x5ca5, 0x5ca5, 0x5ca5, 0x5c85, 0x5c85, 0x64a5, 0x5c85,
 0x5ca5, 0x5c84, 0x5ca5, 0x5c85, 0x5c85, 0x5ca5, 0x5c85, 0x5ca5, 0x5ca5, 0x5ca5, 0x5c85, 0x5ca5, 0x5ca5, 0x5c85, 0x5ca5, 0x5ca5,
 0x5ca5, 0x5464, 0x5464, 0x5463, 0x5463, 0x5463, 0x5463, 0x5463, 0x5463, 0x5464, 0x5463, 0x5463, 0x5463, 0x5463, 0x5463, 0x5463,
 0x5463, 0x5463, 0x5464, 0x5463, 0x5463, 0x5463, 0x5483, 0x5483, 0x5463, 0x5484, 0x5463, 0x5463, 0x5463, 0x5464, 0x5463, 0x5463,
 0x5464, 0x5463, 0x5c84, 0x5ca5, 0x5ca5, 0x64a5, 0x64a5, 0x5ca5, 0x5c85, 0x5ca5, 0x5ca5, 0x5ca5, 0x5ca5, 0x5c85, 0x5ca5, 0x5c84,
 0x5ca5, 0x5c85, 0x5c85, 0x5c85, 0x5c85, 0x5c85, 0x5c84, 0x5c84, 0x5c65, 0x5c65, 0x5c65, 0x858b, 0x8dab, 0x5c84, 0x4c21, 0x4421,
 0x4c63, 0x4c63, 0x5443, 0x5443, 0x5464, 0x7508, 0x64c7, 0x4422, 0x4421, 0x4441, 0x4421, 0x4421, 0x4421, 0x4421, 0x4440, 0x4421,
 0x4441, 0x4441, 0x4440, 0x4440, 0x4440, 0x4441, 0x4441, 0x4441, 0x4420, 0x4441, 0x4441, 0x4441, 0x4441, 0x4c41, 0x4c62, 0x4c63,
 0x4c63, 0x4c63, 0x5463, 0x4c63, 0x5463, 0x4c63, 0x4c63, 0x4c63, 0x4c63, 0x4c63, 0x4c63, 0x4c63, 0x4c63, 0x4c63, 0x5463, 0x5463,
 0x5463, 0x4c63, 0x4c63, 0x4c63, 0x4c63, 0x4c63, 0x5463, 0x4c63, 0x5463, 0x5463, 0x5463, 0x5463, 0x4c63, 0x5463, 0x4c63, 0x4c63,
 0x4c63, 0x4441, 0x4441, 0x4441, 0x4441, 0x4441, 0x4441, 0x4441, 0x4420, 0x4441, 0x4441, 0x4441, 0x4441, 0x4441, 0x4441, 0x4421,
 0x4441, 0x4420, 0x4441, 0x4441, 0x4441, 0x4441, 0x4441, 0x4441, 0x4441, 0x4441, 0x4441, 0x4440, 0x4440, 0x4440, 0x4440, 0x4441,
 0x4441, 0x4c41, 0x4c63, 0x5463, 0x5463, 0x5463, 0x5463, 0x5463, 0x5463, 0x5463, 0x5463, 0x5463, 0x5463, 0x4c63, 0x5463, 0x5463,
 0x5463, 0x5463, 0x5463, 0x4c63, 0x5463, 0x5463, 0x5463, 0x4c43, 0x4c43, 0x5ca5, 0x6ce7, 0x64a5, 0x4c21, 0x4420, 0x4c41, 0x4c41,
 0x5463, 0x4c63, 0x5443, 0x4c43, 0x5443, 0x5443, 0x7508, 0x7508, 0x5464, 0x4421, 0x4421, 0x4421, 0x4421, 0x4441, 0x4440, 0x4440,
 0x4441, 0x4441, 0x4441, 0x4440, 0x4441, 0x4441, 0x4440, 0x4440, 0x4440, 0x4441, 0x4441, 0x4441, 0x4441, 0x4441, 0x4c41, 0x4c62,
 0x5463, 0x4c63, 0x5463, 0x4c63, 0x5463, 0x4c63, 0x4c63, 0x4c63, 0x4c43, 0x4c63, 0x4c63, 0x4c63, 0x4c63, 0x4c63, 0x5463, 0x4c63,
 0x5463, 0x4c63, 0x4c63, 0x4c63, 0x4c63, 0x4c63, 0x4c63, 0x5463, 0x4c63, 0x4c63, 0x4c43, 0x4c63, 0x4c63, 0x4c63, 0x5463, 0x4c63,
 0x4c62, 0x4441, 0x4440, 0x4440, 0x4441, 0x4c41, 0x4441, 0x4441, 0x4440, 0x4441, 0x4441, 0x4441, 0x4441, 0x4441, 0x4440, 0x4440,
 0x4441, 0x4440, 0x4441, 0x4441, 0x4441, 0x4441, 0x4440, 0x4441, 0x4440, 0x4441, 0x4441, 0x4441, 0x4440, 0x4441, 0x4440, 0x4421,
 0x4c41, 0x4c42, 0x5463, 0x5463, 0x5463, 0x5463, 0x5463, 0x5463, 0x5463, 0x5463, 0x5463, 0x5463, 0x5463, 0x5463, 0x5463, 0x4c63,
 0x5463, 0x5463, 0x5463, 0x5463, 0x5463, 0x5443, 0x4c43, 0x5464, 0x64c6, 0x858a, 0x4c42, 0x4c41, 0x4c40, 0x4c40, 0x4c41, 0x4c41,
 0x5463, 0x5463, 0x4c63, 0x4c43, 0x4c43, 0x4c63, 0x5463, 0x5c64, 0x7d6a, 0x7d49, 0x4c42, 0x4441, 0x4441, 0x4441, 0x4440, 0x4440,
 0x4441, 0x4440, 0x4441, 0x4440, 0x4440, 0x4441, 0x4440, 0x4440, 0x4440, 0x4441, 0x4441, 0x4441, 0x4441, 0x4440, 0x4441, 0x4c41,
 0x4c63, 0x4c63, 0x5463, 0x4c63, 0x4c63, 0x4c63, 0x4c63, 0x4c63, 0x4c63, 0x4c63, 0x4c63, 0x4c63, 0x4c63, 0x4c63, 0x4c63, 0x4c63,
 0x4c63, 0x4c63, 0x4c63, 0x4c63, 0x4c63, 0x5463, 0x4c63, 0x4c63, 0x4c63, 0x4c63, 0x4c63, 0x4c63, 0x4c63, 0x4c63, 0x4c63, 0x4c63,
 0x4c63, 0x4441, 0x4440, 0x4440, 0x4441, 0x4441, 0x4441, 0x4441, 0x4441, 0x4441, 0x4441, 0x4441, 0x4441, 0x4441, 0x4441, 0x4440,
 0x4441, 0x4441, 0x4441, 0x4441, 0x4441, 0x4441, 0x4441, 0x4441, 0x4440, 0x4441, 0x4441, 0x4441, 0x4440, 0x4440, 0x4440, 0x4441,
 0x4c42, 0x5463, 0x4c63, 0x5463, 0x4c63, 0x5463, 0x5463, 0x5463, 0x4c63, 0x5463, 0x5463, 0x5463, 0x5463, 0x4c63, 0x5463, 0x5463,
 0x5463, 0x5463, 0x4c63, 0x4c63, 0x4c43, 0x5443, 0x5ca5, 0x858a, 0x5c84, 0x4c62, 0x4441, 0x4c41, 0x4c41, 0x4c41, 0x4c41, 0x4c41,
 0x5463, 0x5463, 0x5463, 0x4c43, 0x4c43, 0x4c43, 0x4c43, 0x5443, 0x5464, 0x6cc7, 0x7528, 0x5463, 0x4421, 0x4421, 0x4420, 0x4421,
 0x4441, 0x4421, 0x4441, 0x4420, 0x4440, 0x4441, 0x4441, 0x4440, 0x4441, 0x4441, 0x4441, 0x4441, 0x4441, 0x4441, 0x4440, 0x4441,
 0x4c41, 0x4c43, 0x4c63, 0x4c63, 0x4c63, 0x4c63, 0x4c63, 0x4c63, 0x4c43, 0x4c63, 0x4c43, 0x4c63, 0x4c63, 0x4c63, 0x4c63, 0x4c63,
 0x4c63, 0x4c43, 0x4c63, 0x4c63, 0x4c63, 0x5463, 0x4c63, 0x4c63, 0x4c43, 0x4c63, 0x4c63, 0x4c63, 0x4c43, 0x4c43, 0x4c63, 0x4c63,
 0x4c63, 0x4441, 0x4441, 0x4441, 0x4441, 0x4441, 0x4441, 0x4441, 0x4441, 0x4441, 0x4441, 0x4441, 0x4441, 0x4441, 0x4440, 0x4440,
 0x4441, 0x4441, 0x4441, 0x4441, 0x4441, 0x4440, 0x4441, 0x4441, 0x4441, 0x4441, 0x4421, 0x4441, 0x4440, 0x4441, 0x4441, 0x4c21,
 0x4c43, 0x4c43, 0x4c43, 0x4c43, 0x4c63, 0x5463, 0x4c63, 0x4c63, 0x4c63, 0x5463, 0x4c43, 0x4c63, 0x4c63, 0x5463, 0x5463, 0x5463,
 0x5463, 0x4c43, 0x5443, 0x4c43, 0x4c43, 0x7507, 0x6ce7, 0x5463, 0x4c21, 0x4421, 0x4421, 0x4c41, 0x4c41, 0x4c41, 0x4c41, 0x4c41,
 0x5463, 0x5463, 0x5463, 0x5463, 0x4c43, 0x5443, 0x4c43, 0x4c43, 0x4c43, 0x4c43, 0x5444, 0x6ce7, 0x64c6, 0x4c42, 0x4421, 0x4421,
 0x4441, 0x4441, 0x4441, 0x4441, 0x4441, 0x4c41, 0x4441, 0x4441, 0x4441, 0x4441, 0x4c41, 0x4c41, 0x4441, 0x4441, 0x4441, 0x4441,
 0x4441, 0x4c42, 0x5463, 0x5463, 0x5463, 0x5463, 0x5463, 0x5463, 0x4c63, 0x4c43, 0x4c43, 0x4c43, 0x5463, 0x4c63, 0x5463, 0x5463,
 0x5463, 0x5463, 0x4c63, 0x4c63, 0x4c63, 0x5463, 0x5463, 0x5463, 0x5463, 0x5463, 0x5463, 0x4c63, 0x4c63, 0x4c43, 0x4c63, 0x4c63,
 0x4c63, 0x4441, 0x4441, 0x4441, 0x4441, 0x4441, 0x4441, 0x4441, 0x4441, 0x4441, 0x4440, 0x4441, 0x4441, 0x4441, 0x4441, 0x4441,
 0x4441, 0x4441, 0x4441, 0x4441, 0x4441, 0x4441, 0x4441, 0x4441, 0x4441, 0x4441, 0x4441, 0x4441, 0x4441, 0x4441, 0x4441, 0x4c43,
 0x5443, 0x5443, 0x5443, 0x5443, 0x5463, 0x5443, 0x4c63, 0x4c63, 0x4c63, 0x5443, 0x5463, 0x5463, 0x5463, 0x5463, 0x5463, 0x5463,
 0x5463, 0x5443, 0x5464, 0x64a6, 0x7529, 0x5464, 0x4c42, 0x4c21, 0x4421, 0x4c41, 0x4421, 0x4c41, 0x4c41, 0x4c41, 0x4c41, 0x4c41,
 0x5464, 0x5464, 0x5464, 0x5444, 0x5464, 0x5444, 0x5444, 0x5444, 0x5443, 0x5443, 0x4c43, 0x5464, 0x64a6, 0x6ce7, 0x5444, 0x4c22,
 0x4c42, 0x4c42, 0x4c41, 0x4c41, 0x4c41, 0x4c41, 0x4c41, 0x4c41, 0x4c21, 0x4c42, 0x4c41, 0x4c42, 0x4c41, 0x4c41, 0x4c41, 0x4c42,
 0x4c42, 0x4c42, 0x5463, 0x5464, 0x5464, 0x5464, 0x5464, 0x5464, 0x5464, 0x5464, 0x5444, 0x5464, 0x5464, 0x5464, 0x5464, 0x5464,
 0x5464, 0x5464, 0x5464, 0x5464, 0x5464, 0x5464, 0x5464, 0x5464, 0x5464, 0x5463, 0x5443, 0x5464, 0x5444, 0x5463, 0x5463, 0x5463,
 0x5463, 0x4c42, 0x4c41, 0x4c41, 0x4c61, 0x4c41, 0x4c41, 0x4c61, 0x4c41, 0x4c41, 0x4441, 0x4c41, 0x4c41, 0x4c42, 0x4c41, 0x4c41,
 0x4c41, 0x4c41, 0x4c41, 0x4c41, 0x4c41, 0x4441, 0x4441, 0x4c41, 0x4c41, 0x4c41, 0x4441, 0x4441, 0x4441, 0x4c41, 0x4c43, 0x5444,
 0x5443, 0x5444, 0x5464, 0x5444, 0x5444, 0x5444, 0x5464, 0x5464, 0x5443, 0x5464, 0x5464, 0x5464, 0x5464, 0x5464, 0x5463, 0x5464,
 0x5464, 0x5c65, 0x6ce7, 0x74e9, 0x5c65, 0x4c22, 0x4c42, 0x4c41, 0x4c41, 0x4c41, 0x4c21, 0x4c41, 0x4c41, 0x4c41, 0x4c41, 0x4c42,
 0x7d29, 0x7d09, 0x7d29, 0x7d29, 0x7d29, 0x7d29, 0x7d09, 0x7d29, 0x7509, 0x7d29, 0x7d09, 0x7509, 0x7d09, 0x854b, 0xae30, 0x7d2a,
 0x74e8, 0x74e9, 0x74e9, 0x7509, 0x7508, 0x7508, 0x7508, 0x7508, 0x74e8, 0x7508, 0x7508, 0x7508, 0x7528, 0x7508, 0x7508, 0x7508,
 0x7528, 0x7508, 0x7508, 0x7d29, 0x7d29, 0x7d2a, 0x7d29, 0x7d2a, 0x7d2a, 0x7d4a, 0x7d2a, 0x7d2a, 0x7d29, 0x7d29, 0x7d29, 0x7d29,
 0x7d2a, 0x7d29, 0x7d4a, 0x7d4a, 0x7d4a, 0x7d2a, 0x7d2a, 0x7d2a, 0x7d2a, 0x7d2a, 0x7d2a, 0x7d2a, 0x7d2a, 0x7d2a, 0x7d4a, 0x7d29,
 0x7d29, 0x7508, 0x7508, 0x7508, 0x7508, 0x7508, 0x74e8, 0x7528, 0x7508, 0x7508, 0x7508, 0x7528, 0x7528, 0x7508, 0x7508, 0x7508,
 0x7508, 0x7508, 0x7528, 0x7508, 0x7508, 0x7508, 0x7508, 0x7528, 0x7508, 0x7508, 0x74e8, 0x7508, 0x7508, 0x7d09, 0x7d29, 0x7d29,
 0x7d4a, 0x7d2a, 0x7d2a, 0x7d2a, 0x7d2a, 0x7d4a, 0x7d2a, 0x7d2a, 0x7d29, 0x7d2a, 0x7d2a, 0x7d4a, 0x7d2a, 0x7d0a, 0x7d0a, 0x7d0a,
 0x7d2a, 0xa62f, 0x95ad, 0x7d09, 0x7509, 0x7529, 0x7508, 0x7508, 0x7508, 0x7508, 0x7508, 0x7508, 0x7508, 0x74e7, 0x7508, 0x74e8,
 0x64a6, 0x6486, 0x64a6, 0x6486, 0x64a6, 0x6486, 0x6486, 0x64a6, 0x6486, 0x64a6, 0x6486, 0x64a6, 0x6486, 0x6486, 0x6486, 0x64a6,
 0x7d0a, 0xdf39, 0xa5b2, 0x7ceb, 0x6466, 0x5c65, 0x5c64, 0x5c64, 0x5c64, 0x5c64, 0x5c64, 0x5c64, 0x5c64, 0x5c64, 0x5c64, 0x5c64,
 0x5c64, 0x5c64, 0x5c84, 0x5c85, 0x64a6, 0x64a6, 0x6486, 0x6486, 0x6486, 0x6486, 0x6486, 0x6486, 0x6486, 0x6486, 0x64a6, 0x64a6,
 0x64a7, 0x64a6, 0x64a7, 0x6486, 0x6486, 0x6486, 0x64a7, 0x64a6, 0x64a6, 0x64a6, 0x64a6, 0x64a6, 0x64a6, 0x6486, 0x5c86, 0x5c86,
 0x6486, 0x5464, 0x5c64, 0x5c64, 0x5c64, 0x5464, 0x5c64, 0x5444, 0x5464, 0x5464, 0x5c64, 0x5c64, 0x5c64, 0x5c64, 0x5c64, 0x5c64,
 0x5c64, 0x5c64, 0x5c64, 0x5c64, 0x5c64, 0x5c64, 0x5c64, 0x5c64, 0x5c64, 0x5c64, 0x5c64, 0x5c64, 0x5c65, 0x6486, 0x64a6, 0x6486,
 0x6486, 0x6486, 0x64a6, 0x6486, 0x64a6, 0x6486, 0x6486, 0x6486, 0x64a6, 0x6486, 0x6486, 0x64a7, 0x6cc9, 0x8d6e, 0xadf4, 0xd6f8,
 0x5c66, 0x5c65, 0x5c65, 0x5c64, 0x5c85, 0x5c64, 0x5c64, 0x5c64, 0x5464, 0x5c64, 0x5464, 0x5c64, 0x5464, 0x5c64, 0x5c64, 0x5c64,
 0x5444, 0x4c24, 0x5424, 0x5424, 0x5444, 0x5444, 0x5444, 0x5444, 0x5444, 0x5444, 0x5444, 0x5444, 0x5444, 0x5424, 0x5424, 0x5444,
 0x74c9, 0xdf3b, 0x9d73, 0x8d0e, 0x8d2f, 0x7cec, 0x6466, 0x4c23, 0x43e2, 0x4c02, 0x43e2, 0x4be2, 0x4be2, 0x4c02, 0x4c02, 0x4c02,
 0x4c02, 0x4c02, 0x4c02, 0x4c02, 0x5423, 0x5424, 0x5424, 0x5424, 0x5424, 0x5424, 0x5424, 0x5424, 0x5424, 0x5424, 0x5424, 0x5424,
 0x5424, 0x5424, 0x5424, 0x5424, 0x5424, 0x5424, 0x5424, 0x5424, 0x5424, 0x5444, 0x5424, 0x5424, 0x5424, 0x5424, 0x5424, 0x5424,
 0x5424, 0x43e2, 0x4402, 0x43e2, 0x43e2, 0x43e2, 0x43e1, 0x4c01, 0x43e1, 0x4402, 0x43e1, 0x43e2, 0x4402, 0x43e2, 0x43e2, 0x43e1,
 0x4402, 0x43e2, 0x43e2, 0x43e2, 0x43e2, 0x4c02, 0x43e2, 0x4c02, 0x4c01, 0x4c02, 0x4401, 0x4c02, 0x5424, 0x5444, 0x5424, 0x5424,
 0x5424, 0x5424, 0x5444, 0x5424, 0x5424, 0x5424, 0x5424, 0x5424, 0x5424, 0x5c46, 0x6c89, 0x850d, 0x8d2e, 0x84cd, 0xadd5, 0xdf19,
 0x5423, 0x4401, 0x4401, 0x4401, 0x4401, 0x4401, 0x43e1, 0x4401, 0x4401, 0x4c01, 0x4401, 0x4421, 0x4421, 0x4401, 0x4c21, 0x4c01,
 0x53a5, 0x4ba4, 0x4ba4, 0x53a4, 0x53a5, 0x53a5, 0x53a4, 0x53a5, 0x53a5, 0x53c5, 0x53a4, 0x53a5, 0x53a4, 0x4ba4, 0x53a5, 0x53c5,
 0x7469, 0xdf3b, 0x9d53, 0x7c6d, 0x7c8d, 0x7c8d, 0x84ad, 0x84cd, 0x74aa, 0x74ab, 0x7cab, 0x7cab, 0x748a, 0x7c8a, 0x7ccb, 0x7cab,
 0x7cab, 0x7cab, 0x7cab, 0x7caa, 0x7cab, 0x7ccb, 0x7ccc, 0x7ccc, 0x7ccb, 0x7ccc, 0x7ccc, 0x7ccc, 0x84ec, 0x7ccc, 0x84cc, 0x7ccc,
 0x84ec, 0x7ccb, 0x7ccb, 0x84cc, 0x84ec, 0x7ccc, 0x7ccc, 0x84ec, 0x7ccc, 0x84ec, 0x84ec, 0x84cc, 0x84ed, 0x84ed, 0x84ec, 0x7ccb,
 0x84cc, 0x7cab, 0x7c8b, 0x7cab, 0x7ccc, 0x7ccc, 0x7cab, 0x84cc, 0x7ccb, 0x7cab, 0x7cab, 0x7cab, 0x7cab, 0x7cab, 0x7c8b, 0x7c8b,
 0x7cab, 0x7cab, 0x7cab, 0x7cab, 0x7cab, 0x7cab, 0x7cab, 0x7ccb, 0x7cab, 0x7ccb, 0x7cab, 0x7cab, 0x7cab, 0x7cab, 0x7cac, 0x7cab,
 0x7ccc, 0x84ec, 0x84ec, 0x84ec, 0x7ccc, 0x84cc, 0x7ccb, 0x84ec, 0x84ec, 0x952f, 0x84ce, 0x84ce, 0x84ad, 0x746c, 0xadb5, 0xdef9,
 0x53a4, 0x4b82, 0x4b82, 0x4b83, 0x4b83, 0x4b83, 0x4b82, 0x4b83, 0x4b83, 0x4b82, 0x4ba2, 0x4ba2, 0x4ba2, 0x4382, 0x4b82, 0x4382,
 0x7942, 0x7122, 0x7922, 0x7902, 0x7922, 0x7922, 0x7122, 0x7922, 0x7102, 0x7922, 0x7122, 0x7942, 0x7122, 0x7122, 0x7122, 0x7122,
 0x8a88, 0xe71b, 0xa513, 0x8b6c, 0x834b, 0x82e9, 0x830a, 0x938b, 0xa42e, 0x834b, 0x7ae9, 0x8b6b, 0x936b, 0x8b2a, 0x830a, 0x834b,
 0x93ac, 0x8b4b, 0x834b, 0x8b6c, 0x938c, 0x938c, 0x832b, 0x8b4b, 0x832b, 0x93ac, 0x830a, 0x8b8c, 0x93ac, 0x8b8c, 0x8b6b, 0x832a,
 0x93cc, 0x938b, 0x8b4b, 0x834b, 0x93ac, 0x93cc, 0x8b4b, 0x8b6b, 0x8b4b, 0xa40d, 0x8b8b, 0x830a, 0x938c, 0x9bcc, 0x9bac, 0x832a,
 0x9bcd, 0x9bac, 0x938c, 0x8b2b, 0x936b, 0x9bcd, 0x936b, 0x8b4b, 0x8b4b, 0x9bed, 0x9bcc, 0x8b4b, 0x938b, 0x9bac, 0x9bcc, 0x8b6b,
 0x938b, 0x938c, 0x9bcc, 0x8b4b, 0x8b2a, 0x9bac, 0x938b, 0x8b6b, 0x8b2a, 0x93ac, 0x9bcc, 0x8b6b, 0x8b2a, 0x936b, 0xa3ed, 0x8b6b,
 0x8b4b, 0x8b4b, 0x9bed, 0x8b6b, 0x8b4b, 0x938b, 0x938b, 0x8b6c, 0xa490, 0x93ac, 0x8b6b, 0x8b6b, 0x834b, 0x7b4b, 0xad95, 0xdeb9,
 0x7943, 0x7902, 0x7922, 0x7922, 0x7922, 0x7922, 0x7902, 0x7922, 0x7902, 0x7922, 0x7922, 0x7922, 0x7922, 0x7922, 0x7922, 0x7121,
 0xc861, 0xc861, 0xc860, 0xc860, 0xc840, 0xc861, 0xc860, 0xc860, 0xc840, 0xc841, 0xc861, 0xc861, 0xc861, 0xc861, 0xc861, 0xc861,
 0xc227, 0xe6fb, 0xacf2, 0xab0a, 0xb288, 0xaa47, 0xb247, 0xb30a, 0xbbcd, 0xb288, 0xb227, 0xaa47, 0xb268, 0xb247, 0xa9e6, 0xaa27,
 0xb268, 0xb247, 0xb227, 0xb247, 0xb2a9, 0xb2a9, 0xaa06, 0xaa07, 0xb247, 0xb268, 0xb247, 0xaa47, 0xb2a9, 0xb288, 0xb247, 0xaa27,
 0xaa47, 0xb288, 0xb247, 0xaa27, 0xaa68, 0xb2c9, 0xaa47, 0xaa27, 0xb247, 0xb2a9, 0xb268, 0xaa07, 0xaa47, 0xb2a9, 0xb2a9, 0xaa27,
 0xb288, 0xbaa8, 0xb268, 0xb247, 0xaa67, 0xbac9, 0xb288, 0xaa67, 0xb227, 0xb288, 0xb268, 0xaa27, 0xb227, 0xb2a8, 0xbac9, 0xb247,
 0xb248, 0xba67, 0xba88, 0xb227, 0xb227, 0xb268, 0xb268, 0xb288, 0xaa06, 0xb288, 0xbaa9, 0xb247, 0xaa27, 0xaa47, 0xbac9, 0xb247,
 0xaa47, 0xb247, 0xbaa9, 0xba68, 0xb227, 0xb268, 0xb2a8, 0xb2a9, 0xbc2e, 0xb32a, 0xb2a9, 0xb288, 0xb2a9, 0xaaea, 0xb595, 0xe699,
 0xc0a2, 0xc840, 0xc860, 0xc861, 0xc861, 0xc861, 0xc840, 0xc840, 0xc840, 0xc841, 0xc861, 0xc861, 0xc861, 0xc861, 0xc860, 0xc860,
 0xd840, 0xd840, 0xe040, 0xd820, 0xd820, 0xd840, 0xd840, 0xe040, 0xd820, 0xe020, 0xe040, 0xe040, 0xe020, 0xe040, 0xe040, 0xd840,
 0xd207, 0xe6fa, 0xacf2, 0xaa47, 0xba67, 0xc2a8, 0xc2c8, 0xc30a, 0xc3ed, 0xbaa8, 0xb247, 0xba68, 0xba47, 0xba47, 0xba67, 0xba27,
 0xba67, 0xba47, 0xba68, 0xba47, 0xbaa8, 0xc2a8, 0xba47, 0xba47, 0xba67, 0xc288, 0xb227, 0xba88, 0xc288, 0xc288, 0xba88, 0xba48,
 0xba68, 0xba27, 0xba88, 0xba47, 0xba88, 0xba88, 0xba88, 0xba67, 0xba47, 0xc268, 0xba47, 0xba67, 0xba67, 0xba67, 0xc2a8, 0xba67,
 0xba67, 0xba47, 0xc2a8, 0xba67, 0xba88, 0xbaa8, 0xba88, 0xba88, 0xba47, 0xc288, 0xb227, 0xc288, 0xba47, 0xc288, 0xc2a8, 0xba47,
 0xc268, 0xba47, 0xc288, 0xba47, 0xc288, 0xc247, 0xc267, 0xc288, 0xba47, 0xba67, 0xba47, 0xba68, 0xba27, 0xba47, 0xc2a8, 0xba67,
 0xc2a8, 0xba27, 0xc267, 0xba47, 0xba47, 0xba47, 0xc267, 0xc2e9, 0xbc0e, 0xbaa8, 0xbaa8, 0xba67, 0xba88, 0xb32a, 0xb595, 0xe679,
 0xd0a1, 0xd840, 0xd840, 0xd840, 0xd840, 0xe040, 0xd820, 0xd820, 0xd820, 0xe040, 0xd840, 0xd840, 0xd840, 0xd840, 0xd840, 0xd840,
 0xd840, 0xe040, 0xe040, 0xe040, 0xe040, 0xe040, 0xd820, 0xe020, 0xe020, 0xe020, 0xe040, 0xe040, 0xe040, 0xe040, 0xe040, 0xd840,
 0xca07, 0xe6fb, 0xacd1, 0xaa06, 0xba26, 0xc288, 0xc288, 0xbaa8, 0xcbed, 0xbaa8, 0xc267, 0xba06, 0xc247, 0xba47, 0xc247, 0xc247,
 0xc288, 0xc267, 0xba47, 0xc267, 0xba47, 0xc267, 0xba47, 0xba47, 0xc267, 0xba47, 0xc288, 0xba67, 0xc287, 0xba47, 0xba47, 0xc267,
 0xc267, 0xc268, 0xc268, 0xba67, 0xba88, 0xc287, 0xba67, 0xba67, 0xc267, 0xc268, 0xc268, 0xba47, 0xba67, 0xba47, 0xba47, 0xba47,
 0xba47, 0xc267, 0xba47, 0xc267, 0xba67, 0xc2a8, 0xba47, 0xc247, 0xc247, 0xba67, 0xc267, 0xc247, 0xc267, 0xba47, 0xc267, 0xc247,
 0xba26, 0xc247, 0xc268, 0xc288, 0xc247, 0xc267, 0xba27, 0xc247, 0xba47, 0xc267, 0xc267, 0xba27, 0xc267, 0xc267, 0xc267, 0xc267,
 0xc247, 0xc247, 0xba47, 0xc267, 0xba26, 0xc247, 0xc267, 0xc2c9, 0xc42e, 0xc2a8, 0xcb09, 0xba46, 0xba06, 0xb2a9, 0xb595, 0xee79,
 0xd081, 0xd840, 0xd840, 0xd840, 0xd840, 0xe040, 0xd840, 0xd840, 0xd840, 0xd840, 0xd840, 0xd840, 0xd840, 0xd840, 0xe040, 0xd840,
 0xe040, 0xe040, 0xe040, 0xe040, 0xe020, 0xe020, 0xe020, 0xd820, 0xd820, 0xe040, 0xd840, 0xd840, 0xd840, 0xd840, 0xe040, 0xd840,
 0xca07, 0xe6fa, 0xb4f2, 0xa9e5, 0xba26, 0xc2a8, 0xc2a8, 0xc2c8, 0xcc2e, 0xba88, 0xb1e5, 0xba27, 0xba27, 0xba27, 0xba06, 0xc226,
 0xc268, 0xba27, 0xc247, 0xba06, 0xba47, 0xba27, 0xba26, 0xba27, 0xba47, 0xc288, 0xba27, 0xc247, 0xba47, 0xba67, 0xba06, 0xba26,
 0xc268, 0xc268, 0xc268, 0xba26, 0xba67, 0xc288, 0xc267, 0xc226, 0xba47, 0xc2a9, 0xc268, 0xba27, 0xba47, 0xc288, 0xc247, 0xb206,
 0xba47, 0xc288, 0xc288, 0xba27, 0xba68, 0xc2a9, 0xc267, 0xc227, 0xba06, 0xc2a8, 0xc267, 0xc267, 0xba47, 0xc2a9, 0xc267, 0xba06,
 0xba26, 0xba26, 0xc2a9, 0xc267, 0xc267, 0xc247, 0xc267, 0xba26, 0xb9e6, 0xba47, 0xc267, 0xc247, 0xc247, 0xc267, 0xc288, 0xc247,
 0xc226, 0xba06, 0xc267, 0xba47, 0xba26, 0xc247, 0xc267, 0xbac9, 0xccb0, 0xba47, 0xb1c5, 0xc247, 0xba27, 0xb247, 0xb574, 0xee99,
 0xd0a1, 0xe040, 0xe040, 0xd820, 0xd840, 0xd840, 0xd840, 0xd840, 0xd840, 0xd840, 0xd840, 0xd840, 0xd820, 0xd840, 0xd840, 0xd840,
 0xe040, 0xe020, 0xe020, 0xe020, 0xe020, 0xe020, 0xe040, 0xe040, 0xe020, 0xe040, 0xe040, 0xe040, 0xe040, 0xe040, 0xe040, 0xd840,
 0xca07, 0xe6fa, 0xacd2, 0xb267, 0xba26, 0xba06, 0xc267, 0xcb2a, 0xcbed, 0xba47, 0xba06, 0xba26, 0xba67, 0xba27, 0xba26, 0xba26,
 0xba47, 0xba47, 0xba27, 0xba27, 0xba27, 0xba47, 0xb9e6, 0xba47, 0xba47, 0xc288, 0xba47, 0xba27, 0xba47, 0xba27, 0xba27, 0xba27,
 0xba68, 0xc288, 0xc288, 0xba47, 0xba47, 0xc267, 0xba06, 0xba27, 0xba47, 0xc2a9, 0xc288, 0xba27, 0xba27, 0xba47, 0xba47, 0xba26,
 0xba67, 0xba88, 0xc288, 0xba67, 0xba47, 0xc288, 0xc268, 0xc247, 0xba27, 0xc268, 0xc267, 0xc267, 0xc247, 0xba47, 0xba27, 0xba06,
 0xba47, 0xc267, 0xba68, 0xba47, 0xba47, 0xba47, 0xba27, 0xba06, 0xba27, 0xba47, 0xc288, 0xc288, 0xba47, 0xba47, 0xc288, 0xba26,
 0xba27, 0xba27, 0xba47, 0xba26, 0xba06, 0xc247, 0xc267, 0xbaa8, 0xcc6f, 0xc2e9, 0xba88, 0xba47, 0xba47, 0xb288, 0xb594, 0xee99,
 0xd081, 0xe020, 0xe020, 0xd820, 0xd840, 0xd840, 0xd840, 0xd840, 0xd840, 0xd840, 0xd840, 0xd820, 0xd820, 0xd820, 0xe020, 0xd840,
 0xd860, 0xd840, 0xd840, 0xd840, 0xd840, 0xd840, 0xd860, 0xd860, 0xd840, 0xd840, 0xd840, 0xd840, 0xd840, 0xd040, 0xd840, 0xd060,
 0xca27, 0xe6fa, 0xacd2, 0xb2c9, 0xba47, 0xba47, 0xc2e9, 0xc32a, 0xc3ed, 0xba88, 0xba47, 0xba47, 0xba67, 0xba68, 0xbaa8, 0xba47,
 0xba88, 0xba68, 0xba67, 0xba68, 0xc268, 0xc2a8, 0xba88, 0xbaa8, 0xba67, 0xba88, 0xba68, 0xba88, 0xba67, 0xba27, 0xba48, 0xba88,
 0xbaa9, 0xba68, 0xbaa9, 0xba68, 0xba67, 0xba68, 0xba67, 0xba68, 0xba88, 0xc288, 0xc268, 0xc288, 0xc288, 0xc267, 0xc2a8, 0xba88,
 0xbaa9, 0xba67, 0xc2a9, 0xc288, 0xc288, 0xc2a9, 0xba47, 0xc288, 0xc288, 0xc268, 0xba47, 0xc288, 0xc288, 0xc268, 0xc268, 0xc267,
 0xc288, 0xc267, 0xc288, 0xc288, 0xba68, 0xba68, 0xba47, 0xba68, 0xba47, 0xc288, 0xc2a8, 0xc2a8, 0xba68, 0xba47, 0xc2a8, 0xba88,
 0xba67, 0xc288, 0xc288, 0xba47, 0xc247, 0xc288, 0xc267, 0xbaa8, 0xc44f, 0xc30a, 0xc2c8, 0xba88, 0xba88, 0xb2c9, 0xb574, 0xe679,
 0xd0a1, 0xd040, 0xd040, 0xd040, 0xd040, 0xd060, 0xd060, 0xd040, 0xd040, 0xd040, 0xd040, 0xd040, 0xd040, 0xd040, 0xd061, 0xd061,
 0x90c2, 0x88a2, 0x90c2, 0x90c2, 0x90e2, 0x9103, 0x8903, 0x90e3, 0x90e3, 0x98e3, 0x90a2, 0x90a2, 0x90a2, 0x90a2, 0x90a2, 0x90a2,
 0x9a48, 0xe6fb, 0xacf3, 0x92a9, 0x9a88, 0x9a88, 0x9aa9, 0x9ac9, 0xabcd, 0xa2c9, 0x9a48, 0x9a68, 0x9a88, 0x9248, 0xa2a9, 0x9a68,
 0x9a88, 0x9248, 0x9a89, 0x9a68, 0xa2a9, 0xa2c9, 0x9a88, 0xa2a8, 0x9a47, 0x9aa9, 0x9a89, 0x9a89, 0x9aa9, 0x9a89, 0x9aa9, 0x9a68,
 0x9a88, 0x9a88, 0x9a88, 0xa289, 0xa2ea, 0xa2ea, 0x9a88, 0xa2a9, 0x9a68, 0xa2ea, 0xa2a9, 0x9a89, 0xa2a9, 0xa289, 0x9aca, 0x9a68,
 0xa2a9, 0x9a88, 0xa2ea, 0xa2a9, 0xa2a9, 0xa2ea, 0x9a88, 0xa2c9, 0xa2a9, 0xaaa9, 0xa288, 0xa2a9, 0xa288, 0xa2c9, 0xaaca, 0xa268,
 0xaac9, 0x9a68, 0xa2c9, 0xa269, 0xa289, 0xaaeb, 0x9a89, 0xa2a9, 0x9a89, 0xa2c9, 0xa2a9, 0xa288, 0x9a88, 0x9a67, 0xa2ea, 0x9a88,
 0x9aa9, 0x9aa9, 0xa2a9, 0xa288, 0x9a68, 0xa288, 0xa2a8, 0x9ac9, 0xac0e, 0x9ac9, 0xa2c8, 0xa2c9, 0x9ac9, 0x934b, 0xb5b5, 0xde79,
 0x9103, 0x88c3, 0x88e3, 0x88a2, 0x88a2, 0x90c2, 0x90c2, 0x88e2, 0x80c2, 0x88e3, 0x88c2, 0x88c2, 0x88c2, 0x88c2, 0x80e3, 0x80e3,
 0x1843, 0x1885, 0x20a4, 0x4165, 0x636c, 0x5bee, 0x436d, 0x21e7, 0x31c7, 0x5248, 0x30e3, 0x2083, 0x4125, 0x3061, 0x2861, 0x5a06,
 0x5a89, 0xe71b, 0x9d14, 0x6b0c, 0x62cb, 0x5a6b, 0x5a8b, 0x6b0d, 0x8c0f, 0x5aca, 0x630b, 0x62ea, 0x62ca, 0x4a69, 0x6450, 0x63ef,
 0x5acb, 0x5acb, 0x6c70, 0x6c2f, 0x630c, 0x6b0c, 0x5aca, 0x62ea, 0x5289, 0x5aab, 0x5aed, 0x6b4f, 0x6b91, 0x6b91, 0x5aee, 0x8bcd,
 0x8b6b, 0x732c, 0x62cb, 0x736d, 0x84b1, 0x8cb0, 0x940c, 0x838b, 0x6aea, 0x8c2f, 0x9cd1, 0x62cb, 0x5a6a, 0x62ab, 0x62ab, 0x526a,
 0x5a6a, 0x6b0c, 0x6b4d, 0x7470, 0x7470, 0x634c, 0x634c, 0x6c4f, 0x6b8c, 0x6b4c, 0x742f, 0x6c50, 0x63ee, 0x740f, 0x7cb1, 0x84b0,
 0xb532, 0x838d, 0x6b0c, 0x5aac, 0x8432, 0x6b4e, 0x83ae, 0x7bee, 0x6c70, 0x6c90, 0x844f, 0x736c, 0x734c, 0x62ca, 0x6b2c, 0x5aca,
 0x5bce, 0x6450, 0x7bee, 0x836c, 0x5a48, 0x7b4c, 0x730a, 0x62ca, 0x9c90, 0x9bec, 0x9bec, 0x83ac, 0x6b2a, 0x738c, 0xadb5, 0xd69a,
 0x42ec, 0x32ac, 0x3a2e, 0x31ac, 0x5209, 0x51a6, 0x3165, 0x3269, 0x3aeb, 0x2947, 0x2907, 0x3126, 0x3965, 0x3186, 0x3aaa, 0x42c9,
 0x18e6, 0x10a6, 0x18c5, 0x3228, 0x33ad, 0x3cd2, 0x3c91, 0x1a49, 0x08e4, 0x2145, 0x10a3, 0x18c5, 0x2106, 0x30e4, 0x1841, 0x5268,
 0x52aa, 0xdf1b, 0x9514, 0x5aec, 0x4a8c, 0x4a6c, 0x632f, 0x634e, 0x7c0f, 0x530c, 0x53ae, 0x94f3, 0x73cf, 0x42cb, 0x4cf2, 0x4c91,
 0x4aec, 0x532d, 0x6512, 0x5cf2, 0x5b8f, 0x6baf, 0x52cb, 0x5b2a, 0x4aa9, 0x52cc, 0x532f, 0x63d2, 0x8cf6, 0x8d37, 0x5b72, 0x7bae,
 0x83cd, 0x630c, 0x5aec, 0x530c, 0x7cf3, 0x8d74, 0x9ccd, 0x946d, 0x740f, 0x7c70, 0x8491, 0x5b0c, 0x52cc, 0x5aec, 0x634e, 0x52ac,
 0x5acc, 0x5aec, 0x5b6e, 0x6513, 0x6553, 0x5c30, 0x538d, 0x6533, 0x5c91, 0x6450, 0x64b2, 0x6533, 0x5cd2, 0x5cf2, 0x6d74, 0x7512,
 0x8c4e, 0x6b4d, 0x5b0e, 0x52ee, 0x5b4f, 0x638f, 0x8c0e, 0x746f, 0x6553, 0x6574, 0x74b1, 0x8490, 0x632c, 0x528a, 0x632c, 0x428a,
 0x540e, 0x6512, 0x84f2, 0x8c0f, 0x5269, 0x4a08, 0x630b, 0x52ab, 0x9cd2, 0xa44d, 0x93cb, 0x632a, 0x52a8, 0x630a, 0xad95, 0xd6ba,
 0x33b0, 0x2391, 0x2251, 0x2a10, 0x630d, 0x6b2b, 0x2208, 0x3451, 0x3410, 0x196a, 0x1929, 0x31a9, 0x18e4, 0x3a28, 0x64b2, 0x6bcd,
 0x2146, 0x10a5, 0x1906, 0x3b2d, 0x2d13, 0x24d2, 0x2c30, 0x1a29, 0x1904, 0x31a7, 0x2986, 0x2146, 0x2106, 0x2082, 0x30e3, 0x5ac9,
 0x632b, 0xdf1b, 0x9514, 0x636e, 0x52ed, 0x632f, 0x6b90, 0x6b8f, 0x8450, 0x4b4c, 0x5c50, 0x9534, 0x8471, 0x434d, 0x44d2, 0x4430,
 0x4aec, 0x5bae, 0x5d12, 0x64f2, 0x6bf0, 0x6b6e, 0x634c, 0x6b8c, 0x6bcc, 0x52ec, 0x63d0, 0x6c52, 0x7cd4, 0x7c95, 0x63b2, 0x632d,
 0x6b2c, 0x630c, 0x5aec, 0x5b0d, 0x63ae, 0x9512, 0x9c8c, 0x94af, 0x9553, 0x84b1, 0x740e, 0x5b0c, 0x5aec, 0x5aec, 0x6b6e, 0x5aed,
 0x52ab, 0x5aec, 0x63ae, 0x6573, 0x6574, 0x6d12, 0x53ce, 0x5d33, 0x5d53, 0x64f2, 0x5cd2, 0x5d33, 0x5d33, 0x5533, 0x6594, 0x6d12,
 0x73ed, 0x6b8e, 0x52cd, 0x530e, 0x5b2e, 0x7bce, 0x942d, 0x6c2e, 0x6594, 0x6d94, 0x7cf2, 0x8cb2, 0x636e, 0x52ec, 0x634d, 0x4aeb,
 0x5c70, 0x6c50, 0x8471, 0x7bef, 0x526a, 0x4a49, 0x738c, 0x4a69, 0x94b1, 0xa42d, 0x8baa, 0x6309, 0x732a, 0x734b, 0xad95, 0xd6fb,
 0x3431, 0x23b0, 0x4b71, 0x326f, 0x632d, 0x7bce, 0x22ab, 0x2471, 0x2bf0, 0x196a, 0x3a2d, 0x4ace, 0x42ab, 0x4b2c, 0x8db6, 0x7c2f,
 0x326a, 0x10e4, 0x1926, 0x43f0, 0x3595, 0x2513, 0x1b2c, 0x328b, 0x426a, 0x5aec, 0x4aaa, 0x3186, 0x2904, 0x30e3, 0x3944, 0x4228,
 0x630b, 0xe73c, 0x9d55, 0x5b6f, 0x530e, 0x73f1, 0x73cf, 0x73ef, 0x8470, 0x53ad, 0x6cf2, 0x84f3, 0x7410, 0x5cb2, 0x5574, 0x43ae,
 0x42ab, 0x534c, 0x6d53, 0x5c91, 0x63af, 0x7c10, 0x9d13, 0x638c, 0x6bcb, 0x6b8c, 0x5b4d, 0x7cb2, 0x6c31, 0x5b70, 0x530e, 0x4a8a,
 0x5a8a, 0x5aab, 0x5a8a, 0x5249, 0x5aaa, 0x736b, 0x9c2c, 0x94f1, 0x7cb1, 0x9574, 0x8cae, 0x6b6b, 0x4aaa, 0x52ec, 0x73ae, 0x52ab,
 0x4a6a, 0x4a6a, 0x5b8d, 0x5d32, 0x6d94, 0x7513, 0x4b6d, 0x6512, 0x6553, 0x5cd1, 0x5d12, 0x5d54, 0x5d33, 0x5d53, 0x5d33, 0x7511,
 0x634b, 0x632c, 0x52ed, 0x4aac, 0x6b4c, 0x8bec, 0x8bec, 0x7c6f, 0x6553, 0x75b5, 0x74b2, 0x6bcf, 0x530c, 0x52cb, 0x530c, 0x3aab,
 0x5bef, 0x632c, 0x8c70, 0x734c, 0x4a08, 0x734c, 0x83ac, 0x4a69, 0x9cf2, 0xa44e, 0x93ec, 0x6b4a, 0x6ae9, 0x7b8c, 0xadb5, 0xceba,
 0x4451, 0x3492, 0x53f1, 0x3a6d, 0x5b2c, 0x8470, 0x4bef, 0x3d34, 0x33af, 0x1928, 0x1929, 0x74d6, 0x6493, 0x8534, 0x7db7, 0x4c11,
 0x4b6f, 0x3209, 0x19a9, 0x5d15, 0x6e18, 0x65d7, 0x228a, 0x5b8e, 0x9d96, 0x8d14, 0x6bef, 0x31a6, 0x62ea, 0x5248, 0x3145, 0x31a6,
 0x634c, 0xdf3b, 0x9514, 0x6bd0, 0x7431, 0x7c30, 0x842c, 0x848f, 0x9533, 0x6c91, 0x6470, 0x536d, 0x6bef, 0x6cb2, 0x5c92, 0x4b2d,
 0x4acc, 0x63ae, 0x74f2, 0x7513, 0x5bcf, 0x8451, 0x8c91, 0x63ad, 0x9511, 0x842e, 0x7c0e, 0x73ef, 0x7c30, 0x5b4e, 0x7cd3, 0x62aa,
 0x7aa9, 0x82ea, 0x7a89, 0x7268, 0x72ea, 0x7329, 0x8beb, 0x9533, 0x8db6, 0x9595, 0x840c, 0x7baa, 0x5b4c, 0x63cf, 0x7cb2, 0x5b2d,
 0x528a, 0x6b0b, 0x634c, 0x8532, 0x7d33, 0x63ee, 0x530c, 0x642f, 0x74b1, 0x640f, 0x8574, 0x85b5, 0x7574, 0x64f2, 0x74d2, 0x7c4d,
 0x83ea, 0x738d, 0x5b6f, 0x530d, 0x738d, 0x738c, 0x6b6c, 0x7490, 0x85d5, 0x85d6, 0x7534, 0x5bd0, 0x63af, 0x530c, 0x532d, 0x436e,
 0x4bcf, 0x42ec, 0x6bae, 0x6b4d, 0x632c, 0x840e, 0x940c, 0x83cd, 0x9d34, 0x8cb0, 0x8c6f, 0x6b6b, 0x5aea, 0xb5b4, 0xbe17, 0xce99,
 0x3aca, 0x6d95, 0x536d, 0x29a6, 0x42aa, 0x7cb2, 0x6410, 0x4430, 0x5c52, 0x320b, 0x4b91, 0x4495, 0x4c73, 0x84f2, 0x54d5, 0x4d36,
 0x19ea, 0x3acd, 0x2b90, 0x6577, 0x43d0, 0x332e, 0x1167, 0x29a7, 0x6c30, 0x430d, 0x31e7, 0x4207, 0x6b8d, 0x6bce, 0x7431, 0x7cb2,
 0x8cd3, 0xdf3c, 0x9d33, 0x84b1, 0x8d54, 0x6bee, 0x844b, 0x8cef, 0x8cf2, 0x6491, 0x432c, 0x4b6c, 0x536d, 0x5b8e, 0x534e, 0x7452,
 0x5b8f, 0x534e, 0x6410, 0x538e, 0x638e, 0x6bac, 0x846c, 0x5bae, 0x8534, 0x8513, 0x84d1, 0x7c70, 0x742f, 0x7430, 0x8534, 0x734c,
 0x8b4b, 0x8b0a, 0x82a9, 0x7ac9, 0x840e, 0x84b0, 0x7c4e, 0x63ae, 0x6c92, 0x8576, 0x8533, 0x6bad, 0x6c10, 0x74b2, 0x74f3, 0x53d0,
 0x632d, 0x6b0c, 0x738d, 0x738d, 0x7c0e, 0x636c, 0x5b2c, 0x636b, 0x6bab, 0x73cd, 0x84d2, 0x7cd2, 0x7512, 0x6c70, 0x636c, 0x7be9,
 0x8c29, 0x73ac, 0x6bf1, 0x5390, 0x5370, 0x5bb1, 0x5bb1, 0x6c53, 0x6cd4, 0x7535, 0x6cf4, 0x6493, 0x5bd0, 0x534d, 0x4b6e, 0x434f,
 0x3b0f, 0x3b4f, 0x434f, 0x3aed, 0x4b2e, 0x7c2f, 0x9c2c, 0x8bcc, 0x9534, 0x7c92, 0x6c10, 0x63ef, 0x63ad, 0x738a, 0xb5d5, 0xd6b9,
 0x4206, 0x4b6c, 0x7bec, 0x52c9, 0x2b2e, 0x3454, 0x3390, 0x2a29, 0x3229, 0x222b, 0x2c14, 0x2476, 0x3495, 0x6d56, 0x3cb5, 0x1c54,
 0x224b, 0x2aee, 0x4432, 0x6db7, 0x2aed, 0x11c9, 0x2187, 0x1925, 0x5b6e, 0x434e, 0x1966, 0x21a7, 0x2a49, 0x32aa, 0x5c51, 0x74f4,
 0x95b6, 0xdf3c, 0x94f3, 0x84d2, 0x95b6, 0x84d1, 0x73c9, 0x842c, 0x8470, 0x7cb0, 0x5349, 0x6c2c, 0x4aea, 0x4acb, 0x8cf3, 0x7c92,
 0x5bb0, 0x536e, 0x6c10, 0x63d0, 0x63af, 0x7c4e, 0x84eb, 0x6c2f, 0x6451, 0x6431, 0x6c51, 0x8513, 0x84d2, 0x740f, 0x8d34, 0x73ef,
 0xa512, 0x942e, 0x82c9, 0x6aa9, 0x7450, 0x8533, 0x63ae, 0x5b8e, 0x7451, 0x8d35, 0x7cb3, 0x7451, 0x740f, 0x6bef, 0x6430, 0x4b6e,
 0x5b0c, 0x632c, 0x6b4d, 0x6b4c, 0x7bac, 0x7bac, 0x5b2b, 0x7c0a, 0xbe4c, 0x8c8c, 0x9cf2, 0x842f, 0x8450, 0x6c0e, 0x6b8c, 0x7bc9,
 0x83e9, 0x738b, 0x7411, 0x53b1, 0x53b2, 0x5bf3, 0x4b92, 0x6434, 0x53d3, 0x6474, 0x6c94, 0x6cb3, 0x6411, 0x530d, 0x5b6e, 0x534e,
 0x538f, 0x4b6f, 0x4b6f, 0x430e, 0x430d, 0x7c0f, 0x9c2c, 0x9c6e, 0x9554, 0x8410, 0x8b6d, 0x7c10, 0x6c10, 0x83ec, 0xb5b5, 0xdeda,
 0x6b8b, 0x3b4d, 0x7c0d, 0x742f, 0x3433, 0x2c55, 0x2bb1, 0x3229, 0x2a08, 0x22ae, 0x23f5, 0x2436, 0x2435, 0x3434, 0x3c54, 0x2413,
 0x10e6, 0x29ea, 0x3acd, 0x7597, 0x3bb0, 0x432e, 0x2187, 0x434d, 0x53cf, 0x53d0, 0x21e9, 0x3a8c, 0x32ab, 0x4b6a, 0x6c8a, 0x640d,
 0x7431, 0xdf3c, 0x9513, 0x5b6d, 0x5b6d, 0x5b2b, 0x5b08, 0x840d, 0x8450, 0x63ac, 0x954e, 0x6bea, 0x5309, 0x52eb, 0x6bce, 0x630c,
 0x6b6d, 0x5b0c, 0x530c, 0x5b2c, 0x5b6e, 0x742e, 0x954d, 0x740e, 0x63ae, 0x6bef, 0x6bef, 0x7cb2, 0x84d2, 0x6bce, 0x7430, 0x9595,
 0x8d33, 0x73ee, 0x7b6d, 0x6b6d, 0x8d13, 0x84f3, 0x5b4c, 0x534d, 0x9cf2, 0xb574, 0xa555, 0x73cf, 0x73ae, 0x8450, 0x63ae, 0x42ab,
 0x52cb, 0x634d, 0x6b6e, 0x632c, 0x8c70, 0x8c90, 0x8490, 0x8c8c, 0xc68c, 0x9d0e, 0xdefa, 0xbdd6, 0xb594, 0x8430, 0x634d, 0x630b,
 0x83cc, 0x8bec, 0x7c50, 0x53d1, 0x5c13, 0x6454, 0x5c13, 0x5391, 0x4b71, 0x53b1, 0x7452, 0x638e, 0x52eb, 0x52eb, 0x634c, 0x5b0b,
 0x52ea, 0x634c, 0x5b0b, 0x4aab, 0x7430, 0x6b6b, 0x8bcb, 0x944e, 0x9534, 0x8bcf, 0xabce, 0xac50, 0x7bcf, 0x8c70, 0xb5b5, 0xd6da,
 0x3a8a, 0x3b8e, 0x4aca, 0x4b2c, 0x2b90, 0x2b4f, 0x324a, 0x4269, 0x3a07, 0x29e9, 0x32ae, 0x32ce, 0x4b90, 0x4aeb, 0x636d, 0x4b0c,
 0x0864, 0x73b0, 0x7432, 0x7556, 0x5cb4, 0x9555, 0x29c8, 0x4432, 0x4c32, 0x7472, 0x3a6b, 0x2188, 0x436e, 0x53c8, 0x9de8, 0x5b49,
 0x7410, 0xe73c, 0x9513, 0x4a8a, 0x4a8a, 0x52ca, 0x4228, 0x62eb, 0x7c10, 0x6c10, 0x740d, 0x7c4d, 0x73ac, 0x632c, 0x5b2c, 0x61c6,
 0x7248, 0x62ca, 0x636d, 0x9d12, 0x73ef, 0x6bce, 0x6bcd, 0x52aa, 0x4aab, 0x5b4d, 0x4acb, 0x9554, 0x94f2, 0x844e, 0x844f, 0x9554,
 0x7cb2, 0x7cb2, 0x9d95, 0x7bef, 0x73cf, 0x740f, 0x530c, 0x63cf, 0x8c71, 0xad33, 0x94b2, 0x94f3, 0x630c, 0x7bef, 0x5b4d, 0x52cb,
 0x528a, 0x52cb, 0x5b0c, 0x5b0c, 0x8cf3, 0x7c51, 0x7c51, 0x9d0f, 0xadad, 0xad71, 0xd6b9, 0xbdf6, 0xc637, 0xa534, 0x7c51, 0x6b8e,
 0x8c2f, 0x7b8c, 0x7bef, 0x5b8f, 0x8d36, 0x9577, 0x8472, 0x6aed, 0x4b2f, 0x530d, 0x632d, 0x5aec, 0x52cb, 0x5b6d, 0x5b4c, 0x5aca,
 0x630b, 0x5aeb, 0x5aca, 0x5aeb, 0x6bcf, 0x630a, 0x734a, 0x73cd, 0x8cf3, 0x93ef, 0x9b4c, 0xc4d2, 0x7b4c, 0x73cf, 0xa595, 0xd699,
 0x29a6, 0x4227, 0x4a27, 0x4227, 0x3249, 0x5b4d, 0x4228, 0x39e7, 0x41c6, 0x39c7, 0x3167, 0x632d, 0x4a07, 0x6aca, 0x6248, 0x5228,
 0x2926, 0xb596, 0x94f4, 0x74d4, 0x64b4, 0x7471, 0x63cf, 0x5473, 0x64b4, 0x7431, 0x3a0a, 0x324b, 0x540f, 0x6448, 0xa627, 0x5b68,
 0x7c71, 0xe73c, 0x9514, 0x5b2c, 0x634d, 0x4a8a, 0x52eb, 0x5aec, 0x8471, 0x534e, 0x73ef, 0x8c4f, 0x73ad, 0x636c, 0x5aeb, 0x69c6,
 0x7a48, 0x8bad, 0x8450, 0xbdf7, 0xa554, 0x73ef, 0x5b0b, 0x52cb, 0x5b6e, 0x538f, 0x53af, 0x8d34, 0x9d92, 0x9d30, 0x844f, 0x636d,
 0x5b2d, 0x7cb2, 0x9534, 0x6bae, 0x634d, 0x52cb, 0x4aab, 0x7430, 0x634d, 0x8c92, 0x8491, 0x6b8e, 0x5aeb, 0x73ae, 0x5b2d, 0x6b6d,
 0x52ab, 0x5acb, 0x52ab, 0x5b0c, 0x7c51, 0x7c51, 0x6b8f, 0x73ce, 0x634b, 0x9490, 0xb595, 0x73ce, 0x9cf2, 0x94d2, 0x7410, 0x5b2e,
 0x632d, 0x632c, 0x5b4e, 0x638f, 0x7c53, 0x7411, 0xcdd7, 0x9bcf, 0x63b0, 0x5b4e, 0x5aec, 0x5acc, 0x5b2d, 0x640f, 0x63ae, 0x5aeb,
 0x4a8b, 0x4a8b, 0x52ab, 0x632d, 0x94f3, 0x630b, 0x630a, 0x636d, 0x8cf4, 0x93ef, 0xb42f, 0xbc91, 0x8b4c, 0x6b8e, 0xadb6, 0xd6ba,
 0x2945, 0x39a6, 0x3985, 0x3165, 0x2986, 0xbdb5, 0x4a69, 0x29a7, 0x39a6, 0x39a7, 0x3988, 0x39a7, 0x3146, 0x41a7, 0x51e8, 0x41c8,
 0x18e5, 0xa4f3, 0x73af, 0x5b8f, 0x53af, 0x4b6f, 0x4b0d, 0x7c51, 0x94d2, 0x8451, 0x424b, 0x31e9, 0x642d, 0x95c8, 0xae27, 0x94e9,
 0x94d1, 0xe73c, 0x9d14, 0x52cc, 0x6baf, 0x73d0, 0x5b2d, 0x5b2e, 0x8cb2, 0x740f, 0x8450, 0x73ae, 0x5b4d, 0x638e, 0x62eb, 0x69e7,
 0x82a9, 0x940f, 0x94d3, 0x8cd3, 0xc617, 0x9491, 0x7bee, 0x5b2d, 0x53f1, 0x4c33, 0x3b6f, 0x6450, 0x9593, 0xa552, 0x52aa, 0x4229,
 0x4acb, 0x7c51, 0x9513, 0x5b0c, 0x634d, 0x4a8a, 0x426a, 0x94d0, 0x52aa, 0x5b2d, 0x636e, 0x4a6a, 0x73ae, 0x7c10, 0x636e, 0x5acb,
 0x5aeb, 0x528b, 0x4aab, 0x4a6a, 0x73cf, 0x7c10, 0x52cc, 0x4a6b, 0x4249, 0x8430, 0x9cb2, 0x630c, 0x7bce, 0x840e, 0x5b2e, 0x3a6c,
 0x426b, 0x428b, 0x530e, 0x42cd, 0x7c52, 0x8431, 0xde58, 0xcdf7, 0x73cf, 0x5b2d, 0x4aab, 0x4a8b, 0x52ab, 0x94f2, 0x638f, 0x426b,
 0x3a0a, 0x3a2b, 0x4a8b, 0x52ac, 0x94d3, 0x52aa, 0x634c, 0x4aaa, 0x8cd3, 0x8bcf, 0x9bae, 0xb471, 0x832c, 0x73ae, 0xadb6, 0xd6ba,
 0x10a5, 0x0843, 0x0842, 0x0821, 0x1905, 0xad76, 0x29a9, 0x1108, 0x10c5, 0x2106, 0x2946, 0x2946, 0x1084, 0x1929, 0x10c8, 0x18e8,
 0x3188, 0x736d, 0x4a49, 0x2945, 0x530d, 0x9d97, 0x2168, 0x630e, 0x7bd0, 0xa516, 0x2969, 0x526b, 0x8c6f, 0xa5aa, 0xb60a, 0xad2f,
 0x52ab, 0xdf1b, 0x9d15, 0x6370, 0x52ee, 0x424c, 0x5b0e, 0x6bb0, 0xb5f7, 0xadb6, 0x94d3, 0x424a, 0x42cd, 0x5bd0, 0x6b4d, 0x834c,
 0x72eb, 0x94b2, 0x8492, 0x8cf3, 0xc617, 0xad13, 0xad34, 0x4a8b, 0x43b1, 0x3c53, 0x43b0, 0x6ccd, 0x9df0, 0xad11, 0x39e7, 0x39e8,
 0x424a, 0x7c50, 0x94f2, 0x6b8b, 0x632b, 0x52cb, 0x428b, 0x846f, 0x52cb, 0x4acc, 0x4a8b, 0x31c8, 0x5b0c, 0x52ec, 0x530c, 0x8470,
 0x5b0c, 0x4a8c, 0x428c, 0x424b, 0x4acc, 0x7411, 0x532e, 0x3a09, 0x4229, 0x83ce, 0xa4d2, 0x734c, 0x9cb1, 0x8c2f, 0x532e, 0x3a6c,
 0x3a2a, 0x4aac, 0x4aee, 0x3aad, 0x6bf1, 0x73d0, 0xb575, 0x7bf0, 0xa595, 0x4b4c, 0x434d, 0x42cc, 0x4a8a, 0x8490, 0x532f, 0x3a2b,
 0x3a2a, 0x5b2d, 0x4aac, 0x4a8b, 0x632d, 0x4a29, 0x62aa, 0x52cb, 0x8cb3, 0x6b6f, 0x738f, 0x83cf, 0x73af, 0x7c72, 0xadd6, 0xce9a,
 0x0863, 0x0843, 0x1863, 0x0842, 0x21a8, 0x3b71, 0x21eb, 0x18e5, 0x1082, 0x20c3, 0x18c2, 0x1082, 0x31a7, 0x31a8, 0x0886, 0x0866,
 0x420a, 0x738d, 0x4228, 0x2145, 0x7c11, 0xa577, 0x320c, 0x31ec, 0x39cb, 0x6310, 0x18c7, 0x2906, 0x6b2c, 0x73ae, 0x73ae, 0x8c52,
 0x4a6c, 0xdf1c, 0x94f5, 0x4a4d, 0x52cf, 0x422d, 0x6350, 0x7c12, 0x9d55, 0x7c52, 0x4a4a, 0x630c, 0x638e, 0x63f1, 0x632d, 0x7baf,
 0x7bcf, 0x8451, 0x4acb, 0x7c10, 0xbdf7, 0x7bae, 0x6b2c, 0x52cc, 0x532e, 0x6c31, 0x63ce, 0x850d, 0x954d, 0x948f, 0x736d, 0x6b6d,
 0x7bce, 0x7c2f, 0x848e, 0xbe2d, 0xb5cf, 0x742e, 0x6c0f, 0x84b1, 0x52ec, 0x5b2e, 0x5b0d, 0x4aac, 0x52ec, 0x5b2d, 0x5b8e, 0x5bad,
 0x6bcf, 0x532d, 0x532e, 0x5b4e, 0x6bf0, 0x638f, 0x5b4e, 0x52ec, 0x5acb, 0x8c0e, 0xacf1, 0xe6fa, 0xdefa, 0x8c70, 0x63b0, 0x5b90,
 0x6bae, 0x6b8e, 0x5b90, 0x5370, 0x5bb1, 0x5bb1, 0x5390, 0x436f, 0x438e, 0x3bee, 0x43ef, 0x4b2e, 0x3a4b, 0x536e, 0x534f, 0x5b0e,
 0x4aeb, 0x640d, 0x538b, 0x42a9, 0x52ab, 0x5228, 0x732c, 0x5b0d, 0x94d3, 0x73d0, 0x5acd, 0x534f, 0x5c32, 0x7d14, 0xadd6, 0xce79,
 0x0863, 0x51c9, 0x71e8, 0x30e5, 0x4b4f, 0x23b3, 0x3b0e, 0x62c9, 0x3985, 0x5a26, 0x39a2, 0x2142, 0x73ac, 0x9cd2, 0x39ea, 0x0865,
 0x41e9, 0xb534, 0x8410, 0x31c8, 0x4a8c, 0x4a8c, 0x3a2b, 0x5b30, 0x4a8d, 0x6b70, 0x2949, 0x62cc, 0xa4f3, 0x73f1, 0xb5d7, 0x73b0,
 0x4a8d, 0xdf1c, 0x9cf4, 0x73b1, 0x52cf, 0x4a6e, 0x52ae, 0x8433, 0xb5b7, 0xc679, 0x8410, 0x9471, 0x8c92, 0x94f4, 0x9d14, 0xce99,
 0xb5b6, 0x94b2, 0x73ae, 0xb5b6, 0xd6da, 0xd6da, 0xad95, 0x94f3, 0x7c30, 0x94d2, 0x9d32, 0xadb3, 0xadb3, 0xa553, 0xad75, 0xad74,
 0xad53, 0xad74, 0xb5d3, 0xb5f1, 0xb5f4, 0xadb5, 0xa5b6, 0xb5f7, 0x94d4, 0x9515, 0x94f4, 0x94f4, 0x94f4, 0x94f4, 0x8d15, 0x8d15,
 0x94f4, 0x9cf3, 0xa534, 0xa554, 0x9d55, 0x9535, 0x94f4, 0x94d4, 0x9cf3, 0xbdb5, 0xbd94, 0xc617, 0xc658, 0xa554, 0x9535, 0x9535,
 0xa575, 0x9d13, 0x9d14, 0x9d56, 0x9d77, 0x9d97, 0x84d5, 0x7c73, 0x6c32, 0x7d15, 0x84f5, 0x73f2, 0x6b91, 0x7c33, 0x7c33, 0x8c52,
 0x7c2f, 0x7c90, 0x746f, 0x742f, 0x73af, 0x8bcf, 0x9451, 0x8472, 0x94f4, 0x8c31, 0x734e, 0x534f, 0x5c73, 0x7514, 0xadd6, 0xd6ba,
 0x3126, 0x930d, 0x89a8, 0x38e5, 0x2acf, 0x1bd4, 0x434f, 0x730a, 0x3985, 0x6267, 0x5b23, 0x4b42, 0x63a9, 0xad32, 0x6b2f, 0x10a7,
 0x732d, 0x83cf, 0xc638, 0x636f, 0x31ea, 0x4a4b, 0x2968, 0x52cd, 0x634f, 0x4a8e, 0x110a, 0x6b0d, 0x9c70, 0x73d0, 0x52cc, 0x5b10,
 0x426d, 0xdf1b, 0x94f4, 0x634f, 0x5b0f, 0x5b0f, 0x7c33, 0xad97, 0xad76, 0xa534, 0x9cb1, 0x9492, 0x8452, 0x7c11, 0x9d35, 0xad74,
 0xad54, 0x94b3, 0x7c32, 0x7c32, 0x9515, 0xb5f7, 0xa554, 0x7bce, 0x9490, 0xad54, 0xad74, 0x9cd0, 0xa553, 0x7c30, 0x8cd3, 0x7bcf,
 0x83ce, 0xad33, 0xbdd5, 0x842f, 0x8cd2, 0x9534, 0x9555, 0x9d56, 0x6bb0, 0x73f1, 0x6bd0, 0x73d0, 0x6bd0, 0x532e, 0x5370, 0x5370,
 0x638f, 0x8c0e, 0x8c0e, 0x9470, 0x8c71, 0x638f, 0x5b2e, 0x6bb0, 0x73cf, 0xc616, 0xd6b9, 0xb617, 0x9d55, 0xa575, 0x63ae, 0x7431,
 0x8491, 0x9470, 0x7bef, 0x8cf5, 0x84d4, 0x7452, 0x94b2, 0x8c2f, 0x8450, 0x7c93, 0x7411, 0x8473, 0x73f1, 0x6b6f, 0x7390, 0xb4b3,
 0x9491, 0x84d0, 0x744f, 0x7c71, 0x73cf, 0x7bf0, 0x9d14, 0x94d3, 0x8cb3, 0x9d14, 0x9492, 0x63d0, 0x5c32, 0x74d3, 0xb5d7, 0xd6ba,
 0x41c8, 0xa36f, 0x89a8, 0x5147, 0x1a2e, 0x23b4, 0x53f1, 0x83ac, 0x4a26, 0x72e8, 0x84c6, 0x7d25, 0x7428, 0x8c2e, 0x5aac, 0x18e7,
 0x8c72, 0x5b0c, 0x8cb2, 0x7431, 0x52ee, 0x52ad, 0x4a4b, 0xa514, 0x7bb0, 0x31ec, 0x196c, 0x4a6d, 0x736d, 0x5b2d, 0xb5d8, 0x29ac,
 0x3a2c, 0xdefb, 0x9d14, 0x8472, 0x8cb4, 0x8c93, 0x6bb0, 0x6b8f, 0x7c31, 0x7bce, 0x7bcd, 0x9cf3, 0x7c31, 0x8452, 0x8c93, 0x9491,
 0x8c71, 0x7c11, 0x73d0, 0x7c32, 0x8cd4, 0x9d76, 0x8cb2, 0x7bee, 0x9c70, 0xa513, 0xa555, 0x7c30, 0x94f3, 0x94f4, 0x7c72, 0x73cf,
 0x8c30, 0x9470, 0xbdf6, 0x8c71, 0x8492, 0x84b2, 0x9d76, 0x8472, 0x52cd, 0x6bb0, 0x6b90, 0x634f, 0x52ed, 0x4aed, 0x5bd1, 0x5bd1,
 0x8c71, 0x942f, 0x944f, 0x9470, 0x8c71, 0x7bf0, 0x5b2e, 0x638f, 0x636e, 0xad75, 0xce58, 0xadd7, 0x9d55, 0xb5d7, 0x5bad, 0x63ce,
 0x8c70, 0xad53, 0xbdf7, 0x8cb3, 0x7c93, 0x6bf1, 0x8c92, 0x944f, 0x9490, 0x6bae, 0x8493, 0x7c53, 0x634f, 0x632e, 0x8c11, 0xb4b2,
 0xa491, 0x7c0e, 0x7c30, 0x6bcf, 0x6b8f, 0x6b8e, 0x94b2, 0x8471, 0x7c31, 0x8451, 0x8c71, 0x94f4, 0x8cd3, 0x7c71, 0xb5d6, 0xd69a,
 0x2926, 0x5a09, 0x820a, 0x724a, 0x52ad, 0x3a8c, 0x7bce, 0x93cc, 0x6288, 0xa42f, 0xbdb1, 0xad8e, 0xad50, 0xacf1, 0x732d, 0x3168,
 0x8d56, 0xa5d7, 0x84d4, 0x9535, 0x6bd1, 0x528d, 0x6b2e, 0x738f, 0x6b4d, 0x73af, 0x532f, 0x42ad, 0x5acc, 0x52ab, 0xa555, 0x5b2f,
 0x5aee, 0xe71c, 0xb5d6, 0xa554, 0x9d14, 0x8cb2, 0x8c92, 0x8472, 0x8451, 0x94b1, 0x9cf2, 0x9d13, 0x94f3, 0x8c71, 0x8c92, 0x8c71,
 0x94b2, 0x94d2, 0x94d3, 0x94d3, 0x94d3, 0x9513, 0x94d2, 0x8c71, 0x9cd2, 0x9cf3, 0x9d34, 0x8cb2, 0x9d34, 0x9513, 0x94f3, 0x8cb1,
 0x94b2, 0x94d2, 0x8c71, 0x9cf3, 0x94d3, 0x8cb2, 0x94f3, 0x8cd3, 0x7c31, 0x7c31, 0x8472, 0x8472, 0x8c92, 0x8472, 0x8472, 0x8492,
 0x94d2, 0x9cd2, 0x9cb1, 0x9cf2, 0x8c91, 0x94b2, 0x8471, 0x8451, 0x8c91, 0x94f3, 0xa534, 0xa555, 0x9d34, 0x9d13, 0x8cd2, 0x8cb1,
 0x9cf2, 0xad54, 0xa554, 0x9514, 0x8cd3, 0x8492, 0x94b2, 0x9cd1, 0x9cd1, 0x8cb2, 0x8c91, 0x8cb2, 0x8cb2, 0x8cb2, 0x94b2, 0xa4d2,
 0x9c91, 0x8c91, 0x8c92, 0x8c92, 0x8cb2, 0x8cb2, 0x94d2, 0x8451, 0x8c91, 0x8cb2, 0x94f3, 0x94d3, 0xa555, 0x9d13, 0xc658, 0xd699,
 0x2966, 0x83ae, 0x93ef, 0x6aed, 0x2967, 0x5acc, 0x83ce, 0x6b2b, 0x736e, 0x6acd, 0x738e, 0x8cb1, 0x8cb1, 0x8471, 0x39ca, 0x420b,
 0x5391, 0x8494, 0x52ee, 0x73f1, 0x6b90, 0x7390, 0x6b4f, 0x7390, 0x9450, 0x83ce, 0x5acb, 0x4a6a, 0x636f, 0x73f0, 0x630c, 0x6b6e,
 0x6bb0, 0xe71c, 0xe73c, 0xd699, 0xd699, 0xce99, 0xce79, 0xce79, 0xce58, 0xce79, 0xd699, 0xd6ba, 0xd699, 0xce99, 0xce58, 0xce58,
 0xce79, 0xce99, 0xd699, 0xce78, 0xce79, 0xce79, 0xce79, 0xce79, 0xce58, 0xce79, 0xce78, 0xd699, 0xce99, 0xce78, 0xce79, 0xce79,
 0xd699, 0xce79, 0xce79, 0xce79, 0xd699, 0xce99, 0xce79, 0xce79, 0xce58, 0xce79, 0xce79, 0xce99, 0xce99, 0xce79, 0xce79, 0xce58,
 0xce79, 0xce78, 0xd6ba, 0xd699, 0xd699, 0xce79, 0xce99, 0xd6b9, 0xce79, 0xce78, 0xce78, 0xce79, 0xce79, 0xce99, 0xce99, 0xce79,
 0xce99, 0xce79, 0xce79, 0xce79, 0xce79, 0xce79, 0xce79, 0xce79, 0xce78, 0xce78, 0xc658, 0xce99, 0xd699, 0xd699, 0xd699, 0xce78,
 0xce79, 0xce58, 0xce99, 0xce79, 0xce99, 0xce78, 0xce79, 0xce58, 0xc638, 0xce58, 0xce79, 0xd699, 0xce99, 0xd699, 0xef5c, 0xd69a,
 0x528c, 0x5aac, 0x8c11, 0x7bf2, 0x31ca, 0x630e, 0x9535, 0x3b51, 0x42ef, 0x6b70, 0x630e, 0x7452, 0x8d56, 0x8515, 0x7c53, 0x3a0b,
 0x4310, 0x3a6e, 0x5aef, 0x634f, 0x62ee, 0x62cc, 0xb576, 0xad56, 0xb596, 0x7c11, 0x7bd0, 0x5acc, 0x8452, 0x63af, 0x840f, 0x8491,
 0xa5d7, 0xbe38, 0xc618, 0xce9a, 0xd6fb, 0xcebb, 0xce59, 0xce9a, 0xd6ba, 0xd69a, 0xef3c, 0xef5c, 0xef5d, 0xce59, 0xc638, 0xbdd7,
 0xc618, 0xd6ba, 0xce79, 0xc5f7, 0xc618, 0xce79, 0xd6bb, 0xdedb, 0xbdf8, 0xce59, 0xce79, 0xd679, 0xdeda, 0xd699, 0xd699, 0xc5f7,
 0xbdf7, 0xce79, 0xdf1c, 0xd6bb, 0xd69a, 0xce79, 0xce79, 0xce79, 0xce59, 0xc638, 0xc639, 0xc618, 0xce79, 0xbdf8, 0xd699, 0xce37,
 0xc617, 0xbdf7, 0xc618, 0xc5f7, 0xbdf7, 0xc638, 0xdeda, 0xe6da, 0xe6fa, 0xde99, 0xd699, 0xd699, 0xe71c, 0xd69a, 0xdeda, 0xe71b,
 0xdeba, 0xdeda, 0xce79, 0xd6da, 0xdf1b, 0xceba, 0xce79, 0xbdf8, 0xdeba, 0xef5c, 0xd679, 0xdefb, 0xce59, 0xce79, 0xc659, 0xc659,
 0xd6bb, 0xc618, 0xc618, 0xdedb, 0xd69a, 0xce39, 0xdedb, 0xe73c, 0xc617, 0xb5b7, 0xc639, 0xce9a, 0xd69a, 0xc618, 0xc638, 0xad55,
 0x214a, 0x2109, 0x7391, 0x7391, 0x318a, 0x52ac, 0x8d35, 0x3435, 0x2b51, 0x73d1, 0x94d4, 0xb5d7, 0x9d76, 0x9d35, 0x9cd3, 0x3187,
 0x84d6, 0x4b10, 0x6b91, 0x420b, 0x83f1, 0x734d, 0x7baf, 0x736e, 0x9c92, 0x426c, 0x634f, 0x7c11, 0x73cd, 0x84cd, 0x8d0e, 0x750e,
 0x9e16, 0x8451, 0x73cf, 0xa5d7, 0x8db7, 0x6c52, 0x73b0, 0x6b6f, 0xa535, 0xb575, 0x8410, 0x94b3, 0x8c72, 0x8452, 0x39e9, 0x4a8c,
 0x8493, 0x6bd0, 0x6aeb, 0x6a89, 0x5a8a, 0x7412, 0x74b4, 0x634f, 0x2948, 0x8c73, 0x8c32, 0x8c30, 0x9d13, 0x8cb2, 0x7b8c, 0x5a48,
 0x6288, 0x6b2c, 0x9cf4, 0x94d3, 0xad96, 0x94b2, 0x73d0, 0x63af, 0x6c31, 0x4b0d, 0x63d0, 0x52ed, 0x4aac, 0x5b0d, 0x7bae, 0x9c4e,
 0x5a88, 0x41e7, 0x3186, 0x2945, 0x4208, 0x738e, 0x83ae, 0x838d, 0x8b8c, 0x836b, 0x5a69, 0x62ed, 0x8411, 0x73d1, 0x9cd4, 0xb596,
 0x8c0f, 0xad13, 0x634d, 0x8451, 0x9d55, 0x536f, 0x5b4e, 0x1086, 0x5acc, 0xce38, 0xad34, 0x5aac, 0x2948, 0x8c73, 0x634f, 0x1949,
 0x4aad, 0x4aef, 0x3a2d, 0x424c, 0x5acd, 0x39ea, 0x9d56, 0xce9a, 0x94b3, 0x2126, 0x4aac, 0x84b3, 0x8451, 0x736d, 0x4a08, 0x5249,
 0x8410, 0x62ed, 0x7390, 0x528e, 0x5acd, 0x6b8f, 0x6c30, 0x4b6f, 0x534f, 0x73f0, 0x8472, 0x7c51, 0x6bae, 0x9cb2, 0x7b4d, 0x51c8,
 0x5b71, 0x6371, 0x6b70, 0x52ad, 0x83cf, 0xb534, 0x632d, 0x62ed, 0x7b6d, 0x72ea, 0x6b4d, 0x420a, 0x4aa9, 0x8d2c, 0x6427, 0x53e7,
 0x6bce, 0x738f, 0x7baf, 0x7c31, 0x7c93, 0x7bf0, 0xdefb, 0x8432, 0x8432, 0x9cf4, 0x422a, 0x2988, 0x5aed, 0x9d35, 0x5b2e, 0x94f4,
 0xa576, 0x4aac, 0x736e, 0x83ce, 0x83f0, 0x638f, 0x6c12, 0x5aee, 0x39aa, 0x7c33, 0x6370, 0x6baf, 0x7c31, 0x8471, 0x7b4c, 0x5a27,
 0x5a47, 0x9c4e, 0x8c0f, 0x9493, 0x8c52, 0x6b0d, 0x8431, 0x8cf4, 0x9dd7, 0x7493, 0x7452, 0x426b, 0x39ea, 0x6bd1, 0xad34, 0xa4d1,
 0x5269, 0x2945, 0x2125, 0x31a6, 0x6b4b, 0xbdf7, 0x8431, 0x83cf, 0x5208, 0x730c, 0x62ab, 0x6b4f, 0x6b50, 0x424d, 0x73f0, 0x6bae,
 0x6bee, 0x844f, 0x8c50, 0x6b8e, 0x426c, 0x7412, 0xb5d7, 0x2989, 0x4a4b, 0x83d0, 0x5a8b, 0x41ea, 0x526b, 0x7b8f, 0x630e, 0x4b31,
 0x63f3, 0x4b11, 0x52cf, 0x318a, 0x41eb, 0x6b91, 0x73d0, 0x9cd2, 0x5a8a, 0x4a09, 0x6baf, 0x8cb3, 0x7bcf, 0x940e, 0x6268, 0x5229,
 0x41c9, 0x39c9, 0x316b, 0x294b, 0x630e, 0x7c30, 0x7451, 0x9cf3, 0x83ef, 0x8410, 0x636d, 0x638e, 0x5b6d, 0x4a08, 0x728a, 0x4987,
 0x73f2, 0x2968, 0x6b2f, 0x7bd1, 0x7b8e, 0xa4d1, 0x73cf, 0x298a, 0x31ab, 0x6b0c, 0xb575, 0x9493, 0x634d, 0x538c, 0x5bec, 0x52c9,
 0x6b2e, 0x6b0d, 0x734e, 0x6b0c, 0x62cb, 0x6aec, 0x8411, 0x73d1, 0x8cb4, 0xb5d7, 0x4aac, 0x1906, 0x4a8c, 0x73d1, 0x94b4, 0xce9a,
 0x73f2, 0x31eb, 0x422b, 0xb576, 0xb5b7, 0x8453, 0x4aee, 0x52ae, 0x5b0f, 0x8d16, 0x7c73, 0x7411, 0x7411, 0x8cd4, 0x526a, 0x72eb,
 0x62ca, 0xce17, 0x52ab, 0x52cd, 0x630e, 0x5acd, 0x6b70, 0x5b2f, 0xadd8, 0x6390, 0x52ed, 0x6bb0, 0x8494, 0xadb7, 0xbdd6, 0x6b2e,
 0x10a7, 0x18e6, 0x4229, 0x31c7, 0x4a89, 0xad13, 0x7bf0, 0x7c32, 0x630d, 0x6b2e, 0x9493, 0x73b1, 0x4a8e, 0x5b10, 0x6bb1, 0x534f,
 0x74b3, 0x6c31, 0x73f0, 0x5b4f, 0x7c33, 0xa5b7, 0x9d15, 0x4a6c, 0x630f, 0x8bf1, 0x7b4e, 0x7b8f, 0xa4f3, 0x62ab, 0x5acc, 0x8d15,
 0x8d37, 0x6c14, 0x4a6d, 0x5a8b, 0x524b, 0x52ae, 0x5b0e, 0x8451, 0x62ed, 0x8411, 0xb5d7, 0xa555, 0x62cb, 0x836c, 0x7b2d, 0x31aa,
 0x29ec, 0x5350, 0x4aaf, 0x4a6f, 0x736e, 0x840f, 0x8c71, 0xad55, 0xa4d3, 0x7b2d, 0x5a29, 0x734d, 0x7b8e, 0x4965, 0x6229, 0x624a,
 0x7bf1, 0x4a4b, 0x5aee, 0x7bf1, 0x9471, 0xa4d1, 0x7bcf, 0x31aa, 0x3a2d, 0x9cd4, 0x6b2d, 0xa535, 0x7c31, 0x6452, 0x74f5, 0x9d35,
 0x8c94, 0x7390, 0x6b2e, 0x524a, 0x6b2d, 0x6b4e, 0x73d1, 0x52ee, 0x73d0, 0xb5b7, 0x4a09, 0x4a09, 0x52ad, 0x5aee, 0x738f, 0x6b50,
 0x426d, 0x52ef, 0x4a6d, 0x5ace, 0x8432, 0x7bd2, 0x73b2, 0x5b10, 0x192b, 0x42ae, 0x7453, 0x7c32, 0x3a0b, 0x4a4d, 0x39a9, 0x8bce,
 0x8c10, 0x8411, 0x528c, 0x424b, 0x73d1, 0x7c13, 0x52ef, 0x94b4, 0x8c93, 0x5b0e, 0x5b0e, 0x634f, 0x632e, 0x6b4d, 0x4a4b, 0x3189,
 0x39aa, 0x39c8, 0x5b0c, 0x3209, 0x3a29, 0x8c30, 0x8c72, 0x8cb3, 0x632e, 0x9473, 0x73b0, 0x630f, 0x318b, 0x296b, 0x6b30, 0x52ee,
 0x63b1, 0x530f, 0x6bb0, 0x6370, 0x8494, 0x7432, 0x73d1, 0x7390, 0x62cd, 0x7b4f, 0x3988, 0x5aac, 0xad55, 0x5aac, 0x6aed, 0x93ef,
 0x630e, 0x6bf3, 0x3a0c, 0x41ea, 0x18c6, 0x31eb, 0x63d2, 0x53b1, 0x5371, 0x4a8d, 0xb5b7, 0x6b2d, 0x6b0d, 0x62cc, 0x4a0c, 0x3a2e,
 0x53d3, 0x5c13, 0x9d77, 0x73b0, 0x732d, 0x83ad, 0x8430, 0x8c52, 0x8c33, 0x5a4a, 0x59e8, 0x5166, 0x5986, 0x61a7, 0x4146, 0x49a8,
 0x528e, 0x318a, 0x318a, 0x5aee, 0x73d0, 0xad75, 0x9cd3, 0x8452, 0x52ad, 0x8452, 0x7412, 0x9515, 0xadd8, 0x536f, 0x4aee, 0xadb7,
 0xa577, 0x4a4b, 0x6b4e, 0x6b6f, 0x9d56, 0x84d5, 0xb5d8, 0x73d1, 0x73af, 0x8c51, 0x730b, 0x4a08, 0x422b, 0x6b2f, 0x6b2e, 0x422d,
 0x52af, 0x94d5, 0x426d, 0x73d2, 0x8412, 0x7bb1, 0x630f, 0x4a4c, 0x4a6e, 0x5391, 0x8557, 0x4b0f, 0x2129, 0x420d, 0x4a2b, 0x8bf0,
 0x7b8e, 0xad76, 0x5acd, 0x39aa, 0x3a0c, 0x52af, 0x8433, 0x8c52, 0x8c52, 0x8452, 0x94f4, 0x424b, 0x31a8, 0x5269, 0x3168, 0x2948,
 0x526b, 0x8c10, 0x4a2a, 0x31a9, 0x1927, 0x39ea, 0x8473, 0x94b3, 0x8c52, 0x7bf0, 0x8c72, 0x52ae, 0x4a2d, 0x294b, 0x39cb, 0x6b90,
 0x6370, 0x8cb4, 0xb5d8, 0x7c53, 0x6390, 0x6391, 0x6391, 0x6b4f, 0x62ad, 0x420b, 0x2128, 0x62ed, 0x8c72, 0x3a0b, 0x5aad, 0x9c51,
 0x420d, 0x5b11, 0x31ec, 0x29ab, 0x424c, 0x8473, 0x4b50, 0x3371, 0x4392, 0x5b51, 0x83f1, 0x9cd4, 0x528c, 0x39ab, 0x52b1, 0x4ab1,
 0x3a6e, 0x5391, 0x7412, 0x83f1, 0x83f0, 0x5b0e, 0x5350, 0x3a2c, 0x41eb, 0x62ac, 0x59c7, 0x5165, 0x6a28, 0x5a6a, 0x528c, 0x528b,
 0x31cd, 0x39ee, 0x296c, 0x294a, 0x4aad, 0x9d35, 0xc639, 0xa556, 0x52cd, 0x4ace, 0x42ef, 0x5bb2, 0x9536, 0x8431, 0x5acc, 0x73d1,
 0x8cb5, 0x5aee, 0x8411, 0x5acd, 0x94f5, 0x8cb5, 0x8c94, 0x5aee, 0x738f, 0x634e, 0x7baf, 0x6b0d, 0x4a6d, 0x6b50, 0x316a, 0x212a,
 0x52cf, 0x8cb4, 0x5350, 0x6330, 0x7370, 0x9494, 0xa516, 0x9495, 0x39ec, 0x4b30, 0x4bd1, 0x42ef, 0x4a4d, 0x41ec, 0x5aae, 0x62ed,
 0x9472, 0x630d, 0x420a, 0x39c9, 0x39ca, 0x73b2, 0x7390, 0x9cb3, 0x8c11, 0x83f0, 0x736f, 0x39a9, 0x3987, 0x5229, 0x3188, 0x6b2e,
 0xa4d3, 0x9430, 0x8c31, 0x526b, 0x10c6, 0x2989, 0x6b90, 0xb596, 0x6b8f, 0x8c92, 0x73d0, 0x52ad, 0x5aae, 0x5aae, 0x630e, 0x7bf0,
 0x6b90, 0xad56, 0xbe18, 0x5b0f, 0x296a, 0x31cb, 0x5b2f, 0x6b6f, 0x6acd, 0x520a, 0x2927, 0x4a6b, 0x8410, 0x7c11, 0x7391, 0x83f2,
 0x31ac, 0x218d, 0x10ca, 0x426f, 0xa576, 0xad96, 0x4aed, 0x4371, 0x3a4e, 0x6b92, 0x8433, 0xb597, 0x4a8d, 0x212a, 0x298e, 0x216d,
 0x194b, 0x214a, 0x3a0c, 0x318a, 0x52ae, 0x428f, 0x5b72, 0x5aef, 0x630f, 0x8c31, 0x83ae, 0x6a48, 0x6269, 0x7c52, 0x63b1, 0x39e9,
 0x31ac, 0x298b, 0x214c, 0x1089, 0x422c, 0xa576, 0x9d15, 0x6b4f, 0x6350, 0x3a6e, 0x5372, 0x5372, 0x7c32, 0xbdd7, 0x83d0, 0x39cb,
 0x5b30, 0x7c32, 0xbdd8, 0x8c73, 0x4a8e, 0x4a8e, 0x3a2d, 0x52ae, 0x73f1, 0x5b70, 0x8cb4, 0x52ae, 0x424d, 0x52cf, 0x318b, 0x424e,
 0x6371, 0x6bd1, 0x428f, 0x6370, 0x7bd1, 0x5aef, 0x4a6e, 0x422d, 0x3a0c, 0xa577, 0x8d15, 0x4aee, 0x318a, 0x6b50, 0x7c33, 0x4a6c,
 0x6b4f, 0x630e, 0x6b2e, 0x7b6d, 0x7b6d, 0x62ed, 0x526b, 0x7baf, 0x62ed, 0x628b, 0x5a2a, 0x3989, 0x5aab, 0x5a8b, 0x83f0, 0x7bd0,
 0x62ed, 0x39c9, 0x5aab, 0x9451, 0x420a, 0x6b6f, 0x8c72, 0xad75, 0x7c31, 0x5aed, 0x6b6e, 0x52ac, 0x62ed, 0x7b6e, 0x62cc, 0x6b0d,
 0x7bf0, 0x8431, 0x8431, 0x7390, 0x31aa, 0x4a6d, 0x4a4b, 0x4a2b, 0x59e8, 0x5a08, 0x528b, 0x738f, 0x8410, 0xa535, 0x73d2, 0x3a0c,
 0x5af0, 0x4ad0, 0x218c, 0x5b51, 0xad55, 0x7bae, 0x83ef, 0x94d4, 0x52ae, 0x31ad, 0x5b11, 0x3a4f, 0x29cc, 0x7371, 0x6b30, 0x296b,
 0x10a9, 0x294c, 0x294b, 0x5acf, 0x73d2, 0x9517, 0x73f3, 0x52ae, 0x73b0, 0x8474, 0x5aed, 0x524a, 0x6b2e, 0x63d1, 0x4310, 0x52ee,
 0x5aef, 0x4a6d, 0x3a0e, 0x18e9, 0x4a6c, 0x9492, 0x9450, 0x9cb3, 0x94b4, 0x8453, 0xadb8, 0x8cf6, 0x5b0f, 0x83f1, 0x736f, 0x2969,
 0x530f, 0x9d36, 0x9d15, 0x8c53, 0x39ec, 0x426d, 0x4ad0, 0x3a2d, 0x322d, 0x5392, 0x6bf2, 0x73d3, 0x52f0, 0x4ab0, 0x52d0, 0x6b71,
 0x5310, 0x3a6e, 0x5b51, 0x7bf2, 0x6b50, 0x6351, 0x298c, 0x4ad0, 0x52cf, 0xa596, 0x8cb3, 0x424c, 0x2969, 0x6b70, 0x8cd5, 0x3a4c,
 0x6b2e, 0x6b0d, 0x6b50, 0x630d, 0x8411, 0x73b0, 0x7bd1, 0x4a2b, 0x41c9, 0x7187, 0x6946, 0x41ea, 0x6b4f, 0x6b6f, 0x7bd0, 0xc5f7,
 0x736e, 0x528c, 0x7bd0, 0x8410, 0x632e, 0xad76, 0x632e, 0x632e, 0x6b8f, 0x94f4, 0x73af, 0x8451, 0x8410, 0x7baf, 0x630e, 0x3a0b,
 0x5b0e, 0x8432, 0x420b, 0x528d, 0x9474, 0x94b4, 0x8411, 0x49e9, 0x59e7, 0x734d, 0x8451, 0x9d35, 0x5b2f, 0x4aef, 0x5310, 0x6372,
 0x6b92, 0x52ef, 0x5b0e, 0x8c72, 0xa4f3, 0x6b2d, 0xad55, 0x9cf3, 0x7bd0, 0x39ab, 0x420d, 0x198d, 0x21ac, 0xacd2, 0x832a, 0x3148,
 0x4a2d, 0x9c73, 0x8bf1, 0x83f1, 0x9493, 0x6b4f, 0x422c, 0x6b4f, 0x7bf1, 0x52f0, 0x322e, 0x424d, 0x6370, 0x4acf, 0x4b31, 0x6bb2,
 0x3a4f, 0x29ac, 0x6391, 0x428d, 0x634f, 0x738f, 0x52ab, 0x7bf0, 0x6b6f, 0x738f, 0x8c94, 0x63d3, 0x4af1, 0x31cb, 0x420b, 0x29cc,
 0x3aaf, 0xad97, 0x6330, 0x4a8e, 0x5b30, 0x4ace, 0x52ef, 0x216b, 0x324f, 0x4b11, 0x426e, 0x3a2d, 0x298b, 0x424e, 0x3a4e, 0x322e,
 0x2a0e, 0x326f, 0x4af0, 0x6b71, 0x73d2, 0x4ad0, 0x4af1, 0x4ab0, 0x424e, 0x3a2c, 0x7c12, 0x6b90, 0x298a, 0x31cb, 0x5b50, 0x63b0,
 0x31a9, 0x420b, 0x1909, 0x42cf, 0x5b50, 0x6390, 0x9d15, 0x528c, 0x520a, 0x7945, 0x7a28, 0x6b0e, 0x632f, 0xad55, 0x6b2d, 0x83ae,
 0x7baf, 0x6370, 0x2968, 0x526b, 0x7390, 0x8c73, 0x4a8d, 0x424d, 0x94d4, 0xb5d8, 0x94d3, 0x9d13, 0xa534, 0x73d1, 0x5391, 0x3af0,
 0x29cc, 0x8c94, 0x422d, 0x630f, 0x9495, 0x73b1, 0x7bf1, 0x736e, 0x62eb, 0x638f, 0x6c73, 0x63d2, 0x4aae, 0x21cc, 0x3aaf, 0x428f,
 0x2a2f, 0x326f, 0x2a0c, 0x532f, 0x6bd0, 0x8452, 0xadd7, 0x6c32, 0x5b50, 0x1908, 0x31ca, 0x2a2e, 0x3aaf, 0x83ef, 0x6aca, 0x52ee,
 0x420b, 0x83b0, 0x6aee, 0x62ec, 0x83ef, 0x630d, 0x5acd, 0x526d, 0x528e, 0x3a0e, 0x320e, 0x31cc, 0x9d17, 0x6352, 0x6392, 0x4a8e,
 0x322f, 0x3a4e, 0x636f, 0x6bf0, 0x634e, 0x632f, 0x3a0b, 0xa535, 0x9493, 0xa556, 0x42f0, 0x2230, 0x2a50, 0x31ec, 0x2148, 0x3a6d,
 0x42ef, 0x320c, 0x10e9, 0x21ac, 0x4af0, 0x7c33, 0x426d, 0x5311, 0x320d, 0x52f0, 0x39eb, 0x4a4b, 0x39ca, 0x52cd, 0x5b0f, 0x6414,
 0x42f1, 0x3ad0, 0x21cd, 0x4aaf, 0x428e, 0x5352, 0x4b72, 0x3a6f, 0x29ac, 0x31ec, 0x6bf2, 0x5310, 0x216b, 0x5310, 0x8432, 0x73ae,
 0x31a9, 0x18e8, 0x3a6e, 0x7454, 0x7433, 0x6b70, 0x5aee, 0x736e, 0x83ae, 0x6229, 0x8bce, 0x5aac, 0x62ee, 0x6b4f, 0x4a6b, 0x39c8,
 0x422b, 0x5b4f, 0xa535, 0xb576, 0x5ace, 0x422d, 0x4a6e, 0x42ae, 0x3a6d, 0x4b2f, 0x6390, 0x5b70, 0x52ee, 0x3a4d, 0x324e, 0x4b31,
 0x426f, 0x6371, 0x328f, 0x4aef, 0x5b0e, 0x8473, 0x7c91, 0x7bee, 0x7bcf, 0x7c11, 0x6390, 0x4aae, 0x73b1, 0x52ef, 0x216c, 0x3a0e,
 0x29ee, 0x7454, 0x5b91, 0x5371, 0x63b1, 0x73f1, 0x8473, 0x63b0, 0x322d, 0x220d, 0x53b1, 0x63f2, 0x638f, 0x73ae, 0x632d, 0x5b51,
 0x4a90, 0x39cc, 0x4a4d, 0x736f, 0x5aab, 0x5aac, 0x7bf2, 0x294a, 0x5ad0, 0x52ae, 0x4a8d, 0x31cb, 0x7c35, 0x6352, 0x7414, 0x5b0f,
 0x3a2e, 0x7c12, 0x52ac, 0x73b0, 0x5aee, 0x424d, 0x528d, 0xa536, 0x8c73, 0xc67a, 0x4b11, 0x324f, 0x3a6f, 0x1128, 0x3227, 0x5b4c,
 0x530e, 0x214a, 0x29ac, 0x2a2f, 0x2a4e, 0x6390, 0x426c, 0x8454, 0x31cb, 0x216c, 0x5b0f, 0x9d15, 0x31c9, 0x10c7, 0x3a4d, 0x5392,
 0x3a6f, 0x3a2d, 0x426f, 0x4a8e, 0x3a0c, 0x324e, 0x2a4f, 0x3a8f, 0x2129, 0x3a2c, 0x9536, 0x6391, 0x5b51, 0x6bd2, 0x7bcf, 0x7bae,
 0x7432, 0x4b90, 0x4b70, 0x7c52, 0x8432, 0xa515, 0x2108, 0x39ea, 0x4a4b, 0x41e9, 0x838e, 0x49c9, 0x49eb, 0x4a2b, 0x2948, 0x2107,
 0x7bf2, 0x73b1, 0x94d4, 0x52ac, 0x2949, 0x5ad0, 0x212b, 0x31cc, 0x42cf, 0x42cf, 0x5350, 0x4aef, 0x4aef, 0x6370, 0x5b2f, 0x52ee,
 0x39eb, 0x4aef, 0x4bb2, 0x5391, 0x7431, 0x8d32, 0x548b, 0x63cc, 0x6b6e, 0x7bf1, 0x31aa, 0x4a8d, 0x7bd2, 0x4a6e, 0x1909, 0x424e,
 0x31cd, 0x6371, 0x5330, 0x42cf, 0x42ce, 0x5b70, 0x530e, 0x52cd, 0x4aaf, 0x29ed, 0x5b50, 0x634e, 0x634d, 0x4a8c, 0x530f, 0x3a4e,
 0x298d, 0x210a, 0x528f, 0x9493, 0x6b2e, 0x5aac, 0x73b1, 0x318c, 0x210a, 0x528f, 0x39ab, 0x39cb, 0x39ec, 0x4aaf, 0x7c54, 0x6b90,
 0x31cc, 0x8c74, 0x4a8d, 0x4a8c, 0x52ee, 0x4a8d, 0x39eb, 0x4aae, 0x29ed, 0x73f2, 0x8cb5, 0x52ce, 0x6350, 0x2a09, 0x4b68, 0x42a7,
 0x3a2b, 0x322d, 0x42cf, 0x5350, 0x5b71, 0x29cb, 0x424c, 0xad77, 0x8cb4, 0x426e, 0x6391, 0xb5f8, 0x3a6c, 0x10c7, 0x21aa, 0x3a4d,
 0x31ec, 0x52ce, 0x7c13, 0x52ad, 0x5b2f, 0x84d6, 0x5372, 0x4b11, 0x3a2c, 0x5b2f, 0x73f1, 0x6b91, 0x7c33, 0x84b4, 0x7c32, 0x5b4f,
 0x8cd5, 0x5b90, 0x7432, 0x73f0, 0xad76, 0x73f1, 0x4aad, 0x216a, 0x424c, 0x738f, 0x6aec, 0x4a0b, 0x524c, 0x18e8, 0x3a0c, 0x5b0f,
 0x4a6c, 0x422a, 0x5b0d, 0x630e, 0x31aa, 0x318b, 0x422e, 0x428f, 0x4aef, 0x326d, 0x326d, 0x4b50, 0x6c53, 0x7c52, 0x6bb0, 0x8c93,
 0x7433, 0x6c32, 0x74b4, 0x6411, 0x6c51, 0x546b, 0x3c27, 0x4329, 0x7bf2, 0x94b4, 0x31ab, 0x31ec, 0x52ce, 0x532f, 0x322c, 0x4acf,
 0x31ed, 0x29ed, 0x5351, 0x3aaf, 0x4b30, 0x6c32, 0x320b, 0x18e8, 0x31ed, 0x218c, 0x41eb, 0x6a4a, 0x626b, 0x424c, 0x320d, 0x5b52,
 0x6372, 0x8454, 0x8c74, 0x7bf1, 0x738f, 0x5a8d, 0x41ed, 0x41ed, 0x296b, 0x424f, 0x4a4e, 0x49eb, 0x628b, 0x52ac, 0x6b8f, 0x6b6e,
 0x31aa, 0x31a9, 0x39c9, 0x426c, 0x428d, 0x5b91, 0x31eb, 0x324e, 0x19ac, 0x31ec, 0x6b70, 0x420b, 0x4aad, 0x326b, 0x53ab, 0x4288,
 0x1928, 0x3a6e, 0x84d5, 0x6bd0, 0x6b90, 0x320c, 0x5b0f, 0x632e, 0x632e, 0x6391, 0x5351, 0x63f2, 0x2a0c, 0x218a, 0x42ae, 0x63d1,
 0x29ab, 0x5b2f, 0x632e, 0x5b0e, 0x52ee, 0x63f3, 0x326e, 0x3a6e, 0x428e, 0x6370, 0x7c31, 0x6370, 0x426e, 0x31aa, 0x7c33, 0x530e,
 0x6bd2, 0x4aad, 0x6b90, 0x5b2e, 0x8451, 0x8472, 0x8cb4, 0x42ae, 0x6bb1, 0x6b70, 0x294a, 0x39ab, 0x422d, 0x31ec, 0x3a0d, 0x3a2c,
 0x52ac, 0x4a49, 0x736e, 0x9472, 0x738f, 0x424d, 0x322e, 0x3ab0, 0x3a4d, 0x7c31, 0x3a2b, 0x3a8d, 0x5350, 0x52ee, 0x6b90, 0x7bf1,
 0x84b4, 0x5b70, 0x7453, 0x5370, 0x536f, 0x6c4d, 0x5c0c, 0x530c, 0x31aa, 0x4a8e, 0x1909, 0x428e, 0x8cd5, 0x74d5, 0x53b1, 0x322c,
 0x29ac, 0x426f, 0x7c12, 0x5b2e, 0x5b4e, 0x6baf, 0x320a, 0x194a, 0x29ee, 0x298b, 0x6105, 0x8923, 0x7165, 0x5aad, 0x298a, 0x298c,
 0x426f, 0x5b0f, 0x5aee, 0x6b4f, 0x73b0, 0x522b, 0x4a2c, 0x41ed, 0x18e9, 0x210a, 0x294a, 0x520a, 0x730d, 0x5b0d, 0x5b0d, 0x5aec,
 0x6baf, 0x5245, 0x630a, 0x7432, 0x4aee, 0x320b, 0x218a, 0x2a2e, 0x324e, 0x426d, 0x3a0c, 0x31cb, 0x7c53, 0x5390, 0x2a4a, 0x31e8,
 0x31a9, 0x426c, 0x73d1, 0x632e, 0x52ed, 0x4af0, 0x428e, 0x52ee, 0x636f, 0x63b1, 0x326e, 0x2a8f, 0x2a4e, 0x42cf, 0x63b1, 0x7c74,
 0x3a6d, 0x5b0f, 0x5b0f, 0x3a2c, 0x21ab, 0x4310, 0x4b31, 0x4b31, 0x5330, 0x4aee, 0x5b2e, 0x73d1, 0x4aaf, 0x296a, 0x424c, 0x422c,
 0x4a8d, 0x31cb, 0x424c, 0x5b0e, 0x8cb3, 0x73f1, 0x6b91, 0x3a6e, 0x6bb2, 0x4a6e, 0x212c, 0x296c, 0x4ab0, 0x31ec, 0x530f, 0x4a8c,
 0xa534, 0x736d, 0x7bf0, 0x630d, 0x5aed, 0x428e, 0x32d1, 0x3290, 0x4aae, 0x7bf0, 0x5aad, 0x39ec, 0x52af, 0x426e, 0x3a2e, 0x3a2d,
 0x5331, 0x530f, 0x8d16, 0x4b10, 0x3a6d, 0x632f, 0x5b0e, 0x4a6d, 0x420c, 0x4a8f, 0x216c, 0x324f, 0x3ab0, 0x4b92, 0x5391, 0x3a6d,
 0x31aa, 0x18e8, 0x528e, 0x39eb, 0x3a0a, 0x426b, 0x426d, 0x428e, 0x6371, 0x524c, 0x7986, 0x8985, 0x69a6, 0x41ea, 0x296a, 0x298d,
 0x212c, 0x424f, 0x424d, 0x5b0e, 0x630d, 0x628b, 0x6a8c, 0x41cb, 0x296b, 0x398b, 0x522d, 0x41c9, 0x630d, 0x52cc, 0x632d, 0x52cc,
 0x4a68, 0x5a83, 0x62c6, 0x6b8e, 0x7c53, 0x5b2f, 0x428d, 0x198b, 0x112a, 0x3a2c, 0x18e8, 0x2129, 0x5b2f, 0x6c12, 0x42ac, 0x4a8a,
 0x52aa, 0x39e9, 0x420a, 0x424a, 0x7c32, 0x5331, 0x3a8f, 0x29ac, 0x31cb, 0x530f, 0x326f, 0x3270, 0x29ec, 0x5310, 0x320c, 0x322c,
 0x4ace, 0x422b, 0x634f, 0x426d, 0x42f0, 0x3aaf, 0x7474, 0x4b30, 0x5330, 0x6bf1, 0x634e, 0x6b8f, 0x73b0, 0x4aad, 0x6350, 0x4a6c,
 0x73f1, 0x29a9, 0x2988, 0x41e8, 0xa535, 0x94f5, 0x63b2, 0x5373, 0x39ed, 0x212a, 0x3a0e, 0x29ac, 0x428f, 0x31eb, 0x6b90, 0x5b0e,
 0x73d0, 0x2126, 0x2967, 0x31c7, 0x5b6c, 0x7c94, 0x5371, 0x42d0, 0x52ef, 0x2129, 0x294a, 0x420d, 0x5af0, 0x52af, 0x3a6f, 0x324e,
 0x324d, 0x10e7, 0x8cb5, 0x424c, 0x426d, 0x7bf2, 0x6b91, 0x5aef, 0x2948, 0x2169, 0x320c, 0x4aae, 0x63d3, 0x4b72, 0x42f0, 0x5b4f,
 0x52ad, 0x1086, 0x422d, 0x6330, 0x7bf2, 0x296a, 0x5b71, 0x31cb, 0x5aad, 0x9432, 0x6b0e, 0x6b0e, 0x4a6c, 0x4a6d, 0x298b, 0x18ea,
 0x190b, 0x29ce, 0x4ad0, 0x4a8c, 0x5249, 0x8bd0, 0x6a6a, 0x526d, 0x31ab, 0x524c, 0x4987, 0x4209, 0x320a, 0x320a, 0x634f, 0x426d,
 0x39c5, 0x72e4, 0x5a64, 0x39c7, 0x426b, 0x31ea, 0x6370, 0x31eb, 0x2149, 0x298a, 0x10a8, 0x10a8, 0x218a, 0x21ca, 0x4b8f, 0x3a6a,
 0x5b2c, 0x39e7, 0x2986, 0x5aec, 0x6370, 0x42af, 0x3ad1, 0x216b, 0x2129, 0x5b0e, 0x8453, 0x8453, 0x5aef, 0x528c, 0x52ac, 0x73af,
 0x7bf1, 0x31c9, 0x4aad, 0x4ace, 0x428d, 0x5330, 0x29ca, 0x2989, 0x5aee, 0x5b0d, 0x424a, 0x2988, 0x52ac, 0x5b2e, 0x7bd1, 0xa535,
 0x7bf1, 0x3a09, 0x5208, 0x5145, 0x93f0, 0x6b6f, 0x29cb, 0x214a, 0x4a4d, 0x318b, 0x210a, 0x214b, 0x298b, 0x630e, 0x7bf1, 0x29a9,
 0x18e6, 0x10a5, 0x10c4, 0x3a27, 0x4aa9, 0x5b2e, 0x424b, 0x5b0e, 0x73d0, 0x422b, 0x18e8, 0x526e, 0x62ef, 0x398a, 0x5aae, 0x8432,
 0x634f, 0x1907, 0x298a, 0x3a2d, 0x52cf, 0x7bf2, 0x4a6d, 0x52ce, 0x4a8d, 0x2989, 0x632d, 0x6b6e, 0x73d1, 0x4310, 0x3a6d, 0x31aa,
 0x424c, 0x31aa, 0x2128, 0x422b, 0x422c, 0x214b, 0x31cc, 0x39ec, 0x4a0a, 0x83f0, 0x632f, 0x636f, 0x5b2e, 0x4a2a, 0x5aac, 0x4a8e,
 0x296c, 0x29cd, 0x3a4a, 0x6be8, 0x4aa5, 0x3966, 0x3126, 0x6b0e, 0x6b2e, 0x736e, 0x5a69, 0x526a, 0x424a, 0x5b2e, 0x6b70, 0x52ef,
 0x5248, 0x6a66, 0x6247, 0x4a2a, 0x426c, 0x320a, 0x320a, 0x4a8c, 0x10a6, 0x296a, 0x0887, 0x10c8, 0x1149, 0x228d, 0x4bf1, 0x326b,
 0x5b4e, 0x3a26, 0x42a5, 0x52eb, 0x4a8d, 0x3a4d, 0x5351, 0x29ab, 0x2989, 0x632e, 0x3a09, 0x5aee, 0x6b70, 0x7bf1, 0x6b4e, 0x31a7,
 0x2126, 0x2967, 0x6bb0, 0x73d0, 0x3a4c, 0x2a0b, 0x2148, 0x18a6, 0x62cd, 0x4a6b, 0x426b, 0x426c, 0x4aad, 0x3a4d, 0x4a4c, 0xa4f4,
 0x526c, 0x3a09, 0x51e8, 0x4105, 0x3967, 0x4a8d, 0x6bf2, 0x6391, 0x318a, 0x4a6e, 0x296b, 0x3a4e, 0x218b, 0x6350, 0x8432, 0x324d,
 0x324b, 0x39c8, 0x2125, 0x4229, 0x4229, 0x632d, 0x7c11, 0x634f, 0x634e, 0x6b6f, 0x420b, 0x6310, 0x31ac, 0x316a, 0x31a9, 0x4a6b,
 0x5aee, 0x2149, 0x08a8, 0x216b, 0x4a8d, 0x7c12, 0x6b91, 0x6b91, 0x5aee, 0x1907, 0x528b, 0x5aec, 0x31eb, 0x21ab, 0x29eb, 0x2149,
 0x420b, 0x6b70, 0x2968, 0x4a2a, 0x62ed, 0x528d, 0x39ea, 0x4a2b, 0x6aed, 0xa4b3, 0x39eb, 0x320c, 0x3a2c, 0x39e9, 0x4a6b, 0x632e,
 0x5b0f, 0x530f, 0x63aa, 0x7467, 0x63a6, 0x31a6, 0x3188, 0x39a8, 0x526a, 0x630d, 0x526a, 0x31a8, 0x31a9, 0x3a0a, 0x4a6d, 0x3a0b,
 0x2947, 0x59a6, 0x61c6, 0x6aed, 0x52ad, 0x320b, 0x426c, 0x5aee, 0x2107, 0x39ca, 0x3a0b, 0x1929, 0x116a, 0x2b0f, 0x5473, 0x326b,
 0x63f0, 0x42c9, 0x6407, 0x4a88, 0x31a9, 0x73d0, 0x424b, 0x5b0e, 0x1907, 0x4a4a, 0x632d, 0x73d0, 0x636e, 0x4a4b, 0x31a8, 0x18e6,
 0x18e6, 0x2946, 0x4a2a, 0x630c, 0x426b, 0x21aa, 0x10a6, 0x18c6, 0x41c9, 0x2948, 0x52ce, 0x5b4f, 0x5b50, 0x31ec, 0x2149, 0x41eb,
 0x3189, 0x5aee, 0x8411, 0x4a4b, 0x2947, 0x2969, 0x426d, 0x6b70, 0x5ace, 0x4a8e, 0x214a, 0x320c, 0x5b51, 0x216a, 0x324d, 0x32af,
 0x29eb, 0x3187, 0x2125, 0x2147, 0x1906, 0x31a8, 0x530e, 0x3a0a, 0x4aac, 0x73af, 0x2148, 0x190a, 0x298e, 0x18ea, 0x3189, 0x2127,
 0x1907, 0x2989, 0x31cb, 0x31cb, 0x422c, 0x39ea, 0x2969, 0x298a, 0x5aed, 0x4a4c, 0x3a0a, 0x2147, 0x1909, 0x1929, 0x2148, 0x10c6,
 0x4a6c, 0x422b, 0x2107, 0x18e5, 0x4209, 0x7baf, 0x3187, 0x39c9, 0x2106, 0x526b, 0x31ca, 0x426d, 0x3a4c, 0x29aa, 0x31aa, 0x5b0e,
 0x8c93, 0x2147, 0x10c4, 0x2986, 0x31c6, 0x3185, 0x2106, 0x18c6, 0x18c6, 0x10a6, 0x39ea, 0x2127, 0x1928, 0x29ab, 0x3a0c, 0x2949,
 0x31ea, 0x4966, 0x5104, 0x7b2d, 0x4a6b, 0x3a2c, 0x21cb, 0x298a, 0x18c7, 0x4a6c, 0x52ad, 0x218a, 0x1169, 0x2aee, 0x4bf1, 0x326b,
 0x63f0, 0x5b6c, 0x63a8, 0x29a6, 0x31a8, 0x6b6f, 0x52cc, 0x6b6f, 0x10c6, 0x1906, 0x7c30, 0x8471, 0x73f0, 0x31a8, 0x426a, 0x2147,
 0x3187, 0x2946, 0x39c8, 0x5249, 0x31e9, 0x1928, 0x2148, 0x424b, 0x3a0a, 0x2108, 0x2989, 0x4ace, 0x63b1, 0x2a0b, 0x1949, 0x3a2c,
 0x4a8c, 0x94f4, 0x94b4, 0x52cd, 0x2989, 0x2107, 0x3189, 0x4a2a, 0x736f, 0x8432, 0x424c, 0x426d, 0x63d1, 0x3a4c, 0x3a6d, 0x324d,
 0x29eb, 0x2126, 0x18e6, 0x10e6, 0x1947, 0x1106, 0x1926, 0x10e6, 0x52ed, 0x7c52, 0x2189, 0x10e8, 0x298b, 0x2129, 0x39e9, 0x2988,
 0x10c7, 0x2128, 0x424c, 0x424c, 0x736f, 0x3a0a, 0x2989, 0x31eb, 0x7c31, 0xad97, 0xa4f4, 0x422b, 0x296a, 0x2149, 0x2989, 0x2967,
 0x738f, 0x6b6e, 0x39e9, 0x2146, 0x4aab, 0x6b8d, 0x2965, 0x1907, 0x1129, 0x422a, 0x5aeb, 0x5b0c, 0x4229, 0x31ea, 0x21ab, 0x52cd,
 0x8431, 0x10c5, 0x10e6, 0x2147, 0x31a6, 0x39e5, 0x2987, 0x2149, 0x10c7, 0x10e8, 0x2989, 0x3a0b, 0x31ea, 0x216a, 0x214a, 0x31cc,
 0x4a8c, 0x41a8, 0x4946, 0x2948, 0x1949, 0x19cb, 0x1969, 0x1929, 0x10a6, 0x52cd, 0x4a8d, 0x2a0c, 0x21aa, 0x29ea, 0x324b, 0x3209,
 0x4aaa, 0x4227, 0x4aaa, 0x2986, 0x2125, 0x39c8, 0x4229, 0x422a, 0x18e5, 0x3186, 0x5acb, 0x73ae, 0x5aca, 0x3a08, 0x424a, 0x2147,
 0x52ac, 0x52ab, 0x2967, 0x2147, 0x2147, 0x1907, 0x2127, 0x2169, 0x198a, 0x320b, 0x31eb, 0x31eb, 0x322b, 0x2a0b, 0x1989, 0x29ea,
 0x3a0a, 0x6b6f, 0x4a6c, 0x29a9, 0x2968, 0x3988, 0x3905, 0x41e9, 0x52ac, 0x8473, 0x31eb, 0x29aa, 0x4aad, 0x3a69, 0x42a9, 0x3a4a,
 0x4a8b, 0x39a7, 0x4a29, 0x2988, 0x1926, 0x1126, 0x2165, 0x29a6, 0x634e, 0x7c11, 0x2989, 0x2128, 0x2128, 0x1928, 0x2168, 0x31e9,
 0x2148, 0x1928, 0x29ab, 0x39eb, 0x39ca, 0x31aa, 0x3a6c, 0x42ad, 0x324b, 0x426c, 0x5aed, 0x2969, 0x2169, 0x1928, 0x2988, 0x31a9,
 0x6b6f, 0x4a8b, 0x4aed, 0x324a, 0x2a2a, 0x3a4a, 0x2987, 0x2149, 0x112a, 0x2988, 0x4247, 0x4aa6, 0x3206, 0x2988, 0x29a9, 0x39c8,
 0x526a, 0x2125, 0x2967, 0x2987, 0x4226, 0x52a6, 0x5aeb, 0x3a2a, 0x2169, 0x3a6d, 0x322b, 0x428c, 0x3a2b, 0x2989, 0x426d, 0x3a2c,
 0x1928, 0x2127, 0x39c9, 0x10e7, 0x0929, 0x19cb, 0x21ca, 0x29ca, 0x29a9, 0x530e, 0x5b6f, 0x42ad, 0x320a, 0x2148, 0x1928, 0x530c,
 0x42a9, 0x42c5, 0x2984, 0x2965, 0x2965, 0x2965, 0x2965, 0x39e7, 0x3184, 0x39e6, 0x39c7, 0x4a69, 0x39e6, 0x1905, 0x2146, 0x2148,
 0x3a0a, 0x31c9, 0x1107, 0x10c6, 0x10c6, 0x10e6, 0x1907, 0x1948, 0x21eb, 0x322c, 0x29ea, 0x2189, 0x29eb, 0x1989, 0x31ca, 0x634f,
 0x2148, 0x422b, 0x426c, 0x31c9, 0x2947, 0x3146, 0x30e4, 0x31c8, 0x2168, 0x320b, 0x324c, 0x21aa, 0x1947, 0x29c6, 0x3aa5, 0x3205,
 0x41e7, 0x4a06, 0x7b6b, 0x4207, 0x2965, 0x2165, 0x31c5, 0x2964, 0x31c8, 0x3a2a, 0x10e7, 0x1928, 0x39ea, 0x29ca, 0x3a6d, 0x4aed,
 0x2168, 0x1107, 0x29eb, 0x29a9, 0x31ca, 0x1928, 0x31ea, 0x3a6c, 0x322b, 0x21a9, 0x320b, 0x1928, 0x1929, 0x298a, 0x1928, 0x2968,
 0x5b0e, 0x4aed, 0x5bb0, 0x2aad, 0x1a4b, 0x1989, 0x1928, 0x2149, 0x2989, 0x2967, 0x3a26, 0x4b65, 0x3244, 0x31c6, 0x39e6, 0x41e5,
 0x4206, 0x39e5, 0x39e6, 0x31a5, 0x4226, 0x4a47, 0x4249, 0x3a4a, 0x31ea, 0x428c, 0x42ad, 0x4aac, 0x29a8, 0x3a4b, 0x31ea, 0x42ad,
 0x08a6, 0x29a9, 0x424b, 0x08a6, 0x1108, 0x3a4c, 0x4acd, 0x42ac, 0x4aed, 0x4acc, 0x63af, 0x52ed, 0x31c9, 0x10c6, 0x1128, 0x532d,
 0x4aea, 0x42e5, 0x29c3, 0x31a5, 0x4a06, 0x4a25, 0x4a26, 0x4a46, 0x4226, 0x4206, 0x3185, 0x4a48, 0x39e7, 0x1987, 0x10e7, 0x1928,
 0x1908, 0x08a6, 0x1108, 0x0885, 0x08a6, 0x10c6, 0x2968, 0x29a9, 0x3a6c, 0x4acd, 0x29a9, 0x31e9, 0x52ed, 0x1107, 0x3189, 0x73b0,
 0x1908, 0x1907, 0x5b2e, 0x3a2a, 0x31c9, 0x5a8a, 0x30c4, 0x31ea, 0x10c7, 0x1949, 0x3a6c, 0x322b, 0x1926, 0x29c5, 0x4b45, 0x4245,
 0x5266, 0x5245, 0x62a6, 0x62a6, 0x5265, 0x4a25, 0x4205, 0x3a25, 0x1083, 0x08a6, 0x0886, 0x2148, 0x4aac, 0x3a4c, 0x4ace, 0x5b6f,
 0x2168, 0x1107, 0x322a, 0x3a0a, 0x426b, 0x426c, 0x52ee, 0x4aac, 0x3a2b, 0x2168, 0x29ea, 0x1108, 0x2169, 0x3a2b, 0x1907, 0x31c9,
 0x5b4e, 0x42cc, 0x5bb0, 0x22ad, 0x1a4c, 0x0908, 0x08a7, 0x1908, 0x3187, 0x4a69, 0x4226, 0x53a5, 0x3aa4, 0x4a46, 0x4a45, 0x4a45,
 0x4a45, 0x4a45, 0x4a25, 0x39c5, 0x4248, 0x31c7, 0x2167, 0x4acc, 0x2988, 0x2189, 0x530e, 0x31e9, 0x3a0a, 0x4aed, 0x320a, 0x5b6f,
 0x2968, 0x634e, 0x52ed, 0x1927, 0x1947, 0x3a4b, 0x3a2a, 0x3a2a, 0x5b0d, 0x426b, 0x638f, 0x5b2e, 0x4aac, 0x2168, 0x1128, 0x534e,
 0x532c, 0x4aa5, 0x4aa6, 0x39e5, 0x4a25, 0x4a25, 0x4a46, 0x42aa, 0x3a89, 0x4227, 0x2985, 0x39e6, 0x3a07, 0x21c9, 0x1149, 0x1908,
 0x10c7, 0x2169, 0x29ca, 0x10e6, 0x29a9, 0x2147, 0x2167, 0x2168, 0x3a6b, 0x5b4e, 0x3187, 0x3a09, 0x424b, 0x1128, 0x31ea, 0x73f1,
 0x2149, 0x10e7, 0x3a0a, 0x4a6b, 0x5b2d, 0x5aab, 0x38e4, 0x41e9, 0x1948, 0x29aa, 0x4aed, 0x3a2b, 0x1927, 0x3a26, 0x63c6, 0x5285,
 0x5265, 0x5a85, 0x6ac5, 0x72e5, 0x5a85, 0x5244, 0x4a04, 0x5265, 0x2124, 0x31e9, 0x2169, 0x2168, 0x5b2e, 0x320a, 0x3a2b, 0x530e,
 0x2168, 0x29c9, 0x52cc, 0x4a8b, 0x5b0d, 0x634e, 0x5b4e, 0x5b4e, 0x31ea, 0x29ca, 0x3a6c, 0x29eb, 0x29eb, 0x52ee, 0x29a9, 0x4aac,
 0x31c9, 0x3a4b, 0x42ed, 0x224b, 0x2a2a, 0x10e6, 0x1107, 0x2148, 0x4228, 0x4a47, 0x4a67, 0x5b67, 0x4265, 0x4a45, 0x4a45, 0x4a45,
 0x5245, 0x5245, 0x4a45, 0x4226, 0x4aaa, 0x4acc, 0x1906, 0x5b2e, 0x42ad, 0x1928, 0x4a8c, 0x52cc, 0x4aac, 0x3209, 0x4aac, 0x6baf,
 0x39ea, 0x2968, 0x3a2a, 0x2147, 0x2168, 0x3a4b, 0x322a, 0x2168, 0x4a6b, 0x29a8, 0x3a2a, 0x31ea, 0x31ea, 0x29ca, 0x1128, 0x532d,
 0x4acb, 0x31c5, 0x4225, 0x4a25, 0x4a25, 0x4a46, 0x4289, 0x32ec, 0x2a6a, 0x2187, 0x39c6, 0x39c5, 0x31c6, 0x21c8, 0x1969, 0x10c7,
 0x10a6, 0x29a9, 0x320a, 0x2988, 0x428b, 0x428b, 0x3209, 0x1927, 0x4aac, 0x636e, 0x18e5, 0x2167, 0x4aac, 0x322b, 0x1989, 0x3aac,
 0x29a9, 0x2989, 0x18e7, 0x2148, 0x4a8c, 0x3187, 0x3105, 0x4a4a, 0x320a, 0x3a2b, 0x4aad, 0x1908, 0x1107, 0x3206, 0x4a65, 0x5286,
 0x5a66, 0x5a65, 0x62a5, 0x62a5, 0x5a65, 0x5245, 0x5245, 0x5a86, 0x5246, 0x4a6a, 0x1907, 0x10e7, 0x1949, 0x1108, 0x2189, 0x29a9,
 0x31ea, 0x3a0a, 0x3a0a, 0x2168, 0x320a, 0x320a, 0x426b, 0x4a8c, 0x52ed, 0x3a4b, 0x320a, 0x42ad, 0x29ea, 0x2189, 0x3a6b, 0x4acc,
 0x2147, 0x1927, 0x426b, 0x42ab, 0x5b2d, 0x424a, 0x1927, 0x1906, 0x4228, 0x4a47, 0x5287, 0x52a8, 0x4a67, 0x5267, 0x5266, 0x5266,
 0x5266, 0x5266, 0x5286, 0x39e7, 0x2167, 0x5b4e, 0x52ed, 0x42ac, 0x322b, 0x1949, 0x2148, 0x3a09, 0x428b, 0x3a2a, 0x4aac, 0x528b,
 0x2989, 0x1907, 0x31e9, 0x29e9, 0x21a9, 0x21c9, 0x1968, 0x10c7, 0x31a9, 0x2988, 0x1927, 0x21a9, 0x42ac, 0x3a2b, 0x2189, 0x4aac,
 0x10e5, 0x0864, 0x41c6, 0x5a06, 0x51e5, 0x4a27, 0x3a8a, 0x3aed, 0x2a4c, 0x10e7, 0x39e8, 0x4a69, 0x4a6a, 0x322a, 0x2189, 0x1927,
 0x2967, 0x31e9, 0x4a8c, 0x4a8c, 0x4aac, 0x3a0a, 0x52ed, 0x2147, 0x424a, 0x52cc, 0x10c6, 0x1947, 0x530d, 0x4acd, 0x3a4b, 0x532e,
 0x4acd, 0x2128, 0x10e7, 0x1928, 0x3a2b, 0x2988, 0x2988, 0x5b6e, 0x29c9, 0x3a4b, 0x424b, 0x1108, 0x1968, 0x31e8, 0x4a68, 0x4207,
 0x4227, 0x4a27, 0x4a27, 0x4a47, 0x5288, 0x4a48, 0x4207, 0x4a69, 0x4a48, 0x2967, 0x10e7, 0x29aa, 0x29aa, 0x31ea, 0x31ca, 0x3a2b,
 0x3a4b, 0x3a2a, 0x31e9, 0x1948, 0x21a9, 0x29ea, 0x426c, 0x2148, 0x1907, 0x320a, 0x428c, 0x52ed, 0x4acd, 0x2189, 0x42ac, 0x4aac,
 0x10a6, 0x1928, 0x29ca, 0x31c9, 0x5b2e, 0x634e, 0x1927, 0x08a5, 0x4229, 0x528a, 0x634c, 0x6b6d, 0x630c, 0x39e8, 0x5aeb, 0x4228,
 0x4249, 0x4228, 0x3a08, 0x2967, 0x2148, 0x5b4e, 0x530d, 0x320a, 0x322a, 0x2189, 0x2188, 0x31e9, 0x3a4b, 0x426b, 0x4a8c, 0x2947,
 0x2128, 0x10c7, 0x31ea, 0x3a8b, 0x326c, 0x2a0a, 0x1107, 0x10c7, 0x1907, 0x1928, 0x10e7, 0x21ca, 0x322a, 0x3a6b, 0x2169, 0x426b,
 0x2147, 0x0865, 0x18c6, 0x3925, 0x4904, 0x4a08, 0x424a, 0x322b, 0x1968, 0x2169, 0x3a2a, 0x4a8b, 0x320a, 0x1107, 0x31c9, 0x31ea,
 0x31a9, 0x39e9, 0x3a0b, 0x2969, 0x3a4b, 0x428b, 0x3a4b, 0x1906, 0x3a09, 0x52ec, 0x2168, 0x21a9, 0x428c, 0x21aa, 0x1949, 0x2148,
 0x5acd, 0x424b, 0x29a9, 0x21aa, 0x21ea, 0x42ee, 0x3a6b, 0x532e, 0x42ac, 0x3a2b, 0x29a9, 0x21a9, 0x1968, 0x29c9, 0x3a2a, 0x10c6,
 0x10e7, 0x1907, 0x1927, 0x31e9, 0x3a09, 0x29ca, 0x1107, 0x1927, 0x31e9, 0x10e7, 0x31ea, 0x4acd, 0x426b, 0x3a0a, 0x1928, 0x1928,
 0x320a, 0x3a4b, 0x530e, 0x2188, 0x21a9, 0x21a9, 0x29aa, 0x1928, 0x2128, 0x2128, 0x31ea, 0x1928, 0x2189, 0x1928, 0x3a4b, 0x3a2b,
 0x2189, 0x320a, 0x428c, 0x3a0a, 0x29a8, 0x4aac, 0x10c6, 0x2148, 0x424b, 0x52ac, 0x6b6e, 0x5b0d, 0x39e9, 0x2988, 0x3a0a, 0x29a8,
 0x52ec, 0x31e9, 0x426b, 0x4aed, 0x424b, 0x52ed, 0x4a8c, 0x424a, 0x31e9, 0x29c9, 0x21a8, 0x3a4b, 0x4acd, 0x426b, 0x426b, 0x4aac,
 0x08a7, 0x08a6, 0x1928, 0x2a0a, 0x3a6c, 0x3a4b, 0x10c6, 0x10c6, 0x2968, 0x2148, 0x10c6, 0x3a2a, 0x4acc, 0x426b, 0x1927, 0x424b,
 0x6b4e, 0x20c5, 0x2107, 0x3127, 0x40c3, 0x4104, 0x41e8, 0x3a2a, 0x29c8, 0x31e9, 0x3209, 0x3a4b, 0x2188, 0x2148, 0x2168, 0x2188,
 0x1928, 0x2168, 0x320b, 0x31ca, 0x424b, 0x3a0a, 0x426b, 0x31c9, 0x18e6, 0x424b, 0x29c9, 0x2189, 0x1929, 0x10e8, 0x10e8, 0x08a6,
 0x2989, 0x4aac, 0x428c, 0x322b, 0x322b, 0x3aac, 0x3a4a, 0x530d, 0x29c9, 0x3a4b, 0x428b, 0x322a, 0x426b, 0x426b, 0x3a0a, 0x2168,
 0x29a9, 0x1948, 0x2169, 0x2168, 0x29a9, 0x4acd, 0x29a9, 0x29c9, 0x29a9, 0x1928, 0x3a2b, 0x2168, 0x2168, 0x2188, 0x29a9, 0x1907,
 0x3a4b, 0x3a6b, 0x532e, 0x1927, 0x1927, 0x10e7, 0x2989, 0x5aed, 0x52ac, 0x2127, 0x10e7, 0x1928, 0x29ca, 0x1107, 0x29ca, 0x320a,
 0x428c, 0x29c9, 0x3a4a, 0x31e9, 0x1927, 0x2168, 0x29ca, 0x31c9, 0x52cc, 0x424a, 0x31a8, 0x3a0a, 0x2168, 0x29c9, 0x2168, 0x10e6,
 0x530d, 0x3a4b, 0x530e, 0x4acc, 0x426b, 0x2189, 0x3a0a, 0x31a9, 0x31c9, 0x29c9, 0x2a0a, 0x2169, 0x320a, 0x4acd, 0x2168, 0x320a,
 0x1928, 0x1928, 0x31ea, 0x29e9, 0x320a, 0x31ea, 0x2148, 0x10a6, 0x1906, 0x29a9, 0x29a9, 0x2988, 0x39e9, 0x422a, 0x1907, 0x4aac,
 0x738f, 0x5aab, 0x31a8, 0x41e9, 0x4146, 0x526a, 0x4229, 0x31c9, 0x3a2a, 0x29a8, 0x1927, 0x31c9, 0x29a9, 0x3a2a, 0x426b, 0x10e7,
 0x08e8, 0x1989, 0x1948, 0x320a, 0x5b2d, 0x52cd, 0x3a2a, 0x3a4a, 0x3a0a, 0x31c9, 0x31ea, 0x29aa, 0x10c8, 0x10e8, 0x1929, 0x08c7,
 0x4a6b, 0x3a2a, 0x428b, 0x322a, 0x428c, 0x428c, 0x31c9, 0x4aac, 0x428c, 0x3a4a, 0x4aec, 0x428b, 0x5b2d, 0x426b, 0x3a2a, 0x4acc,
 0x4aac, 0x29c9, 0x29ea, 0x2168, 0x1927, 0x3a2a, 0x3a2a, 0x422a, 0x2127, 0x10e7, 0x31ea, 0x320a, 0x322a, 0x4acc, 0x29c9, 0x2988,
 0x31e9, 0x52ed, 0x4acc, 0x3209, 0x29a9, 0x1107, 0x320a, 0x52ec, 0x4aab, 0x2189, 0x29ca, 0x426b, 0x428c, 0x29e9, 0x2188, 0x2188,
 0x320a, 0x29c9, 0x29e8, 0x21a8, 0x1968, 0x2989, 0x29a9, 0x29a9, 0x424a, 0x39e9, 0x2147, 0x1928, 0x1948, 0x428c, 0x52ed, 0x424b,
 0x426b, 0x530e, 0x428b, 0x530d, 0x4aed, 0x31c9, 0x39ea, 0x4a8c, 0x31c9, 0x424b, 0x31ca, 0x1908, 0x2168, 0x29c9, 0x1907, 0x1928,
 0x1928, 0x1907, 0x31ea, 0x3a2a, 0x3a0a, 0x10e7, 0x18e6, 0x18c5, 0x3167, 0x2988, 0x29c9, 0x2168, 0x2147, 0x2167, 0x31c9, 0x31c9,
 0x52ac, 0x528b, 0x31a8, 0x3187, 0x4a29, 0x4a6a, 0x31a8, 0x2168, 0x320a, 0x1927, 0x08a5, 0x1907, 0x1927, 0x3a2a, 0x2989, 0x10e7,
 0x29aa, 0x2188, 0x320a, 0x31c9, 0x3a0a, 0x31ca, 0x1928, 0x2168, 0x424b, 0x2989, 0x2148, 0x2189, 0x1929, 0x1908, 0x1908, 0x10c6,
 0x29a9, 0x29a8, 0x1927, 0x21a8, 0x3a4b, 0x428c, 0x3a4a, 0x428b, 0x530d, 0x4aed, 0x3a2a, 0x3a2a, 0x4a8c, 0x2147, 0x2988, 0x31e9,
 0x424a, 0x31c8, 0x3a4a, 0x31c9, 0x21a9, 0x2188, 0x31e9, 0x3a09, 0x2127, 0x1927, 0x31c9, 0x320a, 0x428b, 0x3a6b, 0x3209, 0x3a4a,
 0x31e9, 0x2188, 0x31e9, 0x3a29, 0x426b, 0x320a, 0x320a, 0x428b, 0x31c9, 0x2188, 0x29c9, 0x322a, 0x29a8, 0x29c8, 0x29a8, 0x1968,
 0x29a9, 0x3209, 0x3a4a, 0x29c9, 0x1969, 0x18c6, 0x20a4, 0x1906, 0x2167, 0x31c8, 0x2167, 0x2168, 0x29a9, 0x52cc, 0x52cc, 0x426b,
 0x1927, 0x320a, 0x3a0a, 0x4a8b, 0x3a2a, 0x2967, 0x31c9, 0x39e9, 0x2988, 0x39ea, 0x3a0a, 0x2148, 0x31c9, 0x1907, 0x29a9, 0x29a9,
 0x1928, 0x31ea, 0x3a0a, 0x29a9, 0x2989, 0x10e7, 0x1907, 0x20e5, 0x2905, 0x31c9, 0x3a4a, 0x320a, 0x1947, 0x2168, 0x3a0a, 0x426b,
 0x424b, 0x29c9, 0x1947, 0x2988, 0x3a09, 0x5b0d, 0x31e9, 0x1907, 0x1969, 0x10e7, 0x10a5, 0x08a6, 0x1906, 0x3a0a, 0x320a, 0x29ca,
 0x42ad, 0x320a, 0x3a2a, 0x1928, 0x1108, 0x10e7, 0x1107, 0x2168, 0x29c9, 0x1928, 0x1948, 0x1948, 0x2168, 0x2989, 0x31ea, 0x2168,
 0x3a0a, 0x1907, 0x1927, 0x2988, 0x3a2a, 0x31c9, 0x320a, 0x3a0a, 0x530d, 0x320a, 0x320a, 0x3a2a, 0x3a2a, 0x1107, 0x2168, 0x1907,
 0x31c9, 0x2167, 0x424b, 0x3a2a, 0x2188, 0x21a9, 0x2147, 0x18e6, 0x18e6, 0x1927, 0x3209, 0x428b, 0x3a6b, 0x3209, 0x3a6b, 0x4aab,
 0x1968, 0x1107, 0x2168, 0x31a8, 0x31c9, 0x320a, 0x3a2b, 0x29a8, 0x39e9, 0x424a, 0x428b, 0x31ea, 0x2188, 0x29a8, 0x424a, 0x29a8,
 0x29c9, 0x3a2a, 0x31e9, 0x3a6b, 0x31ca, 0x30c5, 0x40a3, 0x3146, 0x39c8, 0x3146, 0x2147, 0x2188, 0x31a9, 0x4a6b, 0x31e9, 0x21a9,
 0x1968, 0x3a2a, 0x2167, 0x39e9, 0x2988, 0x31e9, 0x1927, 0x2188, 0x320a, 0x2188, 0x2968, 0x31a9, 0x424b, 0x1927, 0x29a9, 0x2989,
 0x2148, 0x31ea, 0x3a4b, 0x2168, 0x10c6, 0x10e7, 0x2148, 0x3188, 0x2905, 0x422a, 0x2167, 0x29c9, 0x2168, 0x31a9, 0x52ed, 0x31c9,
 0x29e9, 0x3a6b, 0x29a9, 0x3a09, 0x424a, 0x424a, 0x2989, 0x1927, 0x1948, 0x2106, 0x1884, 0x18e6, 0x3a0a, 0x530d, 0x3a4b, 0x21a9,
 0x31ea, 0x29a8, 0x29a9, 0x1948, 0x1968, 0x1968, 0x428c, 0x426b, 0x4acc, 0x29a9, 0x29a9, 0x29a9, 0x29a9, 0x1107, 0x322a, 0x3a2a,
 0x29a9, 0x29a9, 0x1906, 0x2148, 0x1907, 0x2988, 0x31e9, 0x4acd, 0x52ed, 0x4acc, 0x428b, 0x426b, 0x29c9, 0x2168, 0x1907, 0x1907,
 0x4aac, 0x2168, 0x29c9, 0x1107, 0x1968, 0x2189, 0x322a, 0x1907, 0x10e6, 0x2168, 0x29a8, 0x428b, 0x3a6b, 0x322a, 0x3a6a, 0x3209,
 0x1988, 0x1107, 0x1968, 0x29a8, 0x2168, 0x2188, 0x29c9, 0x1947, 0x2988, 0x31c9, 0x1928, 0x1948, 0x1127, 0x1907, 0x426b, 0x1907,
 0x426b, 0x52cc, 0x3a4b, 0x3a4b, 0x420a, 0x38e4, 0x40a3, 0x3946, 0x4125, 0x38c3, 0x2106, 0x29c9, 0x29a8, 0x1927, 0x29c9, 0x322a,
 0x42cd, 0x2168, 0x2988, 0x31c9, 0x1907, 0x1948, 0x31ea, 0x4acd, 0x29a9, 0x1927, 0x1927, 0x31e9, 0x3a4b, 0x320a, 0x3a4b, 0x2988,
 0x1907, 0x2148, 0x2988, 0x2989, 0x3a0a, 0x3a0a, 0x2988, 0x31a8, 0x18c5, 0x31a8, 0x31e9, 0x426b, 0x428b, 0x4a8b, 0x3a2a, 0x322a,
 0x21c9, 0x21a9, 0x1968, 0x3a29, 0x426a, 0x3a2a, 0x29a8, 0x2188, 0x29a8, 0x2946, 0x18c5, 0x2988, 0x2147, 0x1906, 0x2188, 0x1948,
 0x1968, 0x1968, 0x29ea, 0x31e9, 0x320a, 0x3209, 0x428b, 0x3a4a, 0x3a2a, 0x3a2a, 0x2988, 0x1947, 0x1907, 0x08c6, 0x3a4b, 0x29a9,
 0x1107, 0x18e6, 0x2147, 0x29a9, 0x2988, 0x3a4b, 0x428b, 0x428b, 0x29a8, 0x422a, 0x3a2a, 0x2168, 0x1927, 0x1907, 0x2168, 0x2988,
 0x424b, 0x3a4b, 0x29a9, 0x1907, 0x2168, 0x29c9, 0x426b, 0x1907, 0x08a5, 0x2968, 0x3a09, 0x21a8, 0x320a, 0x4acc, 0x4acc, 0x424a,
 0x3209, 0x320a, 0x3a6b, 0x322a, 0x29c9, 0x1968, 0x29c9, 0x29c9, 0x2168, 0x2168, 0x29a9, 0x29c9, 0x29ca, 0x1927, 0x31c9, 0x08a5,
 0x2148, 0x29c9, 0x1107, 0x1927, 0x29a8, 0x4209, 0x3145, 0x4166, 0x38a3, 0x3905, 0x2988, 0x4a8c, 0x31e9, 0x1907, 0x1948, 0x2168,
 0x4acd, 0x1927, 0x1928, 0x29a9, 0x29a9, 0x31ea, 0x320a, 0x4aac, 0x320a, 0x1927, 0x10e6, 0x320a, 0x3a2a, 0x322a, 0x428c, 0x2905,
 0x10e6, 0x10c6, 0x10e6, 0x2106, 0x3188, 0x2127, 0x31a9, 0x4a6b, 0x2126, 0x18e6, 0x2988, 0x31e9, 0x2146, 0x424a, 0x5b0d, 0x428b,
 0x29c9, 0x322a, 0x2188, 0x29c9, 0x4aab, 0x3a2a, 0x3a4a, 0x31e9, 0x2167, 0x2967, 0x2167, 0x2168, 0x1906, 0x1927, 0x2189, 0x320a,
 0x3a4b, 0x29c9, 0x31ea, 0x31c9, 0x31e9, 0x2988, 0x322a, 0x29c9, 0x1927, 0x320a, 0x320a, 0x31ea, 0x29a9, 0x2168, 0x31ea, 0x29ca,
 0x29a9, 0x2968, 0x2167, 0x29c9, 0x1127, 0x1107, 0x1968, 0x428b, 0x3209, 0x31e8, 0x424a, 0x2188, 0x2168, 0x31e9, 0x29c9, 0x2147,
 0x2988, 0x3a2a, 0x31c9, 0x2168, 0x2168, 0x3209, 0x320a, 0x10e7, 0x1907, 0x31c9, 0x428b, 0x2a09, 0x21c9, 0x1968, 0x1927, 0x3a08,
 0x3a4a, 0x426a, 0x29e9, 0x1968, 0x21a9, 0x1968, 0x21a8, 0x1948, 0x2188, 0x2189, 0x29a8, 0x2188, 0x2188, 0x1106, 0x29a9, 0x428c,
 0x29c9, 0x0907, 0x0927, 0x2188, 0x3a2a, 0x31c8, 0x29a7, 0x41c8, 0x3966, 0x3a09, 0x428b, 0x3a0a, 0x3a09, 0x29c8, 0x31e9, 0x2147,
 0x3a0a, 0x31ea, 0x2189, 0x29a9, 0x1927, 0x29c9, 0x2988, 0x3a2a, 0x29a9, 0x10c6, 0x10e6, 0x2988, 0x29c9, 0x29c9, 0x31e9, 0x31a7,
 0x2168, 0x1927, 0x2968, 0x4167, 0x3926, 0x2947, 0x10c5, 0x2988, 0x1906, 0x18e6, 0x29a8, 0x31e9, 0x29a8, 0x2988, 0x29a8, 0x3a4a,
 0x320a, 0x31e9, 0x3a4a, 0x29a8, 0x29c8, 0x29a8, 0x29a8, 0x31e9, 0x29a8, 0x3a2a, 0x2988, 0x2167, 0x2167, 0x31c9, 0x31c8, 0x2167,
 0x29a8, 0x2188, 0x10e6, 0x31e9, 0x428b, 0x21a9, 0x1968, 0x29e9, 0x2168, 0x31e9, 0x29c9, 0x31e9, 0x3a2a, 0x10e6, 0x2189, 0x29a8,
 0x31e9, 0x3a4a, 0x29a8, 0x2188, 0x1948, 0x1927, 0x1106, 0x426a, 0x2166, 0x2966, 0x31a8, 0x2168, 0x29a8, 0x31e9, 0x2187, 0x31e9,
 0x29c8, 0x29c8, 0x29a8, 0x2988, 0x29a8, 0x426b, 0x320a, 0x1927, 0x1106, 0x3a2a, 0x3a2a, 0x29c9, 0x21a9, 0x1988, 0x1947, 0x29a8,
 0x1926, 0x2167, 0x428b, 0x29c9, 0x29a9, 0x320a, 0x29c8, 0x21a9, 0x21a8, 0x1947, 0x1926, 0x2188, 0x21a8, 0x1127, 0x2168, 0x2188,
 0x21a9, 0x1127, 0x1148, 0x1968, 0x2167, 0x29a8, 0x29c8, 0x2188, 0x1927, 0x31c9, 0x1926, 0x3a4a, 0x426a, 0x424a, 0x424a, 0x29a8,
 0x2147, 0x10e6, 0x10e6, 0x1927, 0x10c6, 0x2168, 0x2167, 0x31ea, 0x1907, 0x1927, 0x2147, 0x2187, 0x31c8, 0x2946, 0x2126, 0x31a8,
 0x2988, 0x2147, 0x422a, 0x4126, 0x3946, 0x2946, 0x1906, 0x29a8, 0x29a8, 0x1927, 0x2188, 0x2a0a, 0x2a0a, 0x29c9, 0x2188, 0x424b,
 0x424b, 0x29a8, 0x31e9, 0x31e9, 0x426a, 0x3209, 0x1926, 0x2988, 0x1947, 0x29c9, 0x2188, 0x2168, 0x1107, 0x31e9, 0x10e6, 0x1947,
 0x29a8, 0x29c9, 0x2168, 0x2988, 0x31e9, 0x1968, 0x29e9, 0x320a, 0x29a8, 0x29a8, 0x2188, 0x2188, 0x2188, 0x1947, 0x31e9, 0x426a,
 0x426a, 0x3209, 0x2188, 0x2188, 0x1947, 0x2967, 0x2987, 0x424a, 0x2146, 0x1925, 0x2987, 0x29c9, 0x1967, 0x29a8, 0x3209, 0x31e9,
 0x2167, 0x29c9, 0x2188, 0x29a9, 0x29c9, 0x29c9, 0x1106, 0x1968, 0x2188, 0x29c9, 0x31e9, 0x29c8, 0x29e9, 0x2188, 0x1967, 0x29a8,
 0x1947, 0x1967, 0x322a, 0x29c9, 0x29c8, 0x29a8, 0x29c8, 0x31e9, 0x29a8, 0x2188, 0x31e9, 0x3a2a, 0x21a8, 0x29a8, 0x29e9, 0x29a8,
 0x29a8, 0x29c9, 0x1947, 0x1947, 0x1947, 0x29c8, 0x3a6b, 0x29c9, 0x2167, 0x39c9, 0x29c9, 0x3a8b, 0x3a8b, 0x21a8, 0x2147, 0x424b,
 0x29a8, 0x2147, 0x1106, 0x1947, 0x1927, 0x1106, 0x1947, 0x2989, 0x2188, 0x2168, 0x31c9, 0x31e8, 0x31a7, 0x2925, 0x10c5, 0x1906,
 0x2167, 0x31c9, 0x31a9, 0x20e6, 0x3987, 0x1926, 0x1105, 0x2167, 0x3209, 0x2167, 0x29c9, 0x322a, 0x1988, 0x2188, 0x2168, 0x2167,
 0x31e9, 0x31c8, 0x31e9, 0x29c8, 0x31e9, 0x31e9, 0x2188, 0x3a4b, 0x2188, 0x29c8, 0x31e9, 0x1927, 0x2189, 0x2168, 0x08c6, 0x10e6,
 0x2188, 0x3a2a, 0x29e9, 0x31e9, 0x1927, 0x1107, 0x2168, 0x3a2a, 0x2167, 0x2188, 0x29a8, 0x29c8, 0x1947, 0x1927, 0x31c8, 0x426a,
 0x31c9, 0x29a8, 0x1947, 0x1927, 0x1947, 0x2146, 0x2947, 0x31c8, 0x2166, 0x10e5, 0x1947, 0x2188, 0x1127, 0x2168, 0x3209, 0x29e9,
 0x1947, 0x1106, 0x2188, 0x1947, 0x31e9, 0x3a4a, 0x08a5, 0x2188, 0x31e9, 0x29c9, 0x29a8, 0x29c8, 0x3a2a, 0x31e9, 0x3a29, 0x29c8,
 0x2168, 0x1127, 0x1968, 0x2188, 0x1967, 0x2167, 0x31c8, 0x2147, 0x2167, 0x2188, 0x29a8, 0x29e9, 0x29c9, 0x3a2a, 0x426a, 0x29a7,
 0x2987, 0x2127, 0x1947, 0x1947, 0x2167, 0x1967, 0x29c9, 0x2168, 0x31c9, 0x31a8, 0x2168, 0x3209, 0x29e9, 0x29c9, 0x29a8, 0x29c9,
 0x29c9, 0x31e9, 0x10e6, 0x2167, 0x1946, 0x1106, 0x1948, 0x10e6, 0x1906, 0x10e6, 0x2187, 0x2987, 0x2966, 0x2905, 0x18c4, 0x1906,
 0x320a, 0x2988, 0x29a8, 0x10e6, 0x3a0a, 0x1926, 0x10e5, 0x2147, 0x428b, 0x2188, 0x2168, 0x2188, 0x3a4b, 0x2188, 0x320a, 0x2167,
 0x428b, 0x2187, 0x2167, 0x29a7, 0x29a8, 0x2168, 0x2188, 0x3a4a, 0x426b, 0x426a, 0x29c8, 0x2168, 0x2169, 0x29a9, 0x1927, 0x2167,
 0x21a8, 0x21a8, 0x1127, 0x2168, 0x2188, 0x1948, 0x29c9, 0x1907, 0x1948, 0x2167, 0x31c9, 0x2167, 0x1107, 0x1947, 0x31a8, 0x2167,
 0x29a8, 0x1106, 0x29a9, 0x1107, 0x2147, 0x2967, 0x2988, 0x2127, 0x31e8, 0x1926, 0x1107, 0x1948, 0x1968, 0x2167, 0x320a, 0x31e9,
 0x29a9, 0x29a8, 0x1968, 0x29a9, 0x2147, 0x3a09, 0x10e6, 0x31e9, 0x29a8, 0x3a4a, 0x29e9, 0x29e9, 0x29c8, 0x29a8, 0x3209, 0x21a8,
 0x1927, 0x08e7, 0x1107, 0x1127, 0x1107, 0x1107, 0x1947, 0x1927, 0x2188, 0x320a, 0x2188, 0x1967, 0x21a8, 0x29c8, 0x29e9, 0x31c9,
 0x2188, 0x2168, 0x1927, 0x1107, 0x08e7, 0x08e7, 0x1968, 0x1107, 0x320a, 0x1107, 0x2148, 0x1907, 0x1947, 0x1927, 0x2189, 0x1968,
 0x2188, 0x3a4b, 0x1926, 0x2146, 0x31c8, 0x2167, 0x1927, 0x1906, 0x10e5, 0x1946, 0x31e8, 0x31c8, 0x39a7, 0x3945, 0x28e5, 0x18e5,
 0x3a4b, 0x1968, 0x2188, 0x1106, 0x31e9, 0x2146, 0x1906, 0x3a09, 0x3a4a, 0x2188, 0x08a5, 0x10e6, 0x428b, 0x4aac, 0x428b, 0x42ab,
 0x3a4a, 0x3209, 0x31c9, 0x29c8, 0x21a8, 0x1968, 0x1947, 0x29c8, 0x3a4a, 0x3a4a, 0x2188, 0x1968, 0x08c7, 0x1107, 0x2188, 0x2188,
 0x10e6, 0x1127, 0x1106, 0x1107, 0x29c9, 0x31e9, 0x2147, 0x10e6, 0x08a6, 0x1107, 0x1927, 0x1107, 0x08c6, 0x1927, 0x1926, 0x2967,
 0x3a2a, 0x2188, 0x29c9, 0x10e6, 0x1107, 0x31c9, 0x29c9, 0x10e6, 0x2988, 0x31a9, 0x2168, 0x1127, 0x21a9, 0x29a8, 0x1106, 0x2147,
 0x2988, 0x2988, 0x10e6, 0x2188, 0x424a, 0x3a29, 0x29a8, 0x29a8, 0x2147, 0x322a, 0x320a, 0x1968, 0x2188, 0x29c8, 0x29c9, 0x2188,
 0x29c9, 0x2168, 0x2147, 0x2988, 0x2168, 0x1948, 0x21a9, 0x1947, 0x2147, 0x29c9, 0x1127, 0x21c9, 0x2188, 0x1947, 0x1947, 0x29a9,
 0x2188, 0x1907, 0x1927, 0x1928, 0x08e7, 0x08e7, 0x1968, 0x2188, 0x1927, 0x1107, 0x10e7, 0x1107, 0x10e7, 0x1927, 0x1128, 0x1107,
 0x10e6, 0x29c9, 0x2146, 0x2925, 0x39a7, 0x31c8, 0x10c4, 0x18e5, 0x18c4, 0x31a7, 0x31a7, 0x39c8, 0x39a7, 0x4187, 0x3166, 0x18e5,
 0x1968, 0x21e9, 0x1967, 0x31e9, 0x3a29, 0x4acc, 0x31c8, 0x3a09, 0x31c8, 0x426a, 0x2987, 0x1926, 0x2167, 0x2147, 0x31e9, 0x31e9,
 0x1927, 0x1947, 0x2167, 0x322a, 0x21a8, 0x21a9, 0x1947, 0x31e9, 0x426b, 0x2167, 0x29a8, 0x29a9, 0x10e7, 0x1947, 0x31c9, 0x31e9,
 0x1927, 0x2188, 0x1927, 0x1907, 0x1947, 0x1927, 0x2988, 0x29a9, 0x2189, 0x1928, 0x1927, 0x1907, 0x1906, 0x2188, 0x424a, 0x2167,
 0x3a2a, 0x31e9, 0x2188, 0x1127, 0x1968, 0x3a2a, 0x3a4b, 0x2188, 0x1907, 0x2147, 0x1948, 0x1947, 0x2188, 0x29e9, 0x320a, 0x2988,
 0x29a9, 0x2168, 0x08e7, 0x08e6, 0x29a8, 0x2167, 0x29a9, 0x29a9, 0x1927, 0x1947, 0x1147, 0x08e6, 0x1127, 0x21a8, 0x21a8, 0x1967,
 0x31e9, 0x2187, 0x2988, 0x2147, 0x1926, 0x1927, 0x1927, 0x1906, 0x2167, 0x2988, 0x1927, 0x21a9, 0x1968, 0x08e7, 0x08e7, 0x1947,
 0x31e9, 0x2167, 0x1906, 0x1907, 0x1107, 0x1107, 0x29a8, 0x2167, 0x1906, 0x1107, 0x29a9, 0x2988, 0x1948, 0x1927, 0x1927, 0x10e6,
 0x10e6, 0x31e9, 0x2946, 0x3125, 0x3965, 0x3104, 0x3125, 0x3966, 0x2946, 0x2946, 0x39c7, 0x31a7, 0x39a7, 0x3145, 0x2925, 0x10c5,
 0x1989, 0x21ea, 0x21c9, 0x21a8, 0x29c8, 0x530d, 0x3209, 0x29a8, 0x2166, 0x3a29, 0x2167, 0x2147, 0x2988, 0x29a8, 0x31e9, 0x29c8,
 0x1947, 0x2147, 0x2146, 0x31c8, 0x2187, 0x08c5, 0x2187, 0x2167, 0x2987, 0x2988, 0x29a8, 0x2188, 0x08c6, 0x1927, 0x2988, 0x1106,
 0x08e6, 0x1106, 0x1927, 0x10e6, 0x2168, 0x1927, 0x3a2a, 0x29c9, 0x29a9, 0x21a9, 0x21a8, 0x31c9, 0x2167, 0x1106, 0x1107, 0x1107,
 0x21a9, 0x31ea, 0x21a9, 0x1947, 0x1967, 0x29c9, 0x322a, 0x29ea, 0x10e6, 0x2988, 0x29a8, 0x31e9, 0x29c9, 0x1926, 0x3a2a, 0x29a8,
 0x3a2a, 0x29c9, 0x1127, 0x1107, 0x2167, 0x2187, 0x2188, 0x29c9, 0x2188, 0x2168, 0x2168, 0x08e6, 0x08e7, 0x1947, 0x1968, 0x1127,
 0x1947, 0x2987, 0x2986, 0x2966, 0x2146, 0x2166, 0x1946, 0x2145, 0x2966, 0x1925, 0x1947, 0x1948, 0x08e7, 0x08c6, 0x08c6, 0x1947,
 0x424a, 0x3a29, 0x31e9, 0x1927, 0x1968, 0x29a8, 0x2966, 0x2966, 0x1905, 0x10e5, 0x2988, 0x31e9, 0x2147, 0x2988, 0x2988, 0x2988,
 0x1948, 0x1928, 0x2967, 0x3125, 0x3124, 0x3145, 0x3945, 0x3986, 0x39c7, 0x2966, 0x2946, 0x31a7, 0x3186, 0x2966, 0x2967, 0x08a4,
 0x1947, 0x29e9, 0x29a8, 0x2187, 0x29a7, 0x428b, 0x2167, 0x31a7, 0x2145, 0x31c7, 0x31c8, 0x31c8, 0x2987, 0x2146, 0x3a09, 0x2187,
 0x2146, 0x2145, 0x2145, 0x2145, 0x1905, 0x10e5, 0x2146, 0x2966, 0x2146, 0x2146, 0x2166, 0x1926, 0x1926, 0x10e6, 0x08e6, 0x08e6,
 0x1968, 0x1947, 0x31e9, 0x1126, 0x08c6, 0x1927, 0x3209, 0x2147, 0x3a4a, 0x2188, 0x2188, 0x21a8, 0x1906, 0x2188, 0x1127, 0x2168,
 0x1968, 0x2168, 0x2168, 0x29a8, 0x1947, 0x29a8, 0x1967, 0x2167, 0x1106, 0x2167, 0x1927, 0x2167, 0x1926, 0x1105, 0x31c8, 0x1926,
 0x31e9, 0x2188, 0x1928, 0x1968, 0x2167, 0x2166, 0x29e8, 0x29c8, 0x29c8, 0x2188, 0x1106, 0x2147, 0x1947, 0x2988, 0x29a8, 0x29a8,
 0x29a8, 0x1925, 0x2145, 0x2125, 0x2145, 0x2125, 0x1925, 0x2145, 0x2945, 0x2125, 0x2987, 0x29a8, 0x29a8, 0x2167, 0x2147, 0x31a8,
 0x2986, 0x2946, 0x2146, 0x1926, 0x29c9, 0x2986, 0x2145, 0x2966, 0x2986, 0x29a8, 0x2167, 0x2987, 0x2146, 0x2126, 0x31c8, 0x31a9,
 0x29a9, 0x2189, 0x2147, 0x2946, 0x2905, 0x3145, 0x3146, 0x3166, 0x2925, 0x2105, 0x1905, 0x2146, 0x2126, 0x1105, 0x1105, 0x29c8,
 0x1105, 0x10e5, 0x2187, 0x2166, 0x2146, 0x31c8, 0x2167, 0x2146, 0x2966, 0x2146, 0x1946, 0x2187, 0x1925, 0x1925, 0x2987, 0x2166,
 0x2166, 0x10e5, 0x10e5, 0x10e4, 0x1105, 0x08e5, 0x08e5, 0x08e5, 0x0905, 0x08e5, 0x1926, 0x3a4a, 0x4aab, 0x2147, 0x2187, 0x31e8,
 0x31e8, 0x29c7, 0x3209, 0x1947, 0x08c5, 0x1106, 0x31c8, 0x2986, 0x29a7, 0x29c8, 0x29a8, 0x31e8, 0x2187, 0x29c8, 0x322a, 0x29a8,
 0x2188, 0x2167, 0x29a8, 0x29a7, 0x1926, 0x10e6, 0x1926, 0x1947, 0x1105, 0x10e6, 0x1906, 0x10e5, 0x10e5, 0x1926, 0x2146, 0x1946,
 0x1126, 0x1126, 0x1927, 0x1926, 0x10e5, 0x1105, 0x1125, 0x1946, 0x1946, 0x1106, 0x08c5, 0x2167, 0x2147, 0x2987, 0x2187, 0x1926,
 0x1105, 0x10e5, 0x10e5, 0x1926, 0x1105, 0x10e5, 0x1925, 0x1905, 0x2145, 0x1905, 0x1925, 0x1946, 0x1926, 0x2146, 0x1925, 0x1945,
 0x2986, 0x2986, 0x2145, 0x1926, 0x1127, 0x1926, 0x10e4, 0x1925, 0x1905, 0x31c8, 0x2188, 0x29a8, 0x31c7, 0x2966, 0x2967, 0x422a,
 0x1906, 0x1947, 0x31c9, 0x2126, 0x18e5, 0x10e5, 0x18e5, 0x10c4, 0x18e5, 0x08c5, 0x08c5, 0x1106, 0x1946, 0x1126, 0x1926, 0x3a4a,
 0x10e5, 0x08c4, 0x1946, 0x1126, 0x08e5, 0x1126, 0x08e5, 0x10e5, 0x1905, 0x08c5, 0x08c5, 0x08c5, 0x08c5, 0x08c5, 0x1946, 0x1105,
 0x1105, 0x08c5, 0x08e5, 0x08e5, 0x08c5, 0x08e5, 0x08e5, 0x1146, 0x08e5, 0x1106, 0x08e5, 0x1926, 0x29c8, 0x3a08, 0x39e8, 0x31c7,
 0x4229, 0x31c7, 0x2146, 0x1106, 0x08c5, 0x1106, 0x1905, 0x2125, 0x2145, 0x2146, 0x1946, 0x31e8, 0x29a7, 0x29e8, 0x2187, 0x2166,
 0x3186, 0x3166, 0x3166, 0x2945, 0x2146, 0x2987, 0x2966, 0x3a08, 0x1926, 0x10e5, 0x31e9, 0x2166, 0x1105, 0x1105, 0x10e5, 0x08e5,
 0x1105, 0x2187, 0x31c8, 0x2167, 0x08e5, 0x08e5, 0x1126, 0x0905, 0x08e5, 0x08e5, 0x08c5, 0x10e5, 0x1926, 0x1106, 0x1106, 0x08c5,
 0x1105, 0x1105, 0x1105, 0x2986, 0x1946, 0x08c5, 0x1946, 0x2166, 0x2166, 0x1925, 0x10e5, 0x1105, 0x08e5, 0x1105, 0x2187, 0x08e5,
 0x2167, 0x29a7, 0x2166, 0x10e5, 0x10e5, 0x08e5, 0x08e5, 0x1105, 0x08c5, 0x2167, 0x2188, 0x1947, 0x1947, 0x1926, 0x1926, 0x3209,
 0x08c6, 0x08e6, 0x1106, 0x10e5, 0x10e5, 0x1126, 0x10e5, 0x08c5, 0x08c5, 0x08c5, 0x00c5, 0x08c5, 0x2166, 0x2166, 0x1905, 0x31c8,
 0x1905, 0x1925, 0x1905, 0x1925, 0x1925, 0x1925, 0x1924, 0x2144, 0x2145, 0x08c5, 0x08c5, 0x1105, 0x1925, 0x1925, 0x1105, 0x08e5,
 0x1105, 0x08c5, 0x08e5, 0x1905, 0x1105, 0x10e5, 0x2166, 0x42ab, 0x2187, 0x21a7, 0x1966, 0x1946, 0x1946, 0x2125, 0x39e8, 0x31a7,
 0x3a08, 0x29a7, 0x10e5, 0x1105, 0x08e5, 0x1105, 0x2145, 0x2965, 0x2965, 0x10e4, 0x1105, 0x31c8, 0x3a4a, 0x1946, 0x1946, 0x3187,
 0x3186, 0x3165, 0x3145, 0x2945, 0x2966, 0x31a7, 0x3166, 0x31c7, 0x1926, 0x08c5, 0x1945, 0x2145, 0x1925, 0x08c4, 0x1126, 0x1125,
 0x2166, 0x3208, 0x31c7, 0x2166, 0x08e5, 0x1105, 0x2187, 0x2166, 0x2166, 0x1946, 0x2166, 0x1926, 0x2166, 0x1105, 0x1105, 0x1105,
 0x1105, 0x1925, 0x2166, 0x2986, 0x1905, 0x1925, 0x2145, 0x2125, 0x2145, 0x1925, 0x1105, 0x1105, 0x1105, 0x2145, 0x2166, 0x08e5,
 0x1946, 0x29a7, 0x2146, 0x2146, 0x1105, 0x08e5, 0x08e5, 0x1105, 0x08e5, 0x1126, 0x1126, 0x08c6, 0x08e5, 0x08c5, 0x08e6, 0x1947,
 0x08c5, 0x08e6, 0x1106, 0x2146, 0x2186, 0x31c7, 0x10e4, 0x10e5, 0x08c4, 0x08e5, 0x00c5, 0x00c5, 0x1925, 0x2165, 0x1925, 0x1904,
 0x2944, 0x1903, 0x2964, 0x2984, 0x2984, 0x3184, 0x31a4, 0x3184, 0x2985, 0x08e4, 0x08c5, 0x1925, 0x2985, 0x2984, 0x2985, 0x1904,
 0x1925, 0x08c4, 0x10e5, 0x2144, 0x2124, 0x10e4, 0x2145, 0x4227, 0x2985, 0x2166, 0x1926, 0x1125, 0x1925, 0x18e4, 0x39c7, 0x3186,
 0x31c7, 0x2166, 0x1925, 0x1926, 0x1105, 0x1105, 0x2984, 0x3184, 0x2984, 0x1104, 0x08c4, 0x2146, 0x29a7, 0x1925, 0x1946, 0x2966,
 0x39a7, 0x39a6, 0x39c7, 0x31a7, 0x2966, 0x2966, 0x2925, 0x3187, 0x10c5, 0x08c5, 0x10e4, 0x1925, 0x1924, 0x1104, 0x1924, 0x2144,
 0x31a5, 0x31a6, 0x3185, 0x2104, 0x1904, 0x1924, 0x2985, 0x29a5, 0x2986, 0x2166, 0x2166, 0x2166, 0x29a7, 0x2166, 0x2145, 0x2125,
 0x1904, 0x1104, 0x1925, 0x10e4, 0x10e4, 0x39e6, 0x41e5, 0x2944, 0x1904, 0x1925, 0x08e4, 0x08e5, 0x1105, 0x2145, 0x1925, 0x1105,
 0x1106, 0x1926, 0x1905, 0x2145, 0x1925, 0x10e4, 0x1925, 0x1905, 0x1905, 0x2145, 0x08c5, 0x00c5, 0x08e5, 0x08e5, 0x08e5, 0x08c5,
 0x10e5, 0x10e5, 0x1925, 0x2965, 0x3185, 0x31a5, 0x1904, 0x2144, 0x1904, 0x1925, 0x00c5, 0x08c5, 0x2145, 0x2964, 0x2124, 0x1924,
 0x3184, 0x2984, 0x3184, 0x3184, 0x3184, 0x3184, 0x3184, 0x31a4, 0x2985, 0x08c4, 0x08c5, 0x1925, 0x3184, 0x3184, 0x31a4, 0x3184,
 0x3185, 0x2145, 0x2965, 0x3184, 0x2984, 0x1904, 0x3185, 0x39c5, 0x2964, 0x2145, 0x08c5, 0x08c5, 0x10e4, 0x18e4, 0x2945, 0x31a6,
 0x2965, 0x1925, 0x2145, 0x2165, 0x1105, 0x1105, 0x3184, 0x3184, 0x3184, 0x2985, 0x10e5, 0x1105, 0x2945, 0x2964, 0x2145, 0x2965,
 0x31a6, 0x3185, 0x31a6, 0x31a7, 0x1925, 0x10c4, 0x10c4, 0x18e5, 0x10e5, 0x08c5, 0x08e5, 0x1105, 0x3a07, 0x31a4, 0x39c4, 0x41e4,
 0x4a05, 0x4a05, 0x4a05, 0x39c5, 0x3185, 0x3185, 0x3184, 0x3184, 0x2985, 0x1925, 0x1905, 0x1125, 0x2986, 0x3185, 0x2965, 0x2964,
 0x2124, 0x2144, 0x31a5, 0x39a5, 0x39a5, 0x5246, 0x5245, 0x39c4, 0x39a5, 0x2985, 0x1105, 0x08e5, 0x1105, 0x2144, 0x1924, 0x1925,
 0x2125, 0x10e4, 0x2965, 0x3185, 0x2965, 0x2124, 0x2125, 0x1925, 0x1925, 0x1925, 0x08c5, 0x00c5, 0x08e5, 0x1925, 0x1945, 0x1105,
 0x2125, 0x2125, 0x2145, 0x2964, 0x2964, 0x2964, 0x2964, 0x2964, 0x2964, 0x2145, 0x08c5, 0x08c4, 0x2965, 0x3185, 0x2124, 0x1924,
 0x3184, 0x3184, 0x3184, 0x3184, 0x3184, 0x3184, 0x31a4, 0x31a4, 0x31a5, 0x08c4, 0x08c5, 0x1925, 0x3185, 0x31a4, 0x3184, 0x3184,
 0x3184, 0x3184, 0x3184, 0x31a4, 0x3185, 0x3185, 0x41c5, 0x39a4, 0x2944, 0x2145, 0x08c5, 0x08c5, 0x2125, 0x2964, 0x2944, 0x31a6,
 0x4207, 0x2144, 0x2964, 0x39e6, 0x2145, 0x2144, 0x3184, 0x3184, 0x3184, 0x2985, 0x08e5, 0x10e5, 0x31a5, 0x3184, 0x39e6, 0x31a5,
 0x2964, 0x2964, 0x2964, 0x2965, 0x2166, 0x4a8a, 0x1905, 0x10e4, 0x1904, 0x1925, 0x08c5, 0x1105, 0x31a5, 0x39e4, 0x41e4, 0x41e4,
 0x5246, 0x41c4, 0x41c5, 0x39c5, 0x31a5, 0x31c5, 0x5288, 0x31a4, 0x31a5, 0x10e5, 0x08c5, 0x08c5, 0x2145, 0x3185, 0x2964, 0x39a5,
 0x3184, 0x31a4, 0x39c4, 0x41c4, 0x41e4, 0x4a04, 0x6ae8, 0x41e4, 0x41c4, 0x31a5, 0x08e4, 0x08c5, 0x1104, 0x2964, 0x2944, 0x2964,
 0x2964, 0x2964, 0x31a5, 0x4206, 0x39a5, 0x4a27, 0x2144, 0x1925, 0x1924, 0x1925, 0x08c5, 0x00c6, 0x08e5, 0x1944, 0x2144, 0x2144,
 0x2965, 0x2965, 0x2965, 0x2984, 0x39c6, 0x3185, 0x2964, 0x2964, 0x2964, 0x2145, 0x08c5, 0x08c5, 0x1925, 0x2145, 0x1905, 0x1905
};

// goalkeeper
// width=32 x height=48
const uint16_t goalkeeper[] = {
 0x0000, 0x0000, 0x0000, 0x0000, 0x0000, 0x0000, 0x0000, 0x0000, 0x0000, 0x0000, 0x0000, 0x0000, 0x0000, 0x0000, 0x0000, 0x0000,
 0x0000, 0x0000, 0x0000, 0x0000, 0x0000, 0x0000, 0x0000, 0x0000, 0x0000, 0x0000, 0x0000, 0x0000, 0x0000, 0x0000, 0x0000, 0x0000,
 0x0000, 0x0000, 0x0000, 0x0000, 0x0000, 0x0000, 0x0000, 0x0000, 0x0000, 0x0000, 0x0000, 0x0000, 0x0000, 0x0000, 0x0000, 0x0000,
 0x0000, 0x0000, 0x0000, 0x0000, 0x0000, 0x0000, 0x0000, 0x0000, 0x0000, 0x0000, 0x0000, 0x0000, 0x0000, 0x0000, 0x0000, 0x0000,
 0x0000, 0x0000, 0x0000, 0x0000, 0x0000, 0x0000, 0x0000, 0x0000, 0x0000, 0x0000, 0x0000, 0x0000, 0x0000, 0x0000, 0x0000, 0x0000,
 0x0000, 0x0000, 0x0000, 0x0000, 0x0000, 0x0000, 0x0000, 0x0000, 0x0000, 0x0000, 0x0000, 0x0000, 0x0000, 0x0000, 0x0000, 0x0000,
 0x0000, 0x0000, 0x0000, 0x0000, 0x0000, 0x0000, 0x0000, 0x0000, 0x0000, 0x0000, 0x0000, 0x0000, 0x0000, 0x0000, 0x0000, 0x0000,
 0x0000, 0x0000, 0x0000, 0x0000, 0x0000, 0x0000, 0x0000, 0x0000, 0x0000, 0x0000, 0x0000, 0x0000, 0x0000, 0x0000, 0x0000, 0x0000,
 0x0000, 0x0000, 0x0000, 0x0000, 0x0000, 0x0000, 0x0000, 0x0000, 0x0000, 0x0000, 0x0000, 0x0000, 0x0000, 0x0000, 0x0000, 0x0000,
 0x0000, 0x0000, 0x0000, 0x0000, 0x0000, 0x0000, 0x0000, 0x0000, 0x0000, 0x0000, 0x0000, 0x0000, 0x0000, 0x0000, 0x0000, 0x0000,
 0x0000, 0x0000, 0x0000, 0x0000, 0x0000, 0x0000, 0x0000, 0x0000, 0x0000, 0x0000, 0x0000, 0x0000, 0x0000, 0x0000, 0x0000, 0x0000,
 0x0000, 0x0000, 0x0000, 0x0000, 0x0000, 0x0000, 0x0000, 0x0000, 0x0000, 0x0000, 0x0000, 0x0000, 0x0000, 0x0000, 0x0000, 0x0000,
 0x0000, 0x0000, 0x0000, 0x0000, 0x0000, 0x0000, 0x0000, 0x0000, 0x0000, 0x0000, 0x0000, 0x0000, 0x0000, 0x0000, 0x0000, 0x0000,
 0x0000, 0x0000, 0x0000, 0x0000, 0x0000, 0x0000, 0x0000, 0x0000, 0x0000, 0x0000, 0x0000, 0x0000, 0x0000, 0x0000, 0x0000, 0x0000,
 0x0000, 0x0000, 0x0000, 0x0000, 0x0000, 0x0000, 0x0000, 0x0000, 0x0000, 0x0000, 0x0000, 0x0000, 0x0000, 0x0000, 0x0000, 0x0000,
 0x0000, 0x0000, 0x0000, 0x0000, 0x0000, 0x0000, 0x0000, 0x0000, 0x0000, 0x0000, 0x0000, 0x0000, 0x0000, 0x0000, 0x0000, 0x0000,
 0x0000, 0x0000, 0x0000, 0x0000, 0x0000, 0x0000, 0x0000, 0x0000, 0x0000, 0x0000, 0x0000, 0x0000, 0x0000, 0x0000, 0x0000, 0x0000,
 0x0000, 0x0000, 0x0000, 0x0000, 0x0000, 0x0000, 0x0000, 0x0000, 0x0000, 0x0000, 0x0000, 0x0000, 0x0000, 0x0000, 0x0000, 0x0000,
 0x0000, 0x0000, 0x0000, 0x0000, 0x0000, 0x0000, 0x0000, 0x0000, 0x0000, 0x0000, 0x0000, 0x0000, 0x0000, 0x0000, 0x0000, 0x0000,
 0x0000, 0x0000, 0x0000, 0x0000, 0x0000, 0x0000, 0x0000, 0x0000, 0x0000, 0x0000, 0x0000, 0x0000, 0x0000, 0x0000, 0x0000, 0x0000,
 0x0000, 0x0000, 0x0000, 0x0000, 0x0000, 0x0000, 0x0000, 0x0000, 0x0000, 0x0000, 0x0000, 0x0000, 0x0000, 0x0000, 0x0000, 0x0000,
 0x0000, 0x0000, 0x0000, 0x0000, 0x0000, 0x0000, 0x0000, 0x0000, 0x0000, 0x0000, 0x0000, 0x0000, 0x0000, 0x0000, 0x0000, 0x0000,
 0x0000, 0x0000, 0x0000, 0x0000, 0x0000, 0x0000, 0x0000, 0x0000, 0x0000, 0x0000, 0x0000, 0x0000, 0x0000, 0x0000, 0x0000, 0x0000,
 0x0000, 0x0000, 0x0000, 0x0000, 0x0000, 0x0000, 0x0000, 0x0000, 0x0000, 0x0000, 0x0000, 0x0000, 0x0000, 0x0000, 0x0000, 0x0000,
 0x0000, 0x0000, 0x0000, 0x0000, 0x0000, 0x0000, 0x0000, 0x0000, 0x0000, 0x0000, 0x0000, 0x0000, 0x0000, 0x0000, 0x0000, 0x0000,
 0x0000, 0x0000, 0x0000, 0x0000, 0x0000, 0x0000, 0x0000, 0x0000, 0x0000, 0x0000, 0x0000, 0x0000, 0x0000, 0x0000, 0x0000, 0x0000,
 0x0000, 0x0000, 0x0000, 0x0000, 0x0000, 0x0000, 0x0000, 0x0000, 0x0000, 0x0000, 0x0000, 0x0000, 0x0000, 0x0000, 0x0000, 0x0000,
 0x0000, 0x0000, 0x0000, 0x0000, 0x0000, 0x0000, 0x0000, 0x0000, 0x0000, 0x0000, 0x0000, 0x0000, 0x0000, 0x0000, 0x0000, 0x0000,
 0x0000, 0x0000, 0x0000, 0x0000, 0x0000, 0x0000, 0x0000, 0x0000, 0x0000, 0x0000, 0x0000, 0x0000, 0x0000, 0x0000, 0x0000, 0x0000,
 0x0000, 0x0000, 0x0000, 0x0000, 0x0000, 0x0000, 0x0000, 0x0000, 0x0000, 0x0000, 0x0000, 0x0000, 0x0000, 0x0000, 0x0000, 0x0000,
 0x0000, 0x0000, 0x0000, 0x0000, 0x0000, 0x0000, 0x0000, 0x0000, 0x0000, 0x0000, 0x0000, 0x0000, 0x0000, 0x0000, 0x0000, 0x0000,
 0x0000, 0x0000, 0x0000, 0x0000, 0x0000, 0x0000, 0x0000, 0x0000, 0x0000, 0x0000, 0x0000, 0x0000, 0x0000, 0x0000, 0x0000, 0x0000,
 0x0000, 0x0000, 0x0000, 0x0000, 0x0000, 0x0000, 0x0000, 0x0000, 0x0000, 0x0000, 0x2143, 0x2123, 0x0000, 0x0000, 0x0000, 0x0000,
 0x0000, 0x0000, 0x0000, 0x31a5, 0x2143, 0x0000, 0x0000, 0x0000, 0x0000, 0x0000, 0x0000, 0x0000, 0x0000, 0x0000, 0x0000, 0x0000,
 0x0000, 0x0000, 0x0000, 0x0000, 0x0000, 0x0000, 0x0000, 0x0000, 0x0000, 0x0000, 0x0000, 0x6b4d, 0x5aca, 0x0000, 0x0000, 0x0000,
 0x0000, 0x0000, 0x5aca, 0xffde, 0x0000, 0x0000, 0x0000, 0x0000, 0x0000, 0x0000, 0x0000, 0x0000, 0x0000, 0x0000, 0x0000, 0x0000,
 0x0000, 0x0000, 0x0000, 0x0000, 0x0000, 0x0000, 0x0000, 0x0000, 0x0000, 0x0000, 0x0000, 0x9492, 0x8c50, 0x0000, 0x0000, 0x0000,
 0x0000, 0x0000, 0x8c50, 0xffff, 0x0000, 0x0000, 0x0000, 0x0000, 0x0000, 0x0000, 0x0000, 0x0000, 0x0000, 0x0000, 0x0000, 0x0000,
 0x0000, 0x0000, 0x0000, 0x0000, 0x0000, 0x0000, 0x0000, 0x0000, 0x0000, 0x0000, 0x0000, 0x7c0f, 0xce37, 0x0861, 0x0000, 0x0000,
 0x0000, 0x0861, 0xce37, 0xffff, 0x0000, 0x0000, 0x0000, 0x0000, 0x0000, 0x0000, 0x0000, 0x0000, 0x0000, 0x0000, 0x0000, 0x0000,
 0x0000, 0x0000, 0x0000, 0x0000, 0x0000, 0x0000, 0x0000, 0x0000, 0x0000, 0x0000, 0x0000, 0x5aca, 0x5bd7, 0x29ea, 0x0000, 0x0000,
 0x0000, 0x29ea, 0x5bd7, 0x73f3, 0x0000, 0x0000, 0x0000, 0x0000, 0x0000, 0x0000, 0x0000, 0x0000, 0x0000, 0x0000, 0x0000, 0x0000,
 0x0000, 0x0000, 0x0000, 0x0000, 0x0000, 0x0000, 0x0000, 0x0000, 0x0000, 0x0000, 0x0000, 0x0000, 0x8e1f, 0x42af, 0x0000, 0x0000,
 0x0000, 0x42af, 0x8e1f, 0x6437, 0x0000, 0x0000, 0x0000, 0x0000, 0x0000, 0x0000, 0x0000, 0x0000, 0x0000, 0x0000, 0x0000, 0x0000,
 0x0000, 0x0000, 0x0000, 0x0000, 0x0000, 0x0000, 0x0000, 0x0000, 0x0000, 0x0000, 0x0000, 0x0000, 0x320a, 0x18c3, 0x0861, 0x0000,
 0x0861, 0x18c3, 0x320a, 0x31ea, 0x0000, 0x0000, 0x0000, 0x0000, 0x0000, 0x0000, 0x0000, 0x0000, 0x0000, 0x0000, 0x0000, 0x0000,
 0x0000, 0x0000, 0x0000, 0x0000, 0x0000, 0x0000, 0x0000, 0x0000, 0x0000, 0x0000, 0x0000, 0x0000, 0x20e3, 0x2945, 0x18c3, 0x0020,
 0x18c3, 0x2945, 0x20e3, 0x0000, 0x0000, 0x0000, 0x0000, 0x0000, 0x0000, 0x0000, 0x0000, 0x0000, 0x0000, 0x0000, 0x0000, 0x0000,
 0x0000, 0x0000, 0x0000, 0x0000, 0x0000, 0x0000, 0x0000, 0x0000, 0x0000, 0x0000, 0x0000, 0x0000, 0x0881, 0x18e3, 0x1042, 0x18c3,
 0x1042, 0x18e3, 0x0881, 0x0000, 0x0000, 0x0000, 0x0000, 0x0000, 0x0000, 0x0000, 0x0000, 0x0000, 0x0000, 0x0000, 0x0000, 0x0000,
 0x0000, 0x0000, 0x0000, 0x0000, 0x0000, 0x0000, 0x0000, 0x0000, 0x0000, 0x0000, 0x0000, 0x0000, 0x0000, 0x1102, 0x2284, 0x1901,
 0x2284, 0x1102, 0x0000, 0x0000, 0x0000, 0x0000, 0x0000, 0x0000, 0x0000, 0x0000, 0x0000, 0x0000, 0x0000, 0x0000, 0x0000, 0x0000,
 0x0000, 0x0000, 0x0000, 0x0000, 0x0000, 0x0000, 0x0000, 0x0000, 0x0000, 0x0000, 0x0000, 0x0000, 0x0000, 0x34e7, 0x470a, 0x3a42,
 0x470a, 0x34e7, 0x0000, 0x0000, 0x0000, 0x0000, 0x0000, 0x0000, 0x0000, 0x0000, 0x0000, 0x0000, 0x0000, 0x0000, 0x0000, 0x0000,
 0x0000, 0x0000, 0x0000, 0x0000, 0x0000, 0x0000, 0x0000, 0x0000, 0x0000, 0x0000, 0x22a5, 0x2284, 0x3a08, 0x2c06, 0x474a, 0x4282,
 0x474a, 0x2c26, 0x3a08, 0x2145, 0x22a5, 0x0000, 0x0000, 0x0000, 0x0000, 0x0000, 0x0000, 0x0000, 0x0000, 0x0000, 0x0000, 0x0000,
 0x0000, 0x0000, 0x0000, 0x0000, 0x0000, 0x0000, 0x0000, 0x0000, 0x0000, 0x0000, 0x3487, 0x466a, 0x638c, 0x632e, 0x4389, 0x42c2,
 0x4389, 0x632e, 0x638c, 0x31c4, 0x3487, 0x0000, 0x0000, 0x0000, 0x0000, 0x0000, 0x0000, 0x0000, 0x0000, 0x0000, 0x0000, 0x0000,
 0x0000, 0x0000, 0x0000, 0x0000, 0x0000, 0x0000, 0x0000, 0x0000, 0x0000, 0x0000, 0x2164, 0x3d69, 0x2284, 0x3ca8, 0x470a, 0x4282,
 0x470a, 0x3ca8, 0x2284, 0x3e49, 0x2164, 0x0000, 0x0000, 0x0000, 0x0000, 0x0000, 0x0000, 0x0000, 0x0000, 0x0000, 0x0000, 0x0000,
 0x0000, 0x0000, 0x0000, 0x0000, 0x0000, 0x0000, 0x0000, 0x0000, 0x0000, 0x0000, 0x0000, 0x2b07, 0x3567, 0x470a, 0x47aa, 0x4240,
 0x47aa, 0x470a, 0x3567, 0x4fab, 0x0000, 0x0000, 0x0000, 0x0000, 0x0000, 0x0000, 0x0000, 0x0000, 0x0000, 0x0000, 0x0000, 0x0000,
 0x0000, 0x0000, 0x0000, 0x0000, 0x0000, 0x0000, 0x0000, 0x0000, 0x0000, 0x0000, 0x0000, 0x1082, 0x4fec, 0x47aa, 0x3e49, 0x3186,
 0x4649, 0x47aa, 0x4fec, 0x45ca, 0x0000, 0x0000, 0x0000, 0x0000, 0x0000, 0x0000, 0x0000, 0x0000, 0x0000, 0x0000, 0x0000, 0x0000,
 0x0000, 0x0000, 0x0000, 0x0000, 0x0000, 0x0000, 0x0000, 0x0000, 0x0000, 0x0000, 0x0000, 0x0000, 0x0000, 0x0000, 0x428f, 0x855e,
 0x428f, 0x0861, 0x0000, 0x0000, 0x0000, 0x0000, 0x0000, 0x0000, 0x0000, 0x0000, 0x0000, 0x0000, 0x0000, 0x0000, 0x0000, 0x0000,
 0x0000, 0x0000, 0x0000, 0x0000, 0x0000, 0x0000, 0x0000, 0x0000, 0x0000, 0x0000, 0x0000, 0x0000, 0x0000, 0x4a50, 0x853d, 0x859e,
 0x853d, 0x3a2e, 0x0000, 0x0000, 0x0000, 0x0000, 0x0000, 0x0000, 0x0000, 0x0000, 0x0000, 0x0000, 0x0000, 0x0000, 0x0000, 0x0000,
 0x0000, 0x0000, 0x0000, 0x0000, 0x0000, 0x0000, 0x0000, 0x0000, 0x0000, 0x0000, 0x0000, 0x0000, 0x0000, 0x5bb3, 0x6c35, 0x6c35,
 0x6c35, 0x42ae, 0x0000, 0x0000, 0x0000, 0x0000, 0x0000, 0x0000, 0x0000, 0x0000, 0x0000, 0x0000, 0x0000, 0x0000, 0x0000, 0x0000,
 0x0000, 0x0000, 0x0000, 0x0000, 0x0000, 0x0000, 0x0000, 0x0000, 0x0000, 0x0000, 0x0000, 0x0000, 0x0000, 0x0000, 0x5394, 0x859e,
 0x5394, 0x0000, 0x0000, 0x0000, 0x0000, 0x0000, 0x0000, 0x0000, 0x0000, 0x0000, 0x0000, 0x0000, 0x0000, 0x0000, 0x0000, 0x0000,
 0x0000, 0x0000, 0x0000, 0x0000, 0x0000, 0x0000, 0x0000, 0x0000, 0x0000, 0x0000, 0x0000, 0x0000, 0x0000, 0x0861, 0x10c3, 0x2125,
 0x10c3, 0x1082, 0x0000, 0x0000, 0x0000, 0x0000, 0x0000, 0x0000, 0x0000, 0x0000, 0x0000, 0x0000, 0x0000, 0x0000, 0x0000, 0x0000,
 0x0000, 0x0000, 0x0000, 0x0000, 0x0000, 0x0000, 0x0000, 0x0000, 0x0000, 0x0000, 0x0000, 0x0000, 0x0000, 0x0000, 0x0000, 0x2104,
 0x1082, 0x0000, 0x0000, 0x0000, 0x0000, 0x0000, 0x0000, 0x0000, 0x0000, 0x0000, 0x0000, 0x0000, 0x0000, 0x0000, 0x0000, 0x0000,
 0x0000, 0x0000, 0x0000, 0x0000, 0x0000, 0x0000, 0x0000, 0x0000, 0x0000, 0x0000, 0x0000, 0x0000, 0x0000, 0x0000, 0x0000, 0x0000,
 0x0000, 0x0000, 0x0000, 0x0000, 0x0000, 0x0000, 0x0000, 0x0000, 0x0000, 0x0000, 0x0000, 0x0000, 0x0000, 0x0000, 0x0000, 0x0000,
 0x0000, 0x0000, 0x0000, 0x0000, 0x0000, 0x0000, 0x0000, 0x0000, 0x0000, 0x0000, 0x0000, 0x0000, 0x0000, 0x0000, 0x0000, 0x0000,
 0x0000, 0x0000, 0x0000, 0x0000, 0x0000, 0x0000, 0x0000, 0x0000, 0x0000, 0x0000, 0x0000, 0x0000, 0x0000, 0x0000, 0x0000, 0x0000,
 0x0000, 0x0000, 0x0000, 0x0000, 0x0000, 0x0000, 0x0000, 0x0000, 0x0000, 0x0000, 0x0000, 0x0000, 0x0000, 0x0000, 0x0000, 0x0000,
 0x0000, 0x0000, 0x0000, 0x0000, 0x0000, 0x0000, 0x0000, 0x0000, 0x0000, 0x0000, 0x0000, 0x0000, 0x0000, 0x0000, 0x0000, 0x0000,
 0x0000, 0x0000, 0x0000, 0x0000, 0x0000, 0x0000, 0x0000, 0x0000, 0x0000, 0x0000, 0x0000, 0x0000, 0x0000, 0x0000, 0x0000, 0x0000,
 0x0000, 0x0000, 0x0000, 0x0000, 0x0000, 0x0000, 0x0000, 0x0000, 0x0000, 0x0000, 0x0000, 0x0000, 0x0000, 0x0000, 0x0000, 0x0000,
 0x0000, 0x0000, 0x0000, 0x0000, 0x0000, 0x0000, 0x0000, 0x0000, 0x0000, 0x0000, 0x0000, 0x0000, 0x0000, 0x0000, 0x0000, 0x0000,
 0x0000, 0x0000, 0x0000, 0x0000, 0x0000, 0x0000, 0x0000, 0x0000, 0x0000, 0x0000, 0x0000, 0x0000, 0x0000, 0x0000, 0x0000, 0x0000,
 0x0000, 0x0000, 0x0000, 0x0000, 0x0000, 0x0000, 0x0000, 0x0000, 0x0000, 0x0000, 0x0000, 0x0000, 0x0000, 0x0000, 0x0000, 0x0000,
 0x0000, 0x0000, 0x0000, 0x0000, 0x0000, 0x0000, 0x0000, 0x0000, 0x0000, 0x0000, 0x0000, 0x0000, 0x0000, 0x0000, 0x0000, 0x0000,
 0x0000, 0x0000, 0x0000, 0x0000, 0x0000, 0x0000, 0x0000, 0x0000, 0x0000, 0x0000, 0x0000, 0x0000, 0x0000, 0x0000, 0x0000, 0x0000,
 0x0000, 0x0000, 0x0000, 0x0000, 0x0000, 0x0000, 0x0000, 0x0000, 0x0000, 0x0000, 0x0000, 0x0000, 0x0000, 0x0000, 0x0000, 0x0000,
 0x0000, 0x0000, 0x0000, 0x0000, 0x0000, 0x0000, 0x0000, 0x0000, 0x0000, 0x0000, 0x0000, 0x0000, 0x0000, 0x0000, 0x0000, 0x0000,
 0x0000, 0x0000, 0x0000, 0x0000, 0x0000, 0x0000, 0x0000, 0x0000, 0x0000, 0x0000, 0x0000, 0x0000, 0x0000, 0x0000, 0x0000, 0x0000,
 0x0000, 0x0000, 0x0000, 0x0000, 0x0000, 0x0000, 0x0000, 0x0000, 0x0000, 0x0000, 0x0000, 0x0000, 0x0000, 0x0000, 0x0000, 0x0000,
 0x0000, 0x0000, 0x0000, 0x0000, 0x0000, 0x0000, 0x0000, 0x0000, 0x0000, 0x0000, 0x0000, 0x0000, 0x0000, 0x0000, 0x0000, 0x0000,
 0x0000, 0x0000, 0x0000, 0x0000, 0x0000, 0x0000, 0x0000, 0x0000, 0x0000, 0x0000, 0x0000, 0x0000, 0x0000, 0x0000, 0x0000, 0x0000,
 0x0000, 0x0000, 0x0000, 0x0000, 0x0000, 0x0000, 0x0000, 0x0000, 0x0000, 0x0000, 0x0000, 0x0000, 0x0000, 0x0000, 0x0000, 0x0000
};

// penalty kicker
// width=47 x height=56
const uint16_t playerSprite[] = {
 0x0000, 0x0000, 0x0000, 0x0000, 0x0000, 0x0000, 0x0000, 0x0000, 0x0000, 0x0000, 0x0000, 0x0000, 0x0000, 0x0000, 0x0000, 0x0000,
 0x0000, 0x0000, 0x0000, 0x0000, 0x0000, 0x0000, 0x0000, 0x0000, 0x0000, 0x0000, 0x0000, 0x0000, 0x0000, 0x0000, 0x0000, 0x0000,
 0x0000, 0x0000, 0x0000, 0x0000, 0x0000, 0x0000, 0x0000, 0x0000, 0x0000, 0x0000, 0x0000, 0x0000, 0x0000, 0x0000, 0x0000, 0x0000,
 0x0000, 0x0000, 0x0000, 0x0000, 0x0000, 0x0000, 0x0000, 0x0000, 0x0000, 0x0000, 0x0000, 0x0000, 0x0000, 0x0000, 0x0000, 0x0000,
 0x0000, 0x0000, 0x0000, 0x0000, 0x0000, 0x0000, 0x0000, 0x0000, 0x0000, 0x0000, 0x0000, 0x0000, 0x0000, 0x0000, 0x0000, 0x0000,
 0x0000, 0x0000, 0x0000, 0x0000, 0x0000, 0x0020, 0x0020, 0x0020, 0x0000, 0x0000, 0x0000, 0x0000, 0x0000, 0x0000, 0x0000, 0x0000,
 0x0000, 0x0000, 0x0000, 0x0000, 0x0000, 0x0000, 0x0000, 0x0000, 0x0000, 0x0000, 0x0000, 0x0000, 0x0000, 0x0000, 0x0000, 0x0000,
 0x0000, 0x0000, 0x0000, 0x0000, 0x0000, 0x0000, 0x0000, 0x0000, 0x0000, 0x0000, 0x0000, 0x0000, 0x0000, 0x0000, 0x0000, 0x0000,
 0x0000, 0x0000, 0x0000, 0x0841, 0x18a2, 0x20c2, 0x1884, 0x1085, 0x0821, 0x0001, 0x0000, 0x0000, 0x0000, 0x0000, 0x0000, 0x0000,
 0x0000, 0x0000, 0x0000, 0x0000, 0x0000, 0x0000, 0x0000, 0x0000, 0x0000, 0x0000, 0x0000, 0x0000, 0x0000, 0x0000, 0x0000, 0x0000,
 0x0000, 0x0000, 0x0000, 0x0000, 0x0000, 0x0000, 0x0000, 0x0000, 0x0000, 0x0000, 0x0000, 0x0000, 0x0000, 0x0000, 0x0000, 0x0000,
 0x0000, 0x0000, 0x1061, 0x28e3, 0x3145, 0x20ee, 0x4217, 0x4210, 0x20c7, 0x0842, 0x0000, 0x0000, 0x0000, 0x0000, 0x0000, 0x0000,
 0x0000, 0x0000, 0x0000, 0x0000, 0x0000, 0x0000, 0x0000, 0x0000, 0x0000, 0x0000, 0x0000, 0x0000, 0x0000, 0x0000, 0x0000, 0x0000,
 0x0000, 0x0000, 0x0000, 0x0000, 0x0000, 0x0000, 0x0000, 0x0000, 0x0000, 0x0000, 0x0000, 0x0000, 0x0000, 0x0000, 0x0000, 0x0000,
 0x0000, 0x3187, 0x9cb1, 0xdeba, 0x39cc, 0x18aa, 0x294a, 0x290a, 0x2907, 0x0821, 0x0000, 0x0000, 0x0000, 0x0000, 0x0000, 0x0000,
 0x0000, 0x0000, 0x0000, 0x0000, 0x0000, 0x0000, 0x0000, 0x0000, 0x0000, 0x0000, 0x0000, 0x0000, 0x0000, 0x0000, 0x0000, 0x0000,
 0x0000, 0x0000, 0x0000, 0x0000, 0x0000, 0x0000, 0x0000, 0x0000, 0x0000, 0x0000, 0x0000, 0x0000, 0x0000, 0x0000, 0x0000, 0x0823,
 0x186c, 0x5a96, 0xa517, 0x2144, 0x0841, 0x0000, 0x0842, 0x0862, 0x0841, 0x0000, 0x0000, 0x0000, 0x0000, 0x0000, 0x0000, 0x0000,
 0x0000, 0x0000, 0x0000, 0x0000, 0x0000, 0x0000, 0x0000, 0x0000, 0x0000, 0x0000, 0x0000, 0x0000, 0x0000, 0x0000, 0x0000, 0x0000,
 0x0000, 0x0000, 0x0000, 0x0000, 0x0000, 0x0000, 0x0000, 0x0000, 0x0000, 0x0000, 0x0000, 0x0000, 0x0000, 0x0002, 0x20ab, 0x2071,
 0x20d5, 0x1088, 0x0000, 0x0000, 0x0000, 0x0000, 0x0000, 0x0000, 0x0000, 0x0000, 0x0000, 0x0000, 0x0000, 0x0000, 0x0000, 0x0000,
 0x0000, 0x0000, 0x0000, 0x0000, 0x0000, 0x0000, 0x0000, 0x0000, 0x0000, 0x0000, 0x0000, 0x0000, 0x0000, 0x0000, 0x0000, 0x0000,
 0x0000, 0x0000, 0x0000, 0x0000, 0x0000, 0x0000, 0x0000, 0x0000, 0x0000, 0x0000, 0x0000, 0x0000, 0x1047, 0x208f, 0x20d5, 0x20d0,
 0x0023, 0x0000, 0x0000, 0x0000, 0x0000, 0x0000, 0x0000, 0x0000, 0x0000, 0x0000, 0x0000, 0x0000, 0x0000, 0x0000, 0x0000, 0x0000,
 0x0000, 0x0000, 0x0000, 0x0000, 0x0000, 0x0000, 0x0000, 0x0000, 0x0000, 0x0000, 0x0000, 0x0000, 0x0000, 0x0000, 0x0000, 0x0000,
 0x0000, 0x0000, 0x0000, 0x0000, 0x0000, 0x0000, 0x0000, 0x0000, 0x0000, 0x0000, 0x20e8, 0x28af, 0x2092, 0x28f5, 0x1087, 0x0000,
 0x0000, 0x0000, 0x0000, 0x0000, 0x0000, 0x0000, 0x0000, 0x0000, 0x0000, 0x0000, 0x0000, 0x0000, 0x0000, 0x0000, 0x0000, 0x0000,
 0x0000, 0x0000, 0x0000, 0x0000, 0x0000, 0x0000, 0x0000, 0x0000, 0x0000, 0x0000, 0x0000, 0x0000, 0x0000, 0x0000, 0x0000, 0x0000,
 0x0000, 0x0000, 0x0000, 0x0000, 0x0000, 0x0000, 0x0000, 0x0000, 0x1086, 0x7b74, 0x5233, 0x20b5, 0x4231, 0x0022, 0x0000, 0x0000,
 0x0000, 0x0000, 0x0000, 0x0000, 0x0000, 0x0000, 0x0000, 0x0000, 0x0000, 0x0000, 0x0000, 0x0000, 0x0000, 0x0000, 0x0000, 0x0000,
 0x0000, 0x0000, 0x0000, 0x0000, 0x0000, 0x0000, 0x0000, 0x0000, 0x0000, 0x0000, 0x0000, 0x0000, 0x0000, 0x0000, 0x0000, 0x0000,
 0x0000, 0x0000, 0x0000, 0x0000, 0x0000, 0x0000, 0x0823, 0x188b, 0x2890, 0x28d2, 0x20f6, 0x294d, 0x0001, 0x0000, 0x0000, 0x0000,
 0x0000, 0x0000, 0x0000, 0x0000, 0x0000, 0x0000, 0x0000, 0x0000, 0x0000, 0x0000, 0x0000, 0x0000, 0x0000, 0x0000, 0x0000, 0x0000,
 0x0000, 0x0000, 0x0000, 0x0000, 0x0000, 0x0000, 0x0000, 0x0000, 0x0000, 0x0000, 0x0000, 0x0000, 0x0000, 0x0000, 0x0000, 0x0000,
 0x0000, 0x0000, 0x0000, 0x0000, 0x0000, 0x1887, 0x28af, 0x2090, 0x20d6, 0x20f2, 0x0846, 0x0000, 0x0000, 0x0000, 0x0000, 0x0000,
 0x0000, 0x0000, 0x0000, 0x0000, 0x0000, 0x0000, 0x0000, 0x0000, 0x0000, 0x0000, 0x0000, 0x0000, 0x0000, 0x0000, 0x0000, 0x0000,
 0x0000, 0x0000, 0x0000, 0x0000, 0x0000, 0x0000, 0x0000, 0x0000, 0x0000, 0x0000, 0x0000, 0x0000, 0x0000, 0x0000, 0x0000, 0x0000,
 0x0000, 0x0000, 0x0000, 0x0000, 0x290a, 0x28b0, 0x28d2, 0x20f5, 0x18ac, 0x0000, 0x0000, 0x0000, 0x0000, 0x0000, 0x0000, 0x0000,
 0x0000, 0x0000, 0x0000, 0x0000, 0x0000, 0x0000, 0x0000, 0x0000, 0x0000, 0x0000, 0x0000, 0x0000, 0x0000, 0x0000, 0x0000, 0x0000,
 0x0000, 0x0000, 0x0000, 0x0000, 0x0000, 0x0000, 0x0000, 0x0000, 0x0000, 0x0000, 0x0000, 0x0000, 0x0000, 0x0000, 0x0000, 0x0000,
 0x0000, 0x0000, 0x18a4, 0x6b11, 0x6313, 0x83d7, 0x8417, 0x2968, 0x0000, 0x0000, 0x0000, 0x0000, 0x0000, 0x0000, 0x0000, 0x0000,
 0x0000, 0x0000, 0x0000, 0x0000, 0x0000, 0x0000, 0x0000, 0x0000, 0x0000, 0x0000, 0x0000, 0x0000, 0x0000, 0x0000, 0x0000, 0x0000,
 0x0000, 0x0000, 0x0000, 0x0000, 0x0001, 0x2147, 0x2969, 0x2948, 0x0000, 0x0000, 0x0000, 0x0000, 0x0000, 0x0000, 0x0000, 0x0000,
 0x0000, 0x0042, 0x2129, 0x212a, 0x18ae, 0x188b, 0x0843, 0x0000, 0x0000, 0x0000, 0x0000, 0x0000, 0x0000, 0x0000, 0x0000, 0x0000,
 0x0000, 0x0000, 0x0000, 0x0000, 0x0000, 0x0000, 0x0000, 0x0000, 0x0000, 0x0000, 0x0000, 0x0000, 0x0000, 0x0000, 0x0000, 0x0000,
 0x0000, 0x0000, 0x0841, 0x39ed, 0x4b14, 0x749b, 0x5355, 0x298a, 0x0000, 0x0000, 0x0000, 0x0000, 0x0000, 0x0000, 0x0000, 0x1084,
 0x320d, 0x3a71, 0x5355, 0x7478, 0x5330, 0x0000, 0x0000, 0x0000, 0x0000, 0x0000, 0x0000, 0x0000, 0x0000, 0x0000, 0x0000, 0x0000,
 0x0000, 0x0000, 0x0000, 0x0000, 0x0000, 0x0000, 0x0000, 0x0000, 0x0000, 0x0000, 0x0000, 0x0000, 0x0000, 0x0000, 0x0000, 0x0843,
 0x1086, 0x3169, 0x5355, 0x74bb, 0x74fc, 0x5bd8, 0x3a4f, 0x10a5, 0x0000, 0x0000, 0x0000, 0x0000, 0x0020, 0x1926, 0x31ed, 0x42d4,
 0x53b8, 0x74bc, 0x74bb, 0x5b52, 0x0000, 0x0000, 0x0000, 0x0000, 0x0000, 0x0000, 0x0000, 0x0000, 0x0000, 0x0000, 0x0000, 0x0000,
 0x0000, 0x0000, 0x0000, 0x0000, 0x0000, 0x0000, 0x0000, 0x0000, 0x0000, 0x0000, 0x0000, 0x0000, 0x0001, 0x0846, 0x208c, 0x310f,
 0x9436, 0x3a2f, 0x74dc, 0x74dc, 0x74bb, 0x5b76, 0x3a4e, 0x2946, 0x0000, 0x39a6, 0x738e, 0x4228, 0x4290, 0x42f4, 0x5397, 0x74bc,
 0x6cbc, 0x7cb9, 0x1947, 0x0000, 0x0000, 0x0000, 0x0000, 0x0000, 0x0000, 0x0000, 0x0000, 0x0000, 0x0000, 0x0000, 0x0000, 0x0000,
 0x0000, 0x0000, 0x0000, 0x0000, 0x0000, 0x0000, 0x0000, 0x0000, 0x0000, 0x0000, 0x1867, 0x188a, 0x290f, 0x2890, 0x28b0, 0x9438,
 0x18ea, 0x7499, 0x6c5b, 0x74fd, 0x6c59, 0x4a90, 0x5aeb, 0x20e3, 0x8410, 0xb575, 0xad54, 0x528c, 0x3a2d, 0x5bd7, 0x6cbc, 0x851c,
 0x3a2c, 0x0000, 0x0000, 0x0000, 0x0000, 0x0000, 0x0000, 0x0000, 0x0000, 0x0000, 0x0000, 0x0000, 0x0000, 0x0000, 0x0000, 0x0000,
 0x0000, 0x0000, 0x0000, 0x0000, 0x0000, 0x0000, 0x0000, 0x0844, 0x1049, 0x208e, 0x30f2, 0x6b16, 0x2092, 0x20d4, 0x4a13, 0x4a4e,
 0x42af, 0x6c5a, 0x6c59, 0x4ab0, 0x7c11, 0xce59, 0x62eb, 0xad54, 0xb554, 0xb554, 0xb574, 0xad76, 0x3a2c, 0x4ad1, 0x7c56, 0x2947,
 0x0000, 0x0000, 0x0000, 0x0000, 0x0000, 0x0000, 0x0000, 0x0000, 0x0000, 0x0000, 0x0000, 0x0000, 0x0000, 0x1882, 0x1882, 0x0821,
 0x0801, 0x0000, 0x0000, 0x0000, 0x0002, 0x1047, 0x208e, 0x2071, 0x20b4, 0x20d6, 0x3136, 0x20d7, 0x20f5, 0x20ed, 0x1064, 0x31eb,
 0x5332, 0x5b0e, 0xad76, 0xd75e, 0x5358, 0xb619, 0x6b4d, 0xad54, 0xce37, 0xd699, 0xef3c, 0xf79e, 0x8431, 0x18a3, 0x0000, 0x0000,
 0x0000, 0x0000, 0x0000, 0x0000, 0x0000, 0x0000, 0x0000, 0x0000, 0x0000, 0x0000, 0x0000, 0x0000, 0x1063, 0x20ec, 0x20aa, 0x1062,
 0x0000, 0x1041, 0x2944, 0x5aae, 0x1871, 0x20b5, 0x20d7, 0x20f6, 0x20f4, 0x7bb6, 0x18aa, 0x10a9, 0x0865, 0x1083, 0x8410, 0xbdf7,
 0xf7df, 0xffff, 0xdf1d, 0x8c99, 0xce9c, 0x9492, 0x9492, 0xce58, 0xce78, 0xce99, 0xffdf, 0x8430, 0x0821, 0x0000, 0x0000, 0x0000,
 0x0000, 0x0000, 0x0000, 0x0000, 0x0000, 0x0000, 0x0000, 0x0000, 0x0000, 0x0000, 0x0000, 0x0822, 0x0847, 0x20f3, 0x4a4e, 0x2104,
 0x1881, 0x734b, 0xdebc, 0x41f5, 0x20d2, 0x108b, 0x1089, 0x0845, 0x1083, 0x0002, 0x0000, 0x0000, 0x2004, 0x8410, 0xffdf, 0xffff,
 0xffff, 0xffff, 0xdefd, 0x7374, 0xef7e, 0x8c30, 0x9471, 0xd6b9, 0xf7de, 0xbdd7, 0x3186, 0x0000, 0x0000, 0x0000, 0x0000, 0x0000,
 0x0000, 0x0000, 0x0000, 0x0000, 0x0000, 0x0000, 0x0000, 0x0000, 0x0000, 0x0000, 0x0000, 0x0841, 0x1045, 0x420d, 0x7bd4, 0x5a89,
 0x41e6, 0x8c50, 0x73b0, 0x0844, 0x0000, 0x0000, 0x0000, 0x0000, 0x0000, 0x0000, 0x0000, 0x0000, 0x2104, 0xd699, 0xffdf, 0xffff,
 0xffff, 0xffff, 0xd6bc, 0x9cd8, 0xd679, 0x6b2c, 0xef5c, 0xbdd7, 0x3186, 0x0000, 0x0000, 0x0000, 0x0000, 0x0000, 0x0000, 0x0000,
 0x0000, 0x0000, 0x0000, 0x0000, 0x0000, 0x0000, 0x0000, 0x0000, 0x0000, 0x0000, 0x0000, 0x0000, 0x0863, 0x18a4, 0x3123, 0x3984,
 0x3144, 0x18a2, 0x0000, 0x0000, 0x0000, 0x0000, 0x0000, 0x0000, 0x0000, 0x0000, 0x0000, 0x2104, 0x62eb, 0xb595, 0xef5c, 0xdeda,
 0xf7be, 0xa4f8, 0x8c57, 0xffdf, 0x9471, 0xa4f3, 0x2104, 0x0000, 0x0000, 0x0000, 0x0000, 0x0000, 0x0000, 0x0000, 0x0000, 0x0000,
 0x0000, 0x0000, 0x0000, 0x0000, 0x0000, 0x0000, 0x0000, 0x0000, 0x0000, 0x0000, 0x0000, 0x0000, 0x0822, 0x0841, 0x2944, 0x3145,
 0x0000, 0x0000, 0x0000, 0x0000, 0x0000, 0x0000, 0x0000, 0x0000, 0x0000, 0x0000, 0x1082, 0x7b8e, 0xad34, 0xd699, 0xef5d, 0xef7d,
 0xce79, 0xc617, 0xdeda, 0xb595, 0x18c3, 0x0000, 0x0000, 0x0000, 0x0000, 0x0000, 0x0000, 0x0000, 0x0000, 0x0000, 0x0000, 0x0000,
 0x0000, 0x0000, 0x0000, 0x0000, 0x0000, 0x0000, 0x0000, 0x0000, 0x0000, 0x0000, 0x0000, 0x0000, 0x0000, 0x0021, 0x0000, 0x0000,
 0x0000, 0x0000, 0x0000, 0x0000, 0x0000, 0x0000, 0x0000, 0x0000, 0x0000, 0x1082, 0xad34, 0xef7d, 0xef7d, 0xd6ba, 0xdefb, 0xe75c,
 0xdeba, 0xbdb5, 0x83f0, 0x0021, 0x0000, 0x0000, 0x0000, 0x0000, 0x0000, 0x0000, 0x0000, 0x0000, 0x0000, 0x0000, 0x0000, 0x0000,
 0x0000, 0x0000, 0x0000, 0x0000, 0x0000, 0x0000, 0x0000, 0x0000, 0x0000, 0x0000, 0x0000, 0x0000, 0x0000, 0x0000, 0x0000, 0x0000,
 0x0000, 0x0000, 0x0000, 0x0000, 0x0000, 0x0000, 0x0000, 0x0000, 0x1082, 0x4208, 0xd679, 0xdefa, 0xdeda, 0xdeda, 0xd679, 0x8c51,
 0x420c, 0x20eb, 0x1886, 0x0000, 0x0000, 0x0000, 0x0000, 0x0000, 0x0000, 0x0843, 0x2988, 0x298a, 0x2968, 0x0000, 0x0000, 0x0000,
 0x0000, 0x0000, 0x0000, 0x0000, 0x0000, 0x0000, 0x0000, 0x0000, 0x0000, 0x0000, 0x0000, 0x0000, 0x0000, 0x0000, 0x0000, 0x0000,
 0x0000, 0x0000, 0x0000, 0x0000, 0x0000, 0x0000, 0x0000, 0x0843, 0x20ad, 0x290c, 0x210a, 0x210a, 0x210a, 0x290a, 0x20cd, 0x20d5,
 0x20b0, 0x1066, 0x0000, 0x0000, 0x0000, 0x0000, 0x0000, 0x0000, 0x0042, 0x3a4e, 0x4b35, 0x3a4e, 0x0842, 0x0000, 0x0000, 0x0000,
 0x0000, 0x0000, 0x0000, 0x0000, 0x0000, 0x0000, 0x0000, 0x0000, 0x0000, 0x0000, 0x0000, 0x0000, 0x0000, 0x0000, 0x0000, 0x0000,
 0x0000, 0x0000, 0x0000, 0x0000, 0x0000, 0x0000, 0x0843, 0x20ad, 0x2091, 0x20b3, 0x20d5, 0x28d6, 0x20d5, 0x2094, 0x2093, 0x20ae,
 0x0001, 0x0000, 0x0000, 0x0000, 0x0000, 0x0000, 0x0002, 0x29ac, 0x6c7a, 0x74fd, 0x5332, 0x0862, 0x0000, 0x0000, 0x0000, 0x0000,
 0x0000, 0x0000, 0x0000, 0x0000, 0x0000, 0x0000, 0x0000, 0x0000, 0x0000, 0x0000, 0x0000, 0x0000, 0x0000, 0x0000, 0x0000, 0x0000,
 0x0000, 0x0000, 0x0000, 0x0000, 0x0000, 0x0000, 0x1066, 0x208f, 0x2093, 0x2093, 0x2072, 0x20d5, 0x20d6, 0x20b4, 0x208d, 0x0001,
 0x0000, 0x0000, 0x0000, 0x0001, 0x1044, 0x1889, 0x2950, 0x42f4, 0x5b73, 0x31e9, 0x0000, 0x0000, 0x0000, 0x0000, 0x0000, 0x0000,
 0x0000, 0x0000, 0x0000, 0x0000, 0x0000, 0x0000, 0x0000, 0x0000, 0x0000, 0x0000, 0x0000, 0x0000, 0x0000, 0x0000, 0x0000, 0x0000,
 0x0000, 0x0000, 0x0000, 0x0000, 0x0000, 0x0001, 0x206d, 0x2070, 0x20b4, 0x20b4, 0x2093, 0x28b4, 0x20d5, 0x20b0, 0x1887, 0x0000,
 0x0000, 0x0824, 0x1048, 0x208d, 0x20f3, 0x210e, 0x0844, 0x0001, 0x0000, 0x0000, 0x0000, 0x0000, 0x0000, 0x0000, 0x0000, 0x0000,
 0x0000, 0x0000, 0x0000, 0x0000, 0x0000, 0x0000, 0x0000, 0x0000, 0x0000, 0x0000, 0x0000, 0x0000, 0x0000, 0x0000, 0x0000, 0x0000,
 0x0000, 0x0000, 0x0000, 0x0000, 0x0001, 0x206d, 0x2090, 0x2092, 0x2093, 0x20d5, 0x2092, 0x20b1, 0x20b0, 0x1887, 0x0001, 0x1046,
 0x208d, 0x2091, 0x20d3, 0x20ee, 0x10a7, 0x0000, 0x0000, 0x0000, 0x0000, 0x0000, 0x0000, 0x0000, 0x0000, 0x0000, 0x0000, 0x0000,
 0x0000, 0x0000, 0x0000, 0x0000, 0x0000, 0x0000, 0x0000, 0x0000, 0x0000, 0x0000, 0x0000, 0x0000, 0x0000, 0x0000, 0x0000, 0x0000,
 0x0000, 0x0000, 0x0000, 0x0023, 0x208f, 0x3953, 0x20d3, 0x2095, 0x2094, 0x20d4, 0x2890, 0x28af, 0x1087, 0x1047, 0x2090, 0x20b4,
 0x20d5, 0x20ef, 0x1067, 0x0000, 0x0000, 0x0000, 0x0000, 0x0000, 0x0000, 0x0000, 0x0000, 0x0000, 0x0000, 0x0000, 0x0000, 0x0000,
 0x0000, 0x0000, 0x0000, 0x0000, 0x0000, 0x0000, 0x0000, 0x0000, 0x0000, 0x0000, 0x0000, 0x0000, 0x0000, 0x0000, 0x0000, 0x0000,
 0x0000, 0x0000, 0x1887, 0x20b3, 0xd6be, 0x5236, 0x2094, 0x20b5, 0x2091, 0x208f, 0x28af, 0x1068, 0x20b1, 0x20d5, 0x20b3, 0x210f,
 0x1086, 0x0000, 0x0000, 0x0000, 0x0000, 0x0000, 0x0000, 0x0000, 0x0000, 0x0000, 0x0000, 0x0000, 0x0000, 0x0000, 0x0000, 0x0000,
 0x0000, 0x0000, 0x0000, 0x0000, 0x0000, 0x0000, 0x0000, 0x0000, 0x0000, 0x0000, 0x0000, 0x0000, 0x0000, 0x0000, 0x0000, 0x0000,
 0x0000, 0x1888, 0x20b5, 0xc65d, 0x5a96, 0x20b5, 0x2094, 0x28d4, 0x208f, 0x20ab, 0x1049, 0x20b3, 0x20d5, 0x20ee, 0x1887, 0x0000,
 0x0000, 0x0000, 0x0000, 0x0000, 0x0000, 0x0000, 0x0000, 0x0000, 0x0000, 0x0000, 0x0000, 0x0000, 0x0000, 0x0000, 0x0000, 0x0000,
 0x0000, 0x0000, 0x0000, 0x0000, 0x0000, 0x0000, 0x0000, 0x0000, 0x0000, 0x0000, 0x0000, 0x0000, 0x0000, 0x0000, 0x0000, 0x0822,
 0x20ab, 0x20d6, 0x6316, 0xb5bb, 0x20b7, 0x28b5, 0x2091, 0x208d, 0x39eb, 0x20c9, 0x20af, 0x20cf, 0x0845, 0x0000, 0x0000, 0x0000,
 0x0000, 0x0000, 0x0000, 0x0000, 0x0000, 0x0000, 0x0000, 0x0000, 0x0000, 0x0000, 0x0000, 0x0000, 0x0000, 0x0000, 0x0000, 0x0000,
 0x0000, 0x0000, 0x0000, 0x0000, 0x0000, 0x0000, 0x0000, 0x0000, 0x0000, 0x0000, 0x0000, 0x0000, 0x0000, 0x0000, 0x0822, 0x20ae,
 0x20b5, 0x5257, 0xce5c, 0x3977, 0x20b5, 0x2070, 0x1869, 0x312d, 0xbdda, 0x8412, 0x7bd1, 0x18c4, 0x0000, 0x0000, 0x0000, 0x0000,
 0x0000, 0x0000, 0x0000, 0x0000, 0x0000, 0x0000, 0x0000, 0x0000, 0x0000, 0x0000, 0x0000, 0x0000, 0x0000, 0x0000, 0x0000, 0x0000,
 0x0000, 0x0000, 0x0000, 0x0000, 0x0000, 0x0000, 0x0000, 0x0000, 0x0000, 0x0000, 0x0000, 0x0000, 0x0000, 0x1066, 0x20b1, 0x20b6,
 0x20b6, 0x9479, 0x83f8, 0x2095, 0x28b3, 0x1048, 0x20b2, 0x2934, 0x7bb7, 0x52b1, 0x18a4, 0x0000, 0x0000, 0x0000, 0x0000, 0x0000,
 0x0000, 0x0000, 0x0000, 0x0000, 0x0000, 0x0000, 0x0000, 0x0000, 0x0000, 0x0000, 0x0000, 0x0000, 0x0000, 0x0000, 0x0000, 0x0000,
 0x0000, 0x0000, 0x0000, 0x0000, 0x0000, 0x0000, 0x0000, 0x0000, 0x0021, 0x0002, 0x0002, 0x0002, 0x20ab, 0x2094, 0x41d6, 0x7b98,
 0x94b9, 0xc61c, 0x20d6, 0x20b3, 0x288e, 0x20b4, 0x20d6, 0x5ad5, 0x4a6d, 0x0000, 0x0000, 0x0000, 0x0000, 0x0000, 0x0000, 0x0000,
 0x0000, 0x0000, 0x0000, 0x0000, 0x0000, 0x0000, 0x0000, 0x0000, 0x0000, 0x0000, 0x0000, 0x0000, 0x0000, 0x0000, 0x0000, 0x0000,
 0x0000, 0x0000, 0x0000, 0x0000, 0x0000, 0x1886, 0x1086, 0x3186, 0x4a0f, 0x208d, 0x20ac, 0x28d2, 0x20d6, 0x5277, 0xa51a, 0xa4fa,
 0x7bf8, 0x20d6, 0x20d4, 0x208f, 0x20b4, 0x3135, 0xb599, 0x8c31, 0x0000, 0x0000, 0x0000, 0x0000, 0x0000, 0x0000, 0x0000, 0x0000,
 0x0000, 0x0000, 0x0000, 0x0000, 0x0000, 0x0000, 0x0000, 0x0000, 0x0000, 0x0000, 0x0000, 0x0000, 0x0000, 0x0000, 0x0000, 0x0000,
 0x0000, 0x0000, 0x0000, 0x18a7, 0x28af, 0x20ce, 0x7bd1, 0x28f1, 0x20b3, 0x2092, 0x28b3, 0x20d6, 0x20d6, 0x20d6, 0x20d6, 0x20d6,
 0x28d6, 0x20d6, 0x20b2, 0x20d6, 0x28f6, 0x6b56, 0x2946, 0x0000, 0x0000, 0x0000, 0x0000, 0x0000, 0x0000, 0x0000, 0x0000, 0x0000,
 0x0000, 0x0000, 0x0000, 0x0000, 0x0000, 0x0000, 0x0000, 0x0000, 0x0000, 0x0000, 0x0000, 0x0000, 0x0000, 0x0000, 0x0000, 0x0000,
 0x0000, 0x0001, 0x188a, 0x20d3, 0x28f2, 0x7bf2, 0x2934, 0x6b39, 0x20d3, 0x20f5, 0x20d6, 0x20d6, 0x20d6, 0x20d6, 0x28f6, 0x28d6,
 0x28d6, 0x20d5, 0x20b5, 0x20f5, 0x2911, 0x0843, 0x0000, 0x0000, 0x0000, 0x0000, 0x0000, 0x0000, 0x0000, 0x0000, 0x0000, 0x0000,
 0x0000, 0x0000, 0x0000, 0x0000, 0x0000, 0x0000, 0x0000, 0x0000, 0x0000, 0x0000, 0x0000, 0x0000, 0x0000, 0x0000, 0x0000, 0x0000,
 0x1065, 0x20cf, 0x20f5, 0x18ab, 0x2125, 0x1068, 0x5af1, 0x20d1, 0x20f6, 0x20f6, 0x20d6, 0x20d6, 0x28f6, 0x28d6, 0x28d6, 0x20d6,
 0x3136, 0x62f7, 0x83f4, 0x20e8, 0x0000, 0x0000, 0x0000, 0x0000, 0x0000, 0x0000, 0x0000, 0x0000, 0x0000, 0x0000, 0x0000, 0x0000,
 0x0000, 0x0000, 0x0000, 0x0000, 0x0000, 0x0000, 0x0000, 0x0000, 0x0000, 0x0000, 0x0000, 0x0000, 0x0000, 0x0000, 0x0000, 0x0845,
 0x20d2, 0x2131, 0x18a7, 0x0000, 0x0000, 0x0801, 0x1087, 0x18ab, 0x20d0, 0x18d1, 0x20d5, 0x20d6, 0x20d6, 0x20d6, 0x2956, 0x7374,
 0x5b0e, 0x4aad, 0x20c5, 0x0000, 0x0000, 0x0000, 0x0000, 0x0000, 0x0000, 0x0000, 0x0000, 0x0000, 0x0000, 0x0000, 0x0000, 0x0000,
 0x0000, 0x0000, 0x0000, 0x0000, 0x0000, 0x0000, 0x0000, 0x0000, 0x0000, 0x0000, 0x0000, 0x0000, 0x0000, 0x2127, 0x292a, 0x20ed,
 0x1066, 0x0000, 0x0000, 0x0000, 0x0000, 0x0000, 0x0002, 0x0822, 0x1044, 0x18ca, 0x73b4, 0x8c76, 0x8c76, 0x8435, 0x5b51, 0x42d3,
 0x747a, 0x52f0, 0x0842, 0x0000, 0x0000, 0x0000, 0x0000, 0x0000, 0x0000, 0x0000, 0x0000, 0x0000, 0x0000, 0x0000, 0x0000, 0x0000,
 0x0000, 0x0000, 0x0000, 0x0000, 0x0000, 0x0000, 0x0000, 0x0000, 0x0000, 0x0000, 0x0000, 0x0842, 0x426e, 0x7458, 0x5353, 0x3a0b,
 0x0000, 0x0000, 0x0000, 0x0000, 0x0000, 0x0000, 0x0000, 0x0000, 0x0000, 0x0861, 0x2987, 0x5b71, 0x5b94, 0x74db, 0x63f9, 0x645a,
 0x7cb9, 0x0842, 0x0000, 0x0000, 0x0000, 0x0000, 0x0000, 0x0000, 0x0000, 0x0000, 0x0000, 0x0000, 0x0000, 0x0000, 0x0000, 0x0000,
 0x0000, 0x0000, 0x0000, 0x0000, 0x0000, 0x0000, 0x0000, 0x0000, 0x0000, 0x0000, 0x0021, 0x5bb4, 0x74bc, 0x74bb, 0x3a4c, 0x0000,
 0x0000, 0x0000, 0x0000, 0x0000, 0x0000, 0x0000, 0x0000, 0x0000, 0x0000, 0x0862, 0x31c9, 0x42af, 0x5bf8, 0x643a, 0x749a, 0x4b11,
 0x0883, 0x0000, 0x0000, 0x0000, 0x0000, 0x0000, 0x0000, 0x0000, 0x0000, 0x0000, 0x0000, 0x0000, 0x0000, 0x0000, 0x0000, 0x0000,
 0x0000, 0x0000, 0x0000, 0x0000, 0x0000, 0x0000, 0x0000, 0x0000, 0x0000, 0x0000, 0x31ea, 0x6bf4, 0x6bd3, 0x0883, 0x0000, 0x0000,
 0x0000, 0x0000, 0x0000, 0x0000, 0x0000, 0x0000, 0x0000, 0x0000, 0x0841, 0x10a3, 0x1926, 0x3a70, 0x5375, 0x298a, 0x6c7a, 0x5330,
 0x0861, 0x0000, 0x0000, 0x0000, 0x0000, 0x0000, 0x0000, 0x0000, 0x0000, 0x0000, 0x0000, 0x0000, 0x0000, 0x0000, 0x0000, 0x0000,
 0x0000, 0x0000, 0x0000, 0x0000, 0x0000, 0x0000, 0x0000, 0x0000, 0x0000, 0x0000, 0x10a4, 0x18c4, 0x0000, 0x0000, 0x0000, 0x0000,
 0x0000, 0x0000, 0x0000, 0x0000, 0x0000, 0x0000, 0x0000, 0x0841, 0x10c3, 0x1904, 0x1926, 0x4acf, 0x1905, 0x2188, 0x29a8, 0x1062,
 0x0000, 0x0000, 0x0000, 0x0000, 0x0000, 0x0000, 0x0000, 0x0000, 0x0000, 0x0000, 0x0000, 0x0000, 0x0000, 0x0000, 0x0000, 0x0000,
 0x0000, 0x0000, 0x0000, 0x0000, 0x0000, 0x0000, 0x0000, 0x0000, 0x0000, 0x0000, 0x0000, 0x0000, 0x0000, 0x0000, 0x0000, 0x0000,
 0x0000, 0x0000, 0x0000, 0x0000, 0x0000, 0x0000, 0x0020, 0x10c3, 0x1904, 0x18e4, 0x1904, 0x1904, 0x10c3, 0x18c3, 0x18e4, 0x0000,
 0x0000, 0x0000, 0x0000, 0x0000, 0x0000, 0x0000, 0x0000, 0x0000, 0x0000, 0x0000, 0x0000, 0x0000, 0x0000, 0x0000, 0x0000, 0x0000,
 0x0000, 0x0000, 0x0000, 0x0000, 0x0000, 0x0000, 0x0000, 0x0000, 0x0000, 0x0000, 0x0000, 0x0000, 0x0000, 0x0000, 0x0000, 0x0000,
 0x0000, 0x0000, 0x0000, 0x0000, 0x0000, 0x0000, 0x1082, 0x2125, 0x18c4, 0x18c3, 0x10a3, 0x2125, 0x18e4, 0x10a2, 0x0000, 0x0000,
 0x0000, 0x0000, 0x0000, 0x0000, 0x0000, 0x0000, 0x0000, 0x0000, 0x0000, 0x0000, 0x0000, 0x0000, 0x0000, 0x0000, 0x0000, 0x0000,
 0x0000, 0x0000, 0x0000, 0x0000, 0x0000, 0x0000, 0x0000, 0x0000, 0x0000, 0x0000, 0x0000, 0x0000, 0x0000, 0x0000, 0x0000, 0x0000,
 0x0000, 0x0000, 0x0000, 0x0000, 0x0000, 0x1082, 0x1083, 0x10a3, 0x18e4, 0x1904, 0x0862, 0x0000, 0x0000, 0x0000, 0x0000, 0x0000,
 0x0000, 0x0000, 0x0000, 0x0000, 0x0000, 0x0000, 0x0000, 0x0000, 0x0000, 0x0000, 0x0000, 0x0000, 0x0000, 0x0000, 0x0000, 0x0000,
 0x0000, 0x0000, 0x0000, 0x0000, 0x0000, 0x0000, 0x0000, 0x0000, 0x0000, 0x0000, 0x0000, 0x0000, 0x0000, 0x0000, 0x0000, 0x0000,
 0x0000, 0x0000, 0x0000, 0x0000, 0x0000, 0x0000, 0x0861, 0x0861, 0x0000, 0x0000, 0x0000, 0x0000, 0x0000, 0x0000, 0x0000, 0x0000,
 0x0000, 0x0000, 0x0000, 0x0000, 0x0000, 0x0000, 0x0000, 0x0000, 0x0000, 0x0000, 0x0000, 0x0000, 0x0000, 0x0000, 0x0000, 0x0000,
 0x0000, 0x0000, 0x0000, 0x0000, 0x0000, 0x0000, 0x0000, 0x0000, 0x0000, 0x0000, 0x0000, 0x0000, 0x0000, 0x0000, 0x0000, 0x0000,
 0x0000, 0x0000, 0x0000, 0x0000, 0x0000, 0x0000, 0x0000, 0x0000, 0x0000, 0x0000, 0x0000, 0x0000, 0x0000, 0x0000, 0x0000, 0x0000,
 0x0000, 0x0000, 0x0000, 0x0000, 0x0000, 0x0000, 0x0000, 0x0000, 0x0000, 0x0000, 0x0000, 0x0000, 0x0000, 0x0000, 0x0000, 0x0000,
 0x0000, 0x0000, 0x0000, 0x0000, 0x0000, 0x0000, 0x0000, 0x0000, 0x0000, 0x0000, 0x0000, 0x0000, 0x0000, 0x0000, 0x0000, 0x0000,
 0x0000, 0x0000, 0x0000, 0x0000, 0x0000, 0x0000, 0x0000, 0x0000, 0x0000, 0x0000, 0x0000, 0x0000, 0x0000, 0x0000, 0x0000, 0x0000,
 0x0000, 0x0000, 0x0000, 0x0000, 0x0000, 0x0000, 0x0000, 0x0000
};

// ball (from ballSprite.h export) Ã¢â‚¬â€ transparent pixels are RGB565 black (0x0000)
// width=12 x height=12
const uint16_t ballSprite[] = {
 0x0000, 0x0000, 0x0000, 0x0020, 0x0861, 0x10a2, 0x0882, 0x0841, 0x0020, 0x0000, 0x0000, 0x0000, 0x0000, 0x0020, 0x2945, 0x6b4d,
 0x8472, 0x8474, 0x6372, 0x5b2f, 0x5acb, 0x2945, 0x0020, 0x0000, 0x0000, 0x2945, 0x9cf3, 0x94b4, 0x9d58, 0x7c77, 0x8cd8, 0x6bb4,
 0x73d1, 0x8410, 0x2945, 0x0000, 0x0841, 0x7bce, 0x8c4f, 0x5b2f, 0x6bd2, 0xad76, 0xa577, 0x6393, 0x3a2b, 0x4a8c, 0x52ac, 0x0841,
 0x2965, 0xc5f7, 0x62e9, 0x6b8f, 0xb5d8, 0xce79, 0xce59, 0xb5f9, 0x52ee, 0x2967, 0x9493, 0x2945, 0x528a, 0xb595, 0x736b, 0x738c,
 0xdeda, 0xd69a, 0xdedb, 0xdf1c, 0x6390, 0x3a0b, 0x94b4, 0x4228, 0x4a69, 0xbdf7, 0xffdf, 0xad74, 0xad75, 0xb5b6, 0xb596, 0x9cf4,
 0xa577, 0xf7be, 0xb5b6, 0x4208, 0x18c3, 0x9cf5, 0xf79e, 0xf79d, 0xad75, 0xce79, 0xbe19, 0xa534, 0xe71c, 0xc638, 0x73d0, 0x18c3,
 0x0021, 0x5b2f, 0xc65a, 0xdefb, 0x736d, 0x52cc, 0x424c, 0x8432, 0xd6ba, 0xa535, 0x4a6a, 0x0020, 0x0000, 0x10c4, 0x73d0, 0xa534,
 0x5289, 0x1905, 0x18e4, 0x5aeb, 0x94b3, 0x5acb, 0x1082, 0x0000, 0x0000, 0x0000, 0x2104, 0x5acb, 0x8410, 0x39e9, 0x52aa, 0x6b6d,
 0x4208, 0x10a2, 0x0000, 0x0000, 0x0000, 0x0000, 0x0000, 0x0020, 0x0861, 0x0882, 0x1082, 0x0861, 0x0020, 0x0000, 0x0000, 0x0000
};

// game over banner
// width=91 x height=47
#define GAMEOVERSPRITE_WIDTH 91
#define GAMEOVERSPRITE_HEIGHT 47
const uint16_t gameOverSprite[] = {
 0x0000, 0x0000, 0x0000, 0x0000, 0x0000, 0x0000, 0x0000, 0x0000, 0x0000, 0x0000, 0x0000, 0x0000, 0x0000, 0x0000, 0x0000, 0x0000, 
 0x0000, 0x0000, 0x0000, 0x0000, 0x0000, 0x0000, 0x0000, 0x0000, 0x0000, 0x0000, 0x0000, 0x0000, 0x0000, 0x0000, 0x0000, 0x0000, 
 0x0000, 0x0000, 0x0000, 0x0000, 0x0000, 0x0000, 0x0000, 0x0000, 0x0000, 0x0000, 0x0000, 0x0000, 0x0000, 0x0000, 0x0000, 0x0000, 
 0x0000, 0x0000, 0x0000, 0x0000, 0x0000, 0x0000, 0x0000, 0x0000, 0x0000, 0x0000, 0x0000, 0x0000, 0x0000, 0x0000, 0x0000, 0x0000, 
 0x0000, 0x0000, 0x0000, 0x0000, 0x0000, 0x0000, 0x0000, 0x0000, 0x0000, 0x0000, 0x0000, 0x0000, 0x0000, 0x0000, 0x0000, 0x0000, 
 0x0000, 0x0000, 0x0000, 0x0000, 0x0000, 0x0000, 0x0000, 0x0000, 0x0000, 0x0000, 0x0000,
 0x0000, 0x0000, 0x0000, 0x0000, 0x0000, 0x0000, 0x0000, 0x0000, 0x0000, 0x0000, 0x0000, 0x0000, 0x0000, 0x0000, 0x0000, 0x0000, 
 0x0000, 0x0000, 0x0000, 0x0000, 0x0000, 0x0000, 0x0000, 0x0000, 0x0000, 0x0000, 0x0000, 0x0000, 0x0000, 0x0000, 0x0000, 0x0000, 
 0x0000, 0x0000, 0x0000, 0x0000, 0x0000, 0x0000, 0x0000, 0x0000, 0x0000, 0x0000, 0x0000, 0x0000, 0x0000, 0x0000, 0x0000, 0x0000, 
 0x0000, 0x0000, 0x0000, 0x0000, 0x0000, 0x0000, 0x0000, 0x0000, 0x0000, 0x0000, 0x0000, 0x0000, 0x0000, 0x0000, 0x0000, 0x0000, 
 0x0000, 0x0000, 0x0000, 0x0000, 0x0000, 0x0000, 0x0000, 0x0000, 0x0000, 0x0000, 0x0000, 0x0000, 0x0000, 0x0000, 0x0000, 0x0000, 
 0x0000, 0x0000, 0x0000, 0x0000, 0x0000, 0x0000, 0x0000, 0x0000, 0x0000, 0x0000, 0x0000,
 0x0000, 0x0000, 0x0000, 0x0000, 0x0000, 0x0000, 0x0000, 0x0000, 0x0000, 0x0000, 0x0000, 0x0000, 0x0000, 0x0000, 0x0000, 0x0000, 
 0x0000, 0x0000, 0x0000, 0x0000, 0x0000, 0x0000, 0x0000, 0x0000, 0x0000, 0x0000, 0x0000, 0x0000, 0x0000, 0x0000, 0x0000, 0x0000, 
 0x0000, 0x0000, 0x0000, 0x0000, 0x0000, 0x0000, 0x0000, 0x0000, 0x0000, 0x0000, 0x0000, 0x0000, 0x0000, 0x0000, 0x0000, 0x0003, 
 0x0062, 0x0083, 0x08a4, 0x08a4, 0x08c4, 0x08c4, 0x08a3, 0x0862, 0x1082, 0x0000, 0x0000, 0x0000, 0x0000, 0x0000, 0x0000, 0x0000, 
 0x0000, 0x0000, 0x0000, 0x0000, 0x0000, 0x0000, 0x0000, 0x0000, 0x0000, 0x0000, 0x0000, 0x0000, 0x0000, 0x0000, 0x0000, 0x0000, 
 0x0000, 0x0000, 0x0000, 0x0000, 0x0000, 0x0000, 0x0000, 0x0000, 0x0000, 0x0000, 0x0000,
 0x0000, 0x0000, 0x0000, 0x0000, 0x0000, 0x0000, 0x0000, 0x0000, 0x0000, 0x0000, 0x0000, 0x0000, 0x0000, 0x0000, 0x0000, 0x0000, 
 0x0000, 0x0000, 0x0000, 0x0000, 0x0000, 0x0000, 0x0000, 0x0000, 0x0000, 0x0000, 0x0000, 0x0000, 0x0000, 0x0000, 0x0000, 0x0000, 
 0x0000, 0x0000, 0x0000, 0x0000, 0x0000, 0x0000, 0x0000, 0x0000, 0x0000, 0x0000, 0x0000, 0x0000, 0x10a2, 0x0883, 0x08e5, 0x11c9, 
 0x1a0a, 0x1ace, 0x22cf, 0x1ace, 0x1ace, 0x1ace, 0x1aef, 0x22ad, 0x11a8, 0x1105, 0x08c4, 0x0906, 0x0000, 0x0000, 0x0000, 0x0000, 
 0x0000, 0x0000, 0x0000, 0x0000, 0x0000, 0x0000, 0x0000, 0x0000, 0x0000, 0x0000, 0x0000, 0x0000, 0x0000, 0x0000, 0x0000, 0x0000, 
 0x0000, 0x0000, 0x0000, 0x0000, 0x0000, 0x0000, 0x0000, 0x0000, 0x0000, 0x0000, 0x0000,
 0x0000, 0x0000, 0x0000, 0x0000, 0x0000, 0x0000, 0x0000, 0x0000, 0x0000, 0x0000, 0x0000, 0x0000, 0x0000, 0x0000, 0x0000, 0x0000, 
 0x0000, 0x0000, 0x0000, 0x0000, 0x0000, 0x0000, 0x0000, 0x0000, 0x0000, 0x0000, 0x0000, 0x0000, 0x0000, 0x0000, 0x0000, 0x0000, 
 0x0000, 0x0000, 0x0000, 0x0000, 0x0000, 0x0000, 0x0000, 0x0000, 0x0000, 0x0000, 0x0000, 0x0905, 0x0883, 0x1a0a, 0x22ef, 0x2c35, 
 0x2436, 0x2bd3, 0x1a4c, 0x1a4c, 0x1a4c, 0x1a4c, 0x2b50, 0x2c15, 0x23f4, 0x2351, 0x22ce, 0x222b, 0x0082, 0x1208, 0x0208, 0x0000, 
 0x0000, 0x0000, 0x0000, 0x0000, 0x0000, 0x0000, 0x0000, 0x0000, 0x0000, 0x0000, 0x0000, 0x0000, 0x0000, 0x0000, 0x0000, 0x0000, 
 0x0000, 0x0000, 0x0000, 0x0000, 0x0000, 0x0000, 0x0000, 0x0000, 0x0000, 0x0000, 0x0000,
 0x0000, 0x0000, 0x0000, 0x0000, 0x0000, 0x0000, 0x0000, 0x0000, 0x0000, 0x0000, 0x0000, 0x0000, 0x0000, 0x0000, 0x0000, 0x0000, 
 0x0000, 0x0000, 0x0000, 0x0000, 0x0000, 0x0000, 0x0000, 0x0000, 0x0000, 0x0000, 0x0000, 0x0000, 0x0000, 0x0000, 0x0000, 0x0000, 
 0x0000, 0x0000, 0x0000, 0x0000, 0x0000, 0x0000, 0x0000, 0x0000, 0x0000, 0x10e4, 0x0062, 0x2a8d, 0x2bb3, 0x2b92, 0x1a2b, 0x0905, 
 0x1968, 0x1105, 0x0821, 0x0000, 0x0000, 0x0020, 0x08a3, 0x1105, 0x1105, 0x1a4c, 0x1b30, 0x2bd4, 0x22ce, 0x2a6c, 0x08e4, 0x0006, 
 0x0000, 0x0000, 0x0000, 0x0000, 0x0000, 0x0000, 0x0000, 0x0000, 0x0000, 0x0000, 0x0000, 0x0000, 0x0000, 0x0000, 0x0000, 0x0000, 
 0x0000, 0x0000, 0x0000, 0x0000, 0x0000, 0x0000, 0x0000, 0x0000, 0x0000, 0x0000, 0x0000,
 0x0000, 0x0000, 0x0000, 0x0000, 0x0000, 0x0000, 0x0000, 0x0000, 0x0000, 0x0000, 0x0000, 0x0000, 0x0000, 0x0000, 0x0000, 0x0000, 
 0x0000, 0x0000, 0x0000, 0x0000, 0x0000, 0x0000, 0x0000, 0x0000, 0x0000, 0x0000, 0x0000, 0x0000, 0x0000, 0x0000, 0x0000, 0x0000, 
 0x0000, 0x0000, 0x0000, 0x0000, 0x0000, 0x0000, 0x0000, 0x0000, 0x0062, 0x11ca, 0x2c35, 0x23b2, 0x228c, 0x08a4, 0x1168, 0x294a, 
 0x0208, 0x0000, 0x0000, 0x0000, 0x0000, 0x0000, 0x0000, 0x0208, 0x294a, 0x0061, 0x0042, 0x1105, 0x2bf4, 0x2c56, 0x2aad, 0x0883, 
 0x0000, 0x0000, 0x0000, 0x0000, 0x0000, 0x0000, 0x0000, 0x0000, 0x0000, 0x0000, 0x0000, 0x0000, 0x0000, 0x0000, 0x0000, 0x0000, 
 0x0000, 0x0000, 0x0000, 0x0000, 0x0000, 0x0000, 0x0000, 0x0000, 0x0000, 0x0000, 0x0000,
 0x0000, 0x0000, 0x0000, 0x0000, 0x0000, 0x0000, 0x0000, 0x0000, 0x0000, 0x0000, 0x0000, 0x0000, 0x0000, 0x0000, 0x0000, 0x0000, 
 0x0000, 0x0000, 0x0000, 0x0000, 0x0000, 0x0000, 0x0000, 0x0000, 0x0000, 0x0000, 0x0000, 0x0000, 0x0000, 0x0000, 0x0000, 0x0000, 
 0x0000, 0x0000, 0x0000, 0x0000, 0x0000, 0x0000, 0x00a2, 0x0883, 0x19ea, 0x23f5, 0x2b71, 0x08e5, 0x08a4, 0x2129, 0x0000, 0x0000, 
 0x0000, 0x0000, 0x0000, 0x0000, 0x0000, 0x0000, 0x0000, 0x0000, 0x0000, 0x0000, 0x0003, 0x0905, 0x08e5, 0x230f, 0x2414, 0x19e9, 
 0x0882, 0x0000, 0x0000, 0x0000, 0x0000, 0x0000, 0x0000, 0x0000, 0x0000, 0x0000, 0x0000, 0x0000, 0x0000, 0x0000, 0x0000, 0x0000, 
 0x0000, 0x0000, 0x0000, 0x0000, 0x0000, 0x0000, 0x0000, 0x0000, 0x0000, 0x0000, 0x0000,
 0x0000, 0x0000, 0x0000, 0x0000, 0x0000, 0x0000, 0x0000, 0x0000, 0x0000, 0x0000, 0x0000, 0x0000, 0x0000, 0x0000, 0x0000, 0x0000, 
 0x0000, 0x0000, 0x0000, 0x0000, 0x0000, 0x0000, 0x0000, 0x0000, 0x0000, 0x0000, 0x0000, 0x0000, 0x0000, 0x0000, 0x0000, 0x0000, 
 0x0000, 0x0000, 0x0000, 0x0000, 0x0000, 0x0000, 0x0883, 0x1aae, 0x2c15, 0x22ef, 0x1105, 0x1104, 0x0000, 0x0000, 0x0000, 0x0000, 
 0x0000, 0x0000, 0x0000, 0x0000, 0x0000, 0x0000, 0x0000, 0x0000, 0x0000, 0x0000, 0x0000, 0x0000, 0x0003, 0x1147, 0x2351, 0x23d4, 
 0x19c9, 0x0883, 0x0000, 0x0000, 0x0000, 0x0000, 0x0000, 0x0000, 0x0000, 0x0000, 0x0000, 0x0000, 0x0000, 0x0000, 0x0000, 0x0000, 
 0x0000, 0x0000, 0x0000, 0x0000, 0x0000, 0x0000, 0x0000, 0x0000, 0x0000, 0x0000, 0x0000,
 0x0000, 0x0000, 0x0000, 0x0000, 0x0000, 0x0000, 0x0000, 0x0000, 0x0000, 0x0020, 0x0000, 0x0020, 0x0000, 0x0000, 0x0000, 0x0000, 
 0x0000, 0x0020, 0x0000, 0x0000, 0x0000, 0x0000, 0x0000, 0x0000, 0x0000, 0x0000, 0x0000, 0x0000, 0x0000, 0x0000, 0x0000, 0x0000, 
 0x0000, 0x0000, 0x0000, 0x0000, 0x0000, 0x0041, 0x29e9, 0x228d, 0x0906, 0x0883, 0x0000, 0x0000, 0x0000, 0x0000, 0x0000, 0x0000, 
 0x0000, 0x0000, 0x0000, 0x0000, 0x0000, 0x0000, 0x0000, 0x0000, 0x0000, 0x0000, 0x0000, 0x0000, 0x0000, 0x0000, 0x1188, 0x1a6c, 
 0x226c, 0x2187, 0x0000, 0x0800, 0x0000, 0x0000, 0x0000, 0x0000, 0x0020, 0x0000, 0x0000, 0x0000, 0x0000, 0x0000, 0x0000, 0x0000, 
 0x0000, 0x0000, 0x0000, 0x0000, 0x0000, 0x0000, 0x0000, 0x0000, 0x0000, 0x0000, 0x0000,
 0x0000, 0x0861, 0x0041, 0x0041, 0x0041, 0x0041, 0x0041, 0x0041, 0x0020, 0x0020, 0x0041, 0x0041, 0x0041, 0x0041, 0x0020, 0x0000, 
 0x0042, 0x0841, 0x0041, 0x0041, 0x0020, 0x0021, 0x0041, 0x0041, 0x0041, 0x0000, 0x0000, 0x0000, 0x0000, 0x0000, 0x0000, 0x0041, 
 0x0041, 0x0041, 0x0020, 0x0000, 0x0040, 0x0862, 0x0041, 0x0041, 0x0041, 0x0041, 0x0041, 0x0041, 0x0020, 0x0000, 0x0000, 0x0000, 
 0x0000, 0x0000, 0x08a3, 0x0041, 0x0041, 0x0041, 0x0041, 0x0041, 0x0041, 0x0020, 0x0000, 0x0000, 0x0000, 0x0000, 0x0882, 0x0041, 
 0x0041, 0x0041, 0x0020, 0x0840, 0x0000, 0x0000, 0x0145, 0x0061, 0x0041, 0x0041, 0x0041, 0x0041, 0x0041, 0x0041, 0x0041, 0x0000, 
 0x0821, 0x0041, 0x0041, 0x0021, 0x0000, 0x0000, 0x0861, 0x0041, 0x0041, 0x0020, 0x0000,
 0x0842, 0x21e9, 0x2bf4, 0x2c56, 0x2c56, 0x2c56, 0x2c56, 0x3476, 0x2a6c, 0x0041, 0x0861, 0x33d3, 0x3476, 0x3c56, 0x1146, 0x0000, 
 0x0905, 0x33f4, 0x3476, 0x3476, 0x1125, 0x220a, 0x3456, 0x3476, 0x3391, 0x0021, 0x0000, 0x0000, 0x0000, 0x0000, 0x0021, 0x4cd7, 
 0x3456, 0x3455, 0x29e9, 0x0020, 0x10e4, 0x3414, 0x2c56, 0x2c56, 0x2c56, 0x2c56, 0x2c56, 0x2c76, 0x2aad, 0x0041, 0x0000, 0x0000, 
 0x0000, 0x0020, 0x08c4, 0x2bb2, 0x2c56, 0x2c56, 0x2c56, 0x2c56, 0x2c56, 0x2aad, 0x0041, 0x0000, 0x0000, 0x0020, 0x0883, 0x2bd3, 
 0x3456, 0x3456, 0x21ea, 0x0020, 0x0000, 0x0000, 0x0882, 0x21c9, 0x3455, 0x3456, 0x2c56, 0x2c56, 0x3456, 0x2c56, 0x3c96, 0x1946, 
 0x1166, 0x3435, 0x3476, 0x4cb6, 0x0000, 0x0000, 0x3b2f, 0x3456, 0x3455, 0x332f, 0x0000,
 0x19c8, 0x34b8, 0x1c78, 0x1c78, 0x1c78, 0x1c78, 0x1c77, 0x1c77, 0x2c77, 0x222a, 0x0062, 0x3435, 0x1c77, 0x2c77, 0x1166, 0x0000, 
 0x1125, 0x2435, 0x1c77, 0x2c97, 0x1146, 0x224b, 0x2478, 0x1c77, 0x2bd3, 0x0041, 0x0000, 0x0000, 0x0000, 0x0000, 0x0041, 0x4d7a, 
 0x2478, 0x2477, 0x2a0a, 0x0861, 0x2bf4, 0x1c77, 0x1c78, 0x1c78, 0x1c78, 0x1c78, 0x1c78, 0x2497, 0x2ace, 0x0041, 0x0000, 0x0000, 
 0x0000, 0x10c4, 0x3c76, 0x2478, 0x1c77, 0x1c77, 0x1c77, 0x1c77, 0x1c77, 0x2477, 0x228d, 0x0020, 0x0000, 0x0882, 0x2310, 0x2477, 
 0x1c77, 0x1c77, 0x2bd4, 0x10e4, 0x0020, 0x0020, 0x1167, 0x2c97, 0x1c77, 0x1c77, 0x1c78, 0x1c78, 0x1c78, 0x1c78, 0x2cb8, 0x1967, 
 0x1188, 0x2c97, 0x1c78, 0x4519, 0x0000, 0x0000, 0x3b91, 0x2497, 0x2477, 0x3bb1, 0x0000,
 0x22ad, 0x1c57, 0x1c98, 0x3497, 0x4cb6, 0x4cb6, 0x3cb7, 0x1c77, 0x2478, 0x2b71, 0x0062, 0x2c35, 0x1c77, 0x2477, 0x1167, 0x0000, 
 0x1126, 0x2435, 0x1c77, 0x2c97, 0x1146, 0x226b, 0x2498, 0x1c78, 0x2bd3, 0x0041, 0x0000, 0x0000, 0x0000, 0x0000, 0x0021, 0x557a, 
 0x2478, 0x2477, 0x220a, 0x0883, 0x34f9, 0x1c78, 0x2497, 0x4cd7, 0x4cb6, 0x4cb6, 0x4cb6, 0x4cb6, 0x32ad, 0x0862, 0x0000, 0x0000, 
 0x0000, 0x1987, 0x2477, 0x1c77, 0x2497, 0x4cb6, 0x4cb6, 0x44b7, 0x2477, 0x1c78, 0x3414, 0x0020, 0x0020, 0x19ea, 0x2457, 0x1c57, 
 0x34b7, 0x2436, 0x2477, 0x3bf3, 0x0041, 0x0000, 0x11ea, 0x24b8, 0x1c77, 0x3477, 0x4cb6, 0x4cb6, 0x4cd7, 0x4cd7, 0x4cd6, 0x2167, 
 0x1188, 0x2477, 0x1c78, 0x4d19, 0x0000, 0x0000, 0x3b91, 0x2498, 0x2478, 0x3bb2, 0x0000,
 0x22cd, 0x1c57, 0x2478, 0x3391, 0x0861, 0x08e4, 0x2aad, 0x1c57, 0x2498, 0x2b71, 0x0062, 0x2c35, 0x1c78, 0x2477, 0x1167, 0x0000, 
 0x0905, 0x2435, 0x1c78, 0x2c97, 0x1146, 0x226b, 0x2498, 0x1c78, 0x2bd3, 0x0041, 0x0021, 0x0020, 0x0000, 0x0000, 0x0020, 0x4d5a, 
 0x2478, 0x2477, 0x220a, 0x0883, 0x351a, 0x1c78, 0x4519, 0x08a3, 0x08c3, 0x08c4, 0x08c4, 0x1104, 0x0882, 0x2104, 0x0000, 0x0000, 
 0x0000, 0x19a7, 0x2477, 0x1c78, 0x2414, 0x0883, 0x08c3, 0x19c9, 0x2477, 0x1c98, 0x3435, 0x0021, 0x10c4, 0x3476, 0x1c78, 0x2c56, 
 0x1167, 0x3414, 0x1c98, 0x2477, 0x1967, 0x0021, 0x11ea, 0x24b8, 0x1c77, 0x3c14, 0x0882, 0x08a3, 0x08c3, 0x08c3, 0x08e4, 0x0862, 
 0x1988, 0x2477, 0x1c78, 0x4d19, 0x0000, 0x0000, 0x3b91, 0x2498, 0x2478, 0x3bb2, 0x0000,
 0x22cd, 0x1c57, 0x1c78, 0x3371, 0x0000, 0x0882, 0x2acd, 0x1c57, 0x2498, 0x2b70, 0x0062, 0x2c35, 0x1c77, 0x2497, 0x1187, 0x0041, 
 0x08a3, 0x2c36, 0x1c78, 0x2c98, 0x1146, 0x226b, 0x2498, 0x1c78, 0x2bd3, 0x0021, 0x0882, 0x224b, 0x1a2b, 0x0882, 0x0020, 0x4d5a, 
 0x2498, 0x2477, 0x220a, 0x0883, 0x351a, 0x1c78, 0x44f9, 0x08a3, 0x0841, 0x0861, 0x0040, 0x0000, 0x0000, 0x0000, 0x0000, 0x0000, 
 0x0000, 0x19a7, 0x2497, 0x2478, 0x23f4, 0x0021, 0x0000, 0x19a8, 0x2477, 0x1c98, 0x3435, 0x0041, 0x2aee, 0x1c57, 0x1c77, 0x2b51, 
 0x0882, 0x2a6b, 0x2477, 0x1c77, 0x3456, 0x08c4, 0x11e9, 0x24b8, 0x1c78, 0x3c34, 0x0882, 0x0041, 0x0041, 0x0020, 0x0000, 0x0000, 
 0x1188, 0x2477, 0x1c78, 0x4d19, 0x0041, 0x0061, 0x3b91, 0x2498, 0x2477, 0x3b70, 0x0000,
 0x22cd, 0x1c57, 0x2498, 0x3391, 0x0021, 0x4370, 0x4d18, 0x1c98, 0x2498, 0x2b71, 0x0062, 0x2c35, 0x1c98, 0x2cb8, 0x4cf7, 0x4c95, 
 0x4cb6, 0x2cd9, 0x1c98, 0x2cb8, 0x1146, 0x226c, 0x24b8, 0x1c78, 0x2bf4, 0x0042, 0x43b1, 0x2c98, 0x2c98, 0x32ad, 0x0021, 0x555a, 
 0x1c98, 0x2498, 0x220a, 0x0883, 0x353a, 0x1c98, 0x3d7b, 0x4cb6, 0x5496, 0x5495, 0x324a, 0x0020, 0x0000, 0x0000, 0x0000, 0x0000, 
 0x0000, 0x19a7, 0x2497, 0x2498, 0x2c35, 0x0041, 0x0000, 0x19c8, 0x2477, 0x1c98, 0x3435, 0x0041, 0x2bb2, 0x1c98, 0x2478, 0x226b, 
 0x0000, 0x08a3, 0x34b7, 0x1c98, 0x34d8, 0x1125, 0x11e9, 0x24b8, 0x1c78, 0x4d5a, 0x54b6, 0x5495, 0x5474, 0x0883, 0x0000, 0x0000, 
 0x11a8, 0x2498, 0x2498, 0x457b, 0x5495, 0x5496, 0x3cb7, 0x2498, 0x3496, 0x08c4, 0x0000,
 0x2aee, 0x3dbc, 0x45dd, 0x33d2, 0x0041, 0x3c76, 0x3ddd, 0x3ddd, 0x45dd, 0x33d2, 0x0882, 0x3cd8, 0x3ddd, 0x45fd, 0x3ddd, 0x3ddd, 
 0x3ddd, 0x3dfd, 0x45fe, 0x459b, 0x1146, 0x2a8c, 0x45fe, 0x3ddd, 0x3c55, 0x1105, 0x455a, 0x3ddd, 0x3ddd, 0x457b, 0x0083, 0x55bb, 
 0x3dfd, 0x45bc, 0x2a2b, 0x08a3, 0x4dfd, 0x3dde, 0x3dfd, 0x3ddd, 0x3ddd, 0x3dbd, 0x330e, 0x0041, 0x0000, 0x0000, 0x0000, 0x0000, 
 0x0000, 0x19a7, 0x45bc, 0x3ddd, 0x3cd7, 0x0041, 0x0000, 0x19c9, 0x3dbc, 0x3ddd, 0x3cb7, 0x0041, 0x3414, 0x3ddd, 0x45fd, 0x2a8c, 
 0x0000, 0x08c4, 0x4d7b, 0x3ddd, 0x45bc, 0x1126, 0x1a0a, 0x45fd, 0x3ddd, 0x45dd, 0x45dd, 0x3ddd, 0x457b, 0x08c4, 0x0000, 0x0000, 
 0x19a8, 0x45bc, 0x45fe, 0x45fd, 0x45dd, 0x45dd, 0x3ddd, 0x45dd, 0x2b71, 0x0020, 0x0000,
 0x2b0e, 0x45fd, 0x461e, 0x3bd2, 0x0041, 0x4434, 0x4d7b, 0x457b, 0x4d9b, 0x3bb1, 0x10c3, 0x3cf8, 0x461e, 0x461e, 0x4dbc, 0x4d7b, 
 0x4d9c, 0x45fe, 0x461e, 0x4ddc, 0x1146, 0x2a8c, 0x461f, 0x461e, 0x455a, 0x3cd7, 0x461e, 0x461e, 0x461e, 0x461e, 0x3c97, 0x561d, 
 0x461e, 0x45dd, 0x2a2b, 0x08a3, 0x4e1e, 0x461e, 0x45fe, 0x459b, 0x459b, 0x457b, 0x32cd, 0x0841, 0x0000, 0x0000, 0x0000, 0x0000, 
 0x0000, 0x19a7, 0x45dc, 0x461e, 0x3cf8, 0x0041, 0x0000, 0x19c9, 0x45dd, 0x461e, 0x3cb7, 0x0041, 0x3c34, 0x461e, 0x461e, 0x2a8c, 
 0x0000, 0x08c4, 0x4d9b, 0x461e, 0x45dd, 0x1126, 0x1a0a, 0x4e1e, 0x461e, 0x45fd, 0x4d9b, 0x4d7b, 0x4d39, 0x10e4, 0x0000, 0x0000, 
 0x19a8, 0x45dd, 0x461f, 0x461e, 0x457b, 0x459b, 0x45dd, 0x461e, 0x4dbc, 0x19e9, 0x0000,
 0x2b0f, 0x45fe, 0x461e, 0x3bd2, 0x0000, 0x1146, 0x19c9, 0x19c9, 0x222a, 0x1125, 0x1104, 0x44f8, 0x463e, 0x4dfd, 0x222a, 0x1105, 
 0x19a8, 0x455b, 0x461e, 0x4ddc, 0x1946, 0x2a8c, 0x461e, 0x461e, 0x461e, 0x461e, 0x461e, 0x4ddc, 0x4dbc, 0x461e, 0x461e, 0x461e, 
 0x461e, 0x45dd, 0x2a2a, 0x08a3, 0x4e1e, 0x461e, 0x4d9b, 0x1126, 0x1967, 0x1987, 0x1104, 0x18c3, 0x0000, 0x0000, 0x0000, 0x0000, 
 0x0000, 0x19a7, 0x45dd, 0x461e, 0x3cf8, 0x0041, 0x0000, 0x19c8, 0x45dd, 0x461e, 0x3cb7, 0x0041, 0x3c34, 0x461e, 0x461e, 0x2a8c, 
 0x0000, 0x08a3, 0x4d9b, 0x461e, 0x45dd, 0x1126, 0x1a0a, 0x4e1e, 0x461e, 0x4cb6, 0x1105, 0x1967, 0x1987, 0x08a3, 0x0000, 0x0000, 
 0x19c8, 0x45dd, 0x461e, 0x5ddc, 0x08e4, 0x1146, 0x3c13, 0x4dfe, 0x45fd, 0x3bd2, 0x0000,
 0x2b0f, 0x45fe, 0x4e1e, 0x3bd2, 0x0000, 0x0000, 0x0000, 0x0000, 0x0000, 0x0000, 0x0882, 0x44f8, 0x461e, 0x45dd, 0x1187, 0x0000, 
 0x08a3, 0x453a, 0x461e, 0x4ddd, 0x1946, 0x2a8c, 0x461e, 0x461e, 0x461e, 0x463e, 0x4ddd, 0x2a8c, 0x19c9, 0x45bc, 0x463e, 0x463e, 
 0x461e, 0x45dd, 0x2a2a, 0x08a3, 0x4e1e, 0x463e, 0x457b, 0x0083, 0x0000, 0x0000, 0x0000, 0x0020, 0x0000, 0x0000, 0x0000, 0x0000, 
 0x0000, 0x19a7, 0x4ddd, 0x461e, 0x3cf8, 0x0041, 0x0000, 0x19c8, 0x45dd, 0x461e, 0x3cd7, 0x0041, 0x3c34, 0x461e, 0x4e1e, 0x2a8c, 
 0x0020, 0x08a3, 0x4d9b, 0x461e, 0x4ddc, 0x1126, 0x1a0a, 0x4e1e, 0x461e, 0x4475, 0x0041, 0x0000, 0x0000, 0x0000, 0x0000, 0x0000, 
 0x19a8, 0x45dd, 0x4e1e, 0x55dc, 0x0000, 0x0000, 0x3bb1, 0x45fe, 0x45fe, 0x3bd3, 0x0000,
 0x330f, 0x45fd, 0x4e1e, 0x3c55, 0x1167, 0x1167, 0x1167, 0x1167, 0x1167, 0x10e4, 0x0882, 0x44f8, 0x461e, 0x4dfd, 0x228c, 0x1167, 
 0x19c9, 0x457b, 0x461e, 0x4ddd, 0x1966, 0x2aac, 0x4e1f, 0x463e, 0x463e, 0x4dfe, 0x22ad, 0x08a3, 0x08e4, 0x3370, 0x461e, 0x463e, 
 0x463e, 0x45dd, 0x2a2b, 0x08a3, 0x4e3e, 0x463e, 0x4dbc, 0x19c9, 0x1167, 0x1167, 0x1167, 0x1967, 0x10c4, 0x0000, 0x0000, 0x0000, 
 0x0000, 0x19a7, 0x4ddd, 0x461e, 0x4559, 0x11a8, 0x1187, 0x22ad, 0x45fd, 0x461e, 0x3cd7, 0x0062, 0x3c34, 0x461e, 0x461e, 0x2a8c, 
 0x10e4, 0x222b, 0x4d9b, 0x461e, 0x4ddc, 0x1126, 0x1a0a, 0x461e, 0x461e, 0x44d8, 0x1988, 0x1167, 0x1167, 0x1167, 0x1167, 0x0862, 
 0x19a8, 0x4dfd, 0x463e, 0x55fc, 0x1167, 0x1167, 0x3c34, 0x45fe, 0x45fe, 0x3bf3, 0x0000,
 0x330e, 0x4dfd, 0x461e, 0x4e1e, 0x4e1e, 0x4e1e, 0x4e1e, 0x4e1e, 0x4e1e, 0x3bf3, 0x0862, 0x44d7, 0x461e, 0x461e, 0x4e1e, 0x4e1e, 
 0x4e1e, 0x461e, 0x461e, 0x55bc, 0x29a8, 0x2acd, 0x4e1f, 0x461e, 0x461e, 0x4539, 0x08c4, 0x0000, 0x2106, 0x1104, 0x3cb7, 0x461e, 
 0x463e, 0x45fd, 0x2a4b, 0x08a3, 0x55fd, 0x461e, 0x4e3e, 0x4e1e, 0x4e1e, 0x461e, 0x4e1e, 0x4e1e, 0x332f, 0x0841, 0x0000, 0x0000, 
 0x0000, 0x1987, 0x4ddc, 0x461e, 0x463e, 0x4e3e, 0x4e1e, 0x4e1e, 0x461e, 0x461e, 0x4cd7, 0x42ab, 0x3c34, 0x461e, 0x463e, 0x2a8c, 
 0x0906, 0x228c, 0x4d9b, 0x461e, 0x4ddc, 0x1146, 0x222a, 0x4e1d, 0x461e, 0x4e1e, 0x4e1e, 0x4e1e, 0x4e1e, 0x4e1e, 0x561d, 0x1988, 
 0x19a8, 0x4ddd, 0x461f, 0x461f, 0x4e1e, 0x4e1e, 0x461e, 0x461e, 0x4dfd, 0x43d2, 0x0000,
 0x10e4, 0x43b2, 0x4ddd, 0x4e1e, 0x4e1e, 0x4e3e, 0x4e1e, 0x4e1e, 0x4e1e, 0x3bf3, 0x0021, 0x1966, 0x4d18, 0x4e1e, 0x4e3e, 0x4e1e, 
 0x4e1e, 0x4e1e, 0x4d5a, 0x2a2a, 0x0862, 0x330f, 0x4e1e, 0x4e1e, 0x4d9b, 0x2a6b, 0x10e4, 0x0000, 0x0000, 0x10c4, 0x32ad, 0x4dfd, 
 0x4e1e, 0x4dfd, 0x2a6b, 0x21c8, 0x2a6b, 0x4dbc, 0x461e, 0x463e, 0x463e, 0x4e1e, 0x463e, 0x463e, 0x3350, 0x0041, 0x0000, 0x0000, 
 0x0000, 0x0000, 0x32ad, 0x457b, 0x4e1e, 0x4e1e, 0x461e, 0x461e, 0x461e, 0x3c34, 0x21ea, 0x3bd2, 0x3c14, 0x461e, 0x4e1e, 0x2aad, 
 0x1a2b, 0x226d, 0x4d9b, 0x4e1e, 0x4ddd, 0x1966, 0x08a3, 0x3b70, 0x4dfd, 0x461e, 0x461e, 0x4e1e, 0x4e1e, 0x4e1e, 0x4e1e, 0x21a8, 
 0x19a8, 0x4ddd, 0x4e1e, 0x4e1e, 0x4e3e, 0x4e1e, 0x4e3e, 0x4e1e, 0x4413, 0x0863, 0x0000,
 0x2124, 0x0882, 0x00c5, 0x00e6, 0x08e6, 0x0906, 0x08e6, 0x00c5, 0x08e6, 0x08a4, 0x0061, 0x1124, 0x08c4, 0x00e6, 0x00c5, 0x00c5, 
 0x00e6, 0x00e6, 0x08c5, 0x1926, 0x0082, 0x0062, 0x00e6, 0x0106, 0x08e5, 0x1104, 0x0208, 0x0000, 0x0000, 0x0208, 0x0882, 0x0905, 
 0x1168, 0x1147, 0x1105, 0x3b70, 0x2b30, 0x1188, 0x11a9, 0x11a9, 0x11a9, 0x11a9, 0x1188, 0x11c9, 0x1188, 0x5cd6, 0x5474, 0x0882, 
 0x0000, 0x0000, 0x08c3, 0x0084, 0x00e5, 0x0906, 0x11c9, 0x19ea, 0x1167, 0x224b, 0x2c35, 0x3415, 0x1168, 0x11ea, 0x220a, 0x1125, 
 0x44b7, 0x228d, 0x11a8, 0x0947, 0x0106, 0x0863, 0x1084, 0x0882, 0x08e5, 0x00e5, 0x00e6, 0x00e6, 0x00e6, 0x0106, 0x0906, 0x0882, 
 0x0862, 0x00a5, 0x00c5, 0x00c5, 0x00e5, 0x00e6, 0x0106, 0x08e5, 0x1083, 0x1986, 0x0000,
 0x0000, 0x0000, 0x00a2, 0x0084, 0x0084, 0x0084, 0x0084, 0x0084, 0x00a4, 0x00c3, 0x0000, 0x0000, 0x00a2, 0x00a5, 0x0084, 0x0084, 
 0x0084, 0x0084, 0x00a2, 0x0000, 0x0000, 0x0003, 0x00a2, 0x00a4, 0x00a2, 0x0000, 0x0000, 0x0000, 0x0000, 0x0000, 0x0000, 0x11c9, 
 0x23b2, 0x21e9, 0x10c3, 0x1105, 0x3497, 0x2456, 0x2436, 0x2436, 0x2436, 0x2c35, 0x434f, 0x2436, 0x2456, 0x2477, 0x2477, 0x4433, 
 0x0083, 0x0084, 0x00a3, 0x33b1, 0x4496, 0x3c76, 0x2436, 0x2456, 0x4c12, 0x4434, 0x2477, 0x1c57, 0x2415, 0x2c76, 0x4b91, 0x10e4, 
 0x44b7, 0x228c, 0x2bb3, 0x2b0e, 0x08e5, 0x0005, 0x0000, 0x0000, 0x00a4, 0x00a4, 0x00a4, 0x00a4, 0x00a4, 0x00a4, 0x00a4, 0x10a2, 
 0x00a2, 0x00a2, 0x00a4, 0x0084, 0x0084, 0x0084, 0x00a4, 0x00a2, 0x0004, 0x0000, 0x0000,
 0x0000, 0x0000, 0x0000, 0x0000, 0x0000, 0x0000, 0x0000, 0x0000, 0x0000, 0x0000, 0x0000, 0x0000, 0x0000, 0x0000, 0x0000, 0x0000, 
 0x0000, 0x0000, 0x0000, 0x0000, 0x0000, 0x0000, 0x0000, 0x0000, 0x0000, 0x0000, 0x0000, 0x0000, 0x0000, 0x0000, 0x0000, 0x11ea, 
 0x23b3, 0x0082, 0x10e3, 0x0883, 0x2b0f, 0x2498, 0x1c77, 0x1c77, 0x2c98, 0x3bd3, 0x1aad, 0x1c57, 0x1c77, 0x1c77, 0x1c77, 0x2457, 
 0x22ef, 0x0083, 0x1acf, 0x2477, 0x1c98, 0x2478, 0x1c77, 0x1c77, 0x2c35, 0x2aad, 0x2456, 0x2498, 0x2cd8, 0x3bb1, 0x1105, 0x08c4, 
 0x2a6c, 0x1a0a, 0x2c56, 0x19e9, 0x1148, 0x0000, 0x0000, 0x0000, 0x0000, 0x0000, 0x0000, 0x0000, 0x0000, 0x0000, 0x0000, 0x0000, 
 0x0000, 0x0000, 0x0000, 0x0000, 0x0000, 0x0000, 0x0000, 0x0000, 0x0000, 0x0000, 0x0000,
 0x0000, 0x0000, 0x0000, 0x0000, 0x0000, 0x0000, 0x0000, 0x0000, 0x0000, 0x0000, 0x0000, 0x0000, 0x0000, 0x0000, 0x0000, 0x0000, 
 0x0000, 0x0000, 0x0000, 0x0000, 0x0000, 0x0000, 0x0000, 0x0000, 0x0000, 0x0000, 0x0000, 0x0000, 0x0000, 0x0000, 0x0000, 0x11ea, 
 0x23d4, 0x08a3, 0x0000, 0x0104, 0x1105, 0x3498, 0x2477, 0x2c97, 0x220b, 0x1105, 0x1aae, 0x1bf5, 0x1c57, 0x1c77, 0x1c77, 0x1c56, 
 0x1bf4, 0x1147, 0x1c35, 0x1c77, 0x2478, 0x1c77, 0x1c77, 0x1c77, 0x2457, 0x3350, 0x4c54, 0x44d7, 0x3330, 0x08a3, 0x18e3, 0x0000, 
 0x1105, 0x3351, 0x44d8, 0x0882, 0x0000, 0x0000, 0x0000, 0x0000, 0x0000, 0x0000, 0x0000, 0x0000, 0x0000, 0x0000, 0x0000, 0x0000, 
 0x0000, 0x0000, 0x0000, 0x0000, 0x0000, 0x0000, 0x0000, 0x0000, 0x0000, 0x0000, 0x0000,
 0x0000, 0x0000, 0x0000, 0x0000, 0x0000, 0x0000, 0x0000, 0x0000, 0x0000, 0x0000, 0x0000, 0x0000, 0x0000, 0x0000, 0x0000, 0x0000, 
 0x0000, 0x0000, 0x0000, 0x0000, 0x0000, 0x0000, 0x0000, 0x0000, 0x0000, 0x0000, 0x0000, 0x0000, 0x0000, 0x0000, 0x0000, 0x1a4c, 
 0x3cf8, 0x08c4, 0x0000, 0x0000, 0x0020, 0x29e9, 0x54b6, 0x19c9, 0x2b0f, 0x33d3, 0x08a3, 0x0905, 0x3392, 0x2457, 0x2436, 0x1a6c, 
 0x0925, 0x0947, 0x2c36, 0x2c56, 0x2456, 0x1c57, 0x1c77, 0x1c57, 0x2477, 0x3350, 0x32ee, 0x2371, 0x1926, 0x2104, 0x0000, 0x1082, 
 0x10e4, 0x4539, 0x22ad, 0x08a3, 0x0000, 0x0000, 0x0000, 0x0000, 0x0000, 0x0000, 0x0000, 0x0000, 0x0000, 0x0000, 0x0000, 0x0000, 
 0x0000, 0x0000, 0x0000, 0x0000, 0x0000, 0x0000, 0x0000, 0x0000, 0x0000, 0x0000, 0x0000,
 0x0000, 0x0000, 0x0000, 0x0000, 0x0000, 0x0000, 0x0000, 0x0000, 0x0000, 0x0000, 0x0000, 0x0000, 0x0000, 0x0000, 0x0000, 0x0000, 
 0x0000, 0x0000, 0x0000, 0x0000, 0x0000, 0x0000, 0x0000, 0x0000, 0x0000, 0x0000, 0x0000, 0x0000, 0x0000, 0x0000, 0x0000, 0x222b, 
 0x4519, 0x1967, 0x0000, 0x0000, 0x0000, 0x0883, 0x226c, 0x1bb3, 0x2477, 0x34d8, 0x2a8c, 0x2bd3, 0x21ea, 0x19a8, 0x19a8, 0x2a8d, 
 0x4476, 0x1147, 0x224c, 0x1105, 0x19e9, 0x1b31, 0x2477, 0x23b3, 0x21e9, 0x10c3, 0x0968, 0x34f9, 0x21e9, 0x318c, 0x0000, 0x1105, 
 0x2aee, 0x457b, 0x1167, 0x0186, 0x0000, 0x0000, 0x0000, 0x0000, 0x0000, 0x0000, 0x0000, 0x0000, 0x0000, 0x0000, 0x0000, 0x0000, 
 0x0000, 0x0000, 0x0000, 0x0000, 0x0000, 0x0000, 0x0000, 0x0000, 0x0000, 0x0000, 0x0000,
 0x0000, 0x0000, 0x0000, 0x0000, 0x0000, 0x0000, 0x0000, 0x0000, 0x0000, 0x0000, 0x0000, 0x0000, 0x0000, 0x0000, 0x0000, 0x0000, 
 0x0000, 0x0000, 0x0000, 0x0000, 0x0000, 0x0000, 0x0000, 0x0000, 0x0000, 0x0000, 0x0000, 0x0000, 0x0000, 0x0000, 0x0000, 0x1967, 
 0x4519, 0x3370, 0x0020, 0x0000, 0x0000, 0x1167, 0x2456, 0x24d9, 0x45bd, 0x45dd, 0x32ce, 0x557a, 0x459c, 0x2bb2, 0x3c75, 0x45bc, 
 0x3371, 0x1126, 0x224c, 0x230f, 0x2b71, 0x1106, 0x08c5, 0x08e5, 0x3391, 0x2aee, 0x0967, 0x34f9, 0x220a, 0x318c, 0x0000, 0x1105, 
 0x5559, 0x2b0f, 0x00a3, 0x0000, 0x0000, 0x0000, 0x0000, 0x0000, 0x0000, 0x0000, 0x0000, 0x0000, 0x0000, 0x0000, 0x0000, 0x0000, 
 0x0000, 0x0000, 0x0000, 0x0000, 0x0000, 0x0000, 0x0000, 0x0000, 0x0000, 0x0000, 0x0000,
 0x0000, 0x0000, 0x0000, 0x0000, 0x0000, 0x0000, 0x0000, 0x0000, 0x0000, 0x0000, 0x0000, 0x0000, 0x0000, 0x0000, 0x0000, 0x0000, 
 0x0000, 0x0000, 0x0000, 0x0000, 0x0000, 0x0000, 0x0000, 0x0000, 0x0000, 0x0000, 0x0000, 0x0000, 0x0000, 0x0000, 0x0000, 0x1104, 
 0x4475, 0x4cd7, 0x0882, 0x0000, 0x0000, 0x19e9, 0x3d5a, 0x45fe, 0x461e, 0x45fd, 0x43f3, 0x2a8c, 0x45dd, 0x45fd, 0x45fd, 0x4dbc, 
 0x08e5, 0x1126, 0x228d, 0x1a0a, 0x4d9c, 0x455a, 0x2351, 0x3cd8, 0x459c, 0x224b, 0x2b0f, 0x3c14, 0x1967, 0x000a, 0x1126, 0x4496, 
 0x4cd7, 0x1147, 0x0000, 0x0000, 0x0000, 0x0000, 0x0000, 0x0000, 0x0000, 0x0000, 0x0000, 0x0000, 0x0000, 0x0000, 0x0000, 0x0000, 
 0x0000, 0x0000, 0x0000, 0x0000, 0x0000, 0x0000, 0x0000, 0x0000, 0x0000, 0x0000, 0x0000,
 0x0000, 0x0000, 0x0000, 0x0000, 0x0000, 0x0000, 0x0000, 0x0000, 0x0000, 0x0000, 0x0000, 0x0000, 0x0000, 0x0000, 0x0000, 0x0000, 
 0x0000, 0x0000, 0x0000, 0x0000, 0x0000, 0x0000, 0x0000, 0x0000, 0x0000, 0x0000, 0x0000, 0x0000, 0x0000, 0x0000, 0x0000, 0x0002, 
 0x3b50, 0x4d5a, 0x21e8, 0x0001, 0x0000, 0x2209, 0x4ddd, 0x461e, 0x45fd, 0x3392, 0x21e8, 0x2b50, 0x45bc, 0x4e1e, 0x461e, 0x353a, 
 0x1a2b, 0x08c3, 0x2b0f, 0x21e9, 0x44d8, 0x461e, 0x45fe, 0x461e, 0x4d39, 0x1125, 0x2bb2, 0x3b71, 0x0001, 0x21c8, 0x3b91, 0x4d19, 
 0x2a6b, 0x08e3, 0x0000, 0x0000, 0x0000, 0x0000, 0x0000, 0x0000, 0x0000, 0x0000, 0x0000, 0x0000, 0x0000, 0x0000, 0x0000, 0x0000, 
 0x0000, 0x0000, 0x0000, 0x0000, 0x0000, 0x0000, 0x0000, 0x0000, 0x0000, 0x0000, 0x0000,
 0x0000, 0x0000, 0x0000, 0x0000, 0x0000, 0x0000, 0x0000, 0x0000, 0x0000, 0x0000, 0x0000, 0x0000, 0x0000, 0x0000, 0x0000, 0x0000, 
 0x0000, 0x0000, 0x0000, 0x0000, 0x0000, 0x0000, 0x0000, 0x0000, 0x0000, 0x0000, 0x0000, 0x0000, 0x0000, 0x0000, 0x0000, 0x0000, 
 0x10c4, 0x44b7, 0x5496, 0x08a3, 0x08e4, 0x1105, 0x44b7, 0x45fe, 0x459b, 0x1146, 0x2ace, 0x457b, 0x4dfe, 0x461e, 0x45fe, 0x4ddd, 
 0x3cf8, 0x2a6b, 0x08a2, 0x1126, 0x3476, 0x461e, 0x461e, 0x461e, 0x4d7b, 0x1187, 0x0905, 0x1146, 0x1105, 0x224b, 0x4d3a, 0x19e9, 
 0x08e4, 0x0000, 0x0000, 0x0000, 0x0000, 0x0000, 0x0000, 0x0000, 0x0000, 0x0000, 0x0000, 0x0000, 0x0000, 0x0000, 0x0000, 0x0000, 
 0x0000, 0x0000, 0x0000, 0x0000, 0x0000, 0x0000, 0x0000, 0x0000, 0x0000, 0x0000, 0x0000,
 0x0000, 0x0000, 0x0000, 0x0000, 0x0000, 0x0000, 0x0000, 0x0000, 0x0000, 0x0000, 0x0000, 0x0000, 0x0000, 0x0000, 0x0000, 0x0000, 
 0x0000, 0x0000, 0x0000, 0x0000, 0x0000, 0x0000, 0x0000, 0x0000, 0x0000, 0x0000, 0x0000, 0x0000, 0x0000, 0x0000, 0x0000, 0x0000, 
 0x08a3, 0x2aee, 0x459b, 0x19c9, 0x19ea, 0x1a8d, 0x08e5, 0x3c55, 0x457b, 0x1188, 0x2a6c, 0x2a8c, 0x3b91, 0x4ddd, 0x4d9c, 0x2aad, 
 0x226b, 0x21c8, 0x08c4, 0x2bf4, 0x45dd, 0x461e, 0x461e, 0x45fe, 0x45fd, 0x2c35, 0x1126, 0x29e9, 0x43b2, 0x559b, 0x330f, 0x10c4, 
 0x0000, 0x0000, 0x0000, 0x0000, 0x0000, 0x0000, 0x0000, 0x0000, 0x0000, 0x0000, 0x0000, 0x0000, 0x0000, 0x0000, 0x0000, 0x0000, 
 0x0000, 0x0000, 0x0000, 0x0000, 0x0000, 0x0000, 0x0000, 0x0000, 0x0000, 0x0000, 0x0000,
 0x0000, 0x0000, 0x0000, 0x0000, 0x0000, 0x0000, 0x0000, 0x0000, 0x0000, 0x0000, 0x0000, 0x0000, 0x0000, 0x0000, 0x0000, 0x0000, 
 0x0000, 0x0000, 0x0000, 0x0000, 0x0000, 0x0000, 0x0000, 0x0000, 0x0000, 0x0000, 0x0000, 0x0000, 0x0000, 0x0000, 0x0000, 0x0000, 
 0x0000, 0x08c4, 0x3bb2, 0x4dbb, 0x3371, 0x457b, 0x22ef, 0x220a, 0x3371, 0x55dc, 0x55fd, 0x4dbb, 0x21c8, 0x4496, 0x3bb1, 0x2187, 
 0x4b90, 0x0041, 0x3229, 0x4370, 0x43b1, 0x3c76, 0x45fe, 0x4497, 0x3350, 0x43b1, 0x3aac, 0x21c9, 0x4d39, 0x43d2, 0x19a7, 0x0000, 
 0x0000, 0x0000, 0x0000, 0x0000, 0x0000, 0x0000, 0x0000, 0x0000, 0x0000, 0x0000, 0x0000, 0x0000, 0x0000, 0x0000, 0x0000, 0x0000, 
 0x0000, 0x0000, 0x0000, 0x0000, 0x0000, 0x0000, 0x0000, 0x0000, 0x0000, 0x0000, 0x0000,
 0x0000, 0x0000, 0x0000, 0x0000, 0x0000, 0x0000, 0x0000, 0x0000, 0x0000, 0x0000, 0x0000, 0x0000, 0x0000, 0x0000, 0x0000, 0x0000, 
 0x0000, 0x0000, 0x0000, 0x0000, 0x0000, 0x0000, 0x0000, 0x0000, 0x0000, 0x0000, 0x0000, 0x0000, 0x0000, 0x0000, 0x0000, 0x0000, 
 0x0000, 0x1124, 0x1105, 0x4cb6, 0x4d39, 0x2aad, 0x44d8, 0x44f8, 0x230f, 0x32ce, 0x230f, 0x2ace, 0x21a7, 0x32ac, 0x08c3, 0x3a49, 
 0x2187, 0x0861, 0x0882, 0x2a0a, 0x4c34, 0x10e5, 0x3cf8, 0x1987, 0x32ce, 0x330e, 0x4434, 0x4d7b, 0x224b, 0x10c3, 0x2aaa, 0x0000, 
 0x0000, 0x0000, 0x0000, 0x0000, 0x0000, 0x0000, 0x0000, 0x0000, 0x0000, 0x0000, 0x0000, 0x0000, 0x0000, 0x0000, 0x0000, 0x0000, 
 0x0000, 0x0000, 0x0000, 0x0000, 0x0000, 0x0000, 0x0000, 0x0000, 0x0000, 0x0000, 0x0000,
 0x0000, 0x0000, 0x0000, 0x0000, 0x0000, 0x0000, 0x0000, 0x0000, 0x0000, 0x0000, 0x0000, 0x0000, 0x0000, 0x0000, 0x0000, 0x0000, 
 0x0000, 0x0000, 0x0000, 0x0000, 0x0000, 0x0000, 0x0000, 0x0000, 0x0000, 0x0000, 0x0000, 0x0000, 0x0000, 0x0000, 0x0000, 0x0000, 
 0x0000, 0x0000, 0x1926, 0x1105, 0x3c14, 0x4539, 0x1a0a, 0x4496, 0x3d19, 0x2bf4, 0x22ae, 0x0062, 0x0862, 0x10c3, 0x0882, 0x18e3, 
 0x0000, 0x0000, 0x1082, 0x08c3, 0x32ac, 0x1105, 0x32cd, 0x0061, 0x21e9, 0x4413, 0x4d39, 0x224b, 0x08c3, 0x0145, 0x0000, 0x0000, 
 0x0000, 0x0000, 0x0000, 0x0000, 0x0000, 0x0000, 0x0000, 0x0000, 0x0000, 0x0000, 0x0000, 0x0000, 0x0000, 0x0000, 0x0000, 0x0000, 
 0x0000, 0x0000, 0x0000, 0x0000, 0x0000, 0x0000, 0x0000, 0x0000, 0x0000, 0x0000, 0x0000,
 0x0000, 0x0000, 0x0000, 0x0000, 0x0000, 0x0000, 0x0000, 0x0000, 0x0000, 0x0000, 0x0000, 0x0000, 0x0000, 0x0000, 0x0000, 0x0000, 
 0x0000, 0x0000, 0x0000, 0x0000, 0x0000, 0x0000, 0x0000, 0x0000, 0x0000, 0x0000, 0x0000, 0x0000, 0x0000, 0x0000, 0x0000, 0x0000, 
 0x0000, 0x0000, 0x0000, 0x08c3, 0x1105, 0x4455, 0x5539, 0x2b0f, 0x222b, 0x3bb2, 0x3455, 0x220a, 0x0883, 0x0000, 0x0000, 0x0000, 
 0x0000, 0x0000, 0x0883, 0x1a0a, 0x3c35, 0x3aed, 0x1926, 0x222b, 0x4cd7, 0x4454, 0x1146, 0x08a3, 0x0000, 0x0000, 0x0000, 0x0000, 
 0x0000, 0x0000, 0x0000, 0x0000, 0x0000, 0x0000, 0x0000, 0x0000, 0x0000, 0x0000, 0x0000, 0x0000, 0x0000, 0x0000, 0x0000, 0x0000, 
 0x0000, 0x0000, 0x0000, 0x0000, 0x0000, 0x0000, 0x0000, 0x0000, 0x0000, 0x0000, 0x0000,
 0x0000, 0x0000, 0x0000, 0x0000, 0x0000, 0x0000, 0x0000, 0x0000, 0x0000, 0x0000, 0x0000, 0x0000, 0x0000, 0x0000, 0x0000, 0x0000, 
 0x0000, 0x0000, 0x0000, 0x0000, 0x0000, 0x0000, 0x0000, 0x0000, 0x0000, 0x0000, 0x0000, 0x0000, 0x0000, 0x0000, 0x0000, 0x0000, 
 0x0000, 0x0000, 0x0000, 0x0000, 0x0000, 0x0883, 0x2aad, 0x3cb7, 0x4d5a, 0x332f, 0x222b, 0x5413, 0x1946, 0x0882, 0x0082, 0x0882, 
 0x0882, 0x1105, 0x08e4, 0x4390, 0x2a4b, 0x2b0f, 0x555a, 0x4cb7, 0x226c, 0x08e5, 0x00a2, 0x0000, 0x0000, 0x0000, 0x0000, 0x0000, 
 0x0000, 0x0000, 0x0000, 0x0000, 0x0000, 0x0000, 0x0000, 0x0000, 0x0000, 0x0000, 0x0000, 0x0000, 0x0000, 0x0000, 0x0000, 0x0000, 
 0x0000, 0x0000, 0x0000, 0x0000, 0x0000, 0x0000, 0x0000, 0x0000, 0x0000, 0x0000, 0x0000,
 0x0000, 0x0000, 0x0000, 0x0000, 0x0000, 0x0000, 0x0000, 0x0000, 0x0000, 0x0000, 0x0000, 0x0000, 0x0000, 0x0000, 0x0000, 0x0000, 
 0x0000, 0x0000, 0x0000, 0x0000, 0x0000, 0x0000, 0x0000, 0x0000, 0x0000, 0x0000, 0x0000, 0x0000, 0x0000, 0x0000, 0x0000, 0x0000, 
 0x0000, 0x0000, 0x0000, 0x0000, 0x0000, 0x0000, 0x0861, 0x08e5, 0x1a2c, 0x3391, 0x3c14, 0x4cf8, 0x44f8, 0x3bd2, 0x2acd, 0x2acd, 
 0x32cd, 0x4cb6, 0x4cf8, 0x4cd8, 0x3c14, 0x3391, 0x2a8d, 0x1126, 0x0842, 0x0000, 0x0000, 0x0000, 0x0000, 0x0000, 0x0000, 0x0000, 
 0x0000, 0x0000, 0x0000, 0x0000, 0x0000, 0x0000, 0x0000, 0x0000, 0x0000, 0x0000, 0x0000, 0x0000, 0x0000, 0x0000, 0x0000, 0x0000, 
 0x0000, 0x0000, 0x0000, 0x0000, 0x0000, 0x0000, 0x0000, 0x0000, 0x0000, 0x0000, 0x0000,
 0x0000, 0x0000, 0x0000, 0x0000, 0x0000, 0x0000, 0x0000, 0x0000, 0x0000, 0x0000, 0x0000, 0x0000, 0x0000, 0x0000, 0x0000, 0x0000, 
 0x0000, 0x0000, 0x0000, 0x0000, 0x0000, 0x0000, 0x0000, 0x0000, 0x0000, 0x0000, 0x0000, 0x0000, 0x0000, 0x0000, 0x0000, 0x0000, 
 0x0000, 0x0000, 0x0000, 0x0000, 0x0000, 0x0000, 0x0000, 0x000f, 0x00c3, 0x0082, 0x1104, 0x220a, 0x222a, 0x3bf3, 0x4455, 0x3c55, 
 0x3c55, 0x3391, 0x224b, 0x220a, 0x1946, 0x0061, 0x18e3, 0x000a, 0x0000, 0x0000, 0x0000, 0x0000, 0x0000, 0x0000, 0x0000, 0x0000, 
 0x0000, 0x0000, 0x0000, 0x0000, 0x0000, 0x0000, 0x0000, 0x0000, 0x0000, 0x0000, 0x0000, 0x0000, 0x0000, 0x0000, 0x0000, 0x0000, 
 0x0000, 0x0000, 0x0000, 0x0000, 0x0000, 0x0000, 0x0000, 0x0000, 0x0000, 0x0000, 0x0000,
 0x0000, 0x0000, 0x0000, 0x0000, 0x0000, 0x0000, 0x0000, 0x0000, 0x0000, 0x0000, 0x0000, 0x0000, 0x0000, 0x0000, 0x0000, 0x0000, 
 0x0000, 0x0000, 0x0000, 0x0000, 0x0000, 0x0000, 0x0000, 0x0000, 0x0000, 0x0000, 0x0000, 0x0000, 0x0000, 0x0000, 0x0000, 0x0000, 
 0x0000, 0x0000, 0x0000, 0x0000, 0x0000, 0x0000, 0x0000, 0x0000, 0x0000, 0x0000, 0x0104, 0x19c7, 0x2a0a, 0x1125, 0x1125, 0x1125, 
 0x0925, 0x0904, 0x122b, 0x2208, 0x2945, 0x0000, 0x0000, 0x0000, 0x0000, 0x0000, 0x0000, 0x0000, 0x0000, 0x0000, 0x0000, 0x0000, 
 0x0000, 0x0000, 0x0000, 0x0000, 0x0000, 0x0000, 0x0000, 0x0000, 0x0000, 0x0000, 0x0000, 0x0000, 0x0000, 0x0000, 0x0000, 0x0000, 
 0x0000, 0x0000, 0x0000, 0x0000, 0x0000, 0x0000, 0x0000, 0x0000, 0x0000, 0x0000, 0x0000,
 0x0000, 0x0000, 0x0000, 0x0000, 0x0000, 0x0000, 0x0000, 0x0000, 0x0000, 0x0000, 0x0000, 0x0000, 0x0000, 0x0000, 0x0000, 0x0000, 
 0x0000, 0x0000, 0x0000, 0x0000, 0x0000, 0x0000, 0x0000, 0x0000, 0x0000, 0x0000, 0x0000, 0x0000, 0x0000, 0x0000, 0x0000, 0x0000, 
 0x0000, 0x0000, 0x0000, 0x0000, 0x0000, 0x0000, 0x0000, 0x0000, 0x0000, 0x0000, 0x0000, 0x0000, 0x0000, 0x0000, 0x0000, 0x0000, 
 0x0000, 0x0000, 0x0000, 0x0000, 0x0000, 0x0000, 0x0000, 0x0000, 0x0000, 0x0000, 0x0000, 0x0000, 0x0000, 0x0000, 0x0000, 0x0000, 
 0x0000, 0x0000, 0x0000, 0x0000, 0x0000, 0x0000, 0x0000, 0x0000, 0x0000, 0x0000, 0x0000, 0x0000, 0x0000, 0x0000, 0x0000, 0x0000, 
 0x0000, 0x0000, 0x0000, 0x0000, 0x0000, 0x0000, 0x0000, 0x0000, 0x0000, 0x0000, 0x0000,
 0x0000, 0x0000, 0x0000, 0x0000, 0x0000, 0x0000, 0x0000, 0x0000, 0x0000, 0x0000, 0x0000, 0x0000, 0x0000, 0x0000, 0x0000, 0x0000, 
 0x0000, 0x0000, 0x0000, 0x0000, 0x0000, 0x0000, 0x0000, 0x0000, 0x0000, 0x0000, 0x0000, 0x0000, 0x0000, 0x0000, 0x0000, 0x0000, 
 0x0000, 0x0000, 0x0000, 0x0000, 0x0000, 0x0000, 0x0000, 0x0000, 0x0000, 0x0000, 0x0000, 0x0000, 0x0000, 0x0000, 0x0000, 0x0000, 
 0x0000, 0x0000, 0x0000, 0x0000, 0x0000, 0x0000, 0x0000, 0x0000, 0x0000, 0x0000, 0x0000, 0x0000, 0x0000, 0x0000, 0x0000, 0x0000, 
 0x0000, 0x0000, 0x0000, 0x0000, 0x0000, 0x0000, 0x0000, 0x0000, 0x0000, 0x0000, 0x0000, 0x0000, 0x0000, 0x0000, 0x0000, 0x0000, 
 0x0000, 0x0000, 0x0000, 0x0000, 0x0000, 0x0000, 0x0000, 0x0000, 0x0000, 0x0000, 0x0000,
 0x0000, 0x0000, 0x0000, 0x0000, 0x0000, 0x0000, 0x0000, 0x0000, 0x0000, 0x0000, 0x0000, 0x0000, 0x0000, 0x0000, 0x0000, 0x0000, 
 0x0000, 0x0000, 0x0000, 0x0000, 0x0000, 0x0000, 0x0000, 0x0000, 0x0000, 0x0000, 0x0000, 0x0000, 0x0000, 0x0000, 0x0000, 0x0000, 
 0x0000, 0x0000, 0x0000, 0x0000, 0x0000, 0x0000, 0x0000, 0x0000, 0x0000, 0x0000, 0x0000, 0x0000, 0x0000, 0x0000, 0x0000, 0x0000, 
 0x0000, 0x0000, 0x0000, 0x0000, 0x0000, 0x0000, 0x0000, 0x0000, 0x0000, 0x0000, 0x0000, 0x0000, 0x0000, 0x0000, 0x0000, 0x0000, 
 0x0000, 0x0000, 0x0000, 0x0000, 0x0000, 0x0000, 0x0000, 0x0000, 0x0000, 0x0000, 0x0000, 0x0000, 0x0000, 0x0000, 0x0000, 0x0000, 
 0x0000, 0x0000, 0x0000, 0x0000, 0x0000, 0x0000, 0x0000, 0x0000, 0x0000, 0x0000, 0x0000,
 0x0000, 0x0000, 0x0000, 0x0000, 0x0000, 0x0000, 0x0000, 0x0000, 0x0000, 0x0000, 0x0000, 0x0000, 0x0000, 0x0000, 0x0000, 0x0000, 
 0x0000, 0x0000, 0x0000, 0x0000, 0x0000, 0x0000, 0x0000, 0x0000, 0x0000, 0x0000, 0x0000, 0x0000, 0x0000, 0x0000, 0x0000, 0x0000, 
 0x0000, 0x0000, 0x0000, 0x0000, 0x0000, 0x0000, 0x0000, 0x0000, 0x0000, 0x0000, 0x0000, 0x0000, 0x0000, 0x0000, 0x0000, 0x0000, 
 0x0000, 0x0000, 0x0000, 0x0000, 0x0000, 0x0000, 0x0000, 0x0000, 0x0000, 0x0000, 0x0000, 0x0000, 0x0000, 0x0000, 0x0000, 0x0000, 
 0x0000, 0x0000, 0x0000, 0x0000, 0x0000, 0x0000, 0x0000, 0x0000, 0x0000, 0x0000, 0x0000, 0x0000, 0x0000, 0x0000, 0x0000, 0x0000, 
 0x0000, 0x0000, 0x0000, 0x0000, 0x0000, 0x0000, 0x0000, 0x0000, 0x0000, 0x0000, 0x0000
};

const uint16_t SUILogo[] = {
 0x0000, 0x0000, 0x0000, 0x0000, 0x0000, 0x0000, 0x0000, 0x0000, 0x0000, 0x0000, 0x0000, 0x0000, 0x0000, 0x0000, 0x0000, 0x0000, 
 0x0000, 0x0000, 0x0000, 0x0000, 0x0000, 0x0000, 0x0000, 0x0000, 0x0000, 0x0000, 0x0000, 0x0000, 0x0000, 0x0000, 0x0000, 0x0000, 
 0x0000, 0x0000, 0x0000, 0x0000, 0x0000, 0x0000, 0x0000, 0x0000, 0x0000, 0x0000, 0x0000, 0x0000, 0x0000, 0x0000, 0x0000, 0x0000, 
 0x0000, 0x0000, 0x0000, 0x0000, 0x0000, 0x0000, 0x0000, 0x0000, 0x0000, 0x0000, 0x0000, 0x0000, 0x0000, 0x0000, 0x0000, 0x0000, 
 0x0000, 0x0000, 0x0000, 0x0000, 0x0000, 0x0000, 0x0000, 0x0000, 0x0000, 0x0000, 0x0000, 0x0000, 0x0000, 0x0000, 0x0000, 0x0000, 
 0x0000, 0x0000, 0x0000, 0x0000, 0x0000, 0x0000, 0x0000, 0x0000, 0x0000, 0x0000, 0x0000, 0x0000, 0x0000, 0x0000, 0x0000, 0x0000, 
 0x0000, 0x0000, 0x0000, 0x0000, 0x0000, 0x0000, 0x0000, 0x0000, 0x0000, 0x0000, 0x0000, 0x0000, 0x0000, 0x0000, 0x0000, 0x0000,
 0x0000, 0x0000, 0x0000, 0x0000, 0x0000, 0x0000, 0x0000, 0x0000, 0x0000, 0x0000, 0x0000, 0x0000, 0x0000, 0x0000, 0x0000, 0x0000, 
 0x0000, 0x0000, 0x0000, 0x0000, 0x0000, 0x0000, 0x0000, 0x0000, 0x0000, 0x0000, 0x0000, 0x0000, 0x0000, 0x0000, 0x0000, 0x0000, 
 0x0000, 0x0000, 0x0000, 0x0000, 0x0000, 0x0000, 0x0000, 0x0000, 0x0000, 0x0000, 0x0000, 0x0000, 0x0000, 0x0000, 0x0000, 0x0000, 
 0x0000, 0x0000, 0x0000, 0x0000, 0x0000, 0x0000, 0x0000, 0x0000, 0x0000, 0x0000, 0x0000, 0x0000, 0x0000, 0x0000, 0x0000, 0x0000, 
 0x0000, 0x0000, 0x0000, 0x0000, 0x0000, 0x0000, 0x0000, 0x0000, 0x0000, 0x0000, 0x0000, 0x0000, 0x0000, 0x0000, 0x0000, 0x0000, 
 0x0000, 0x0000, 0x0000, 0x0000, 0x0000, 0x0000, 0x0000, 0x0000, 0x0000, 0x0000, 0x0000, 0x0000, 0x0000, 0x0000, 0x0000, 0x0000, 
 0x0000, 0x0000, 0x0000, 0x0000, 0x0000, 0x0000, 0x0000, 0x0000, 0x0000, 0x0000, 0x0000, 0x0000, 0x0000, 0x0000, 0x0000, 0x0000,
 0x0000, 0x0000, 0x0000, 0x0000, 0x0000, 0x0000, 0x0000, 0x0000, 0x0000, 0x0000, 0x0000, 0x0000, 0x0000, 0x0000, 0x0000, 0x0000, 
 0x0000, 0x0000, 0x0000, 0x0000, 0x0000, 0x0000, 0x0000, 0x0000, 0x0000, 0x0000, 0x0000, 0x0000, 0x0000, 0x0000, 0x0000, 0x0000, 
 0x0000, 0x0000, 0x0000, 0x0000, 0x0000, 0x0000, 0x0000, 0x0000, 0x0000, 0x0000, 0x0000, 0x0000, 0x0000, 0x0000, 0x0000, 0x0000, 
 0x0000, 0x0000, 0x0000, 0x0000, 0x0000, 0x0000, 0x0000, 0x0000, 0x0000, 0x0000, 0x0000, 0x0000, 0x0000, 0x0000, 0x0000, 0x0000, 
 0x0000, 0x0000, 0x0000, 0x0000, 0x0000, 0x0000, 0x0000, 0x0000, 0x0000, 0x0000, 0x0000, 0x0000, 0x0000, 0x0000, 0x0000, 0x0000, 
 0x0000, 0x0000, 0x0000, 0x0000, 0x0000, 0x0000, 0x0000, 0x0000, 0x0000, 0x0000, 0x0000, 0x0000, 0x0000, 0x0000, 0x0000, 0x0000, 
 0x0000, 0x0000, 0x0000, 0x0000, 0x0000, 0x0000, 0x0000, 0x0000, 0x0000, 0x0000, 0x0000, 0x0000, 0x0000, 0x0000, 0x0000, 0x0000,
 0x0000, 0x0000, 0x0000, 0x0000, 0x0000, 0x0000, 0x0000, 0x0000, 0x0000, 0x0000, 0x0000, 0x0000, 0x0000, 0x0000, 0x0000, 0x0000, 
 0x0000, 0x0000, 0x0000, 0x0000, 0x0000, 0x0000, 0x0000, 0x0000, 0x0000, 0x0000, 0x0000, 0x0000, 0x0000, 0x0000, 0x0000, 0x0000, 
 0x0000, 0x0000, 0x0000, 0x0000, 0x0000, 0x0000, 0x0000, 0x0000, 0x0000, 0x0000, 0x0000, 0x0000, 0x0000, 0x0000, 0x0000, 0x0000, 
 0x0000, 0x0000, 0x0000, 0x0000, 0x0000, 0x0000, 0x0000, 0x0000, 0x0000, 0x0000, 0x0000, 0x0000, 0x0000, 0x0000, 0x0000, 0x0000, 
 0x0000, 0x0000, 0x0000, 0x0000, 0x0000, 0x0000, 0x0000, 0x0000, 0x0000, 0x0000, 0x0000, 0x0000, 0x0000, 0x0000, 0x0000, 0x0000, 
 0x0000, 0x0000, 0x0000, 0x0000, 0x0000, 0x0000, 0x0000, 0x0000, 0x0000, 0x0000, 0x0000, 0x0000, 0x0000, 0x0000, 0x0000, 0x0000, 
 0x0000, 0x0000, 0x0000, 0x0000, 0x0000, 0x0000, 0x0000, 0x0000, 0x0000, 0x0000, 0x0000, 0x0000, 0x0000, 0x0000, 0x0000, 0x0000,
 0x0000, 0x0000, 0x0000, 0x0000, 0x0000, 0x0000, 0x0000, 0x0000, 0x0000, 0x0000, 0x0000, 0x0000, 0x0000, 0x0000, 0x0000, 0x0000, 
 0x0000, 0x0000, 0x0000, 0x0000, 0x0000, 0x0000, 0x0000, 0x0000, 0x0000, 0x0000, 0x0000, 0x0000, 0x0000, 0x0000, 0x0000, 0x0000, 
 0x0000, 0x0000, 0x0000, 0x0000, 0x0000, 0x0000, 0x0000, 0x0000, 0x0000, 0x0000, 0x0000, 0x0000, 0x0000, 0x0000, 0x0000, 0x0000, 
 0x0000, 0x0000, 0x0000, 0x0000, 0x0000, 0x0000, 0x0000, 0x0000, 0x0000, 0x0000, 0x0000, 0x0000, 0x0000, 0x0000, 0x0000, 0x0000, 
 0x0000, 0x0000, 0x0000, 0x0000, 0x0000, 0x0000, 0x0000, 0x0000, 0x0000, 0x0000, 0x0000, 0x0000, 0x0000, 0x0000, 0x0000, 0x0000, 
 0x0000, 0x0000, 0x0000, 0x0000, 0x0000, 0x0000, 0x0000, 0x0000, 0x0000, 0x0000, 0x0000, 0x0000, 0x0000, 0x0000, 0x0000, 0x0000, 
 0x0000, 0x0000, 0x0000, 0x0000, 0x0000, 0x0000, 0x0000, 0x0000, 0x0000, 0x0000, 0x0000, 0x0000, 0x0000, 0x0000, 0x0000, 0x0000,
 0x0000, 0x0000, 0x0000, 0x0000, 0x0000, 0x0000, 0x0000, 0x0000, 0x0000, 0x0000, 0x0000, 0x0000, 0x0000, 0x0000, 0x0000, 0x0000, 
 0x0000, 0x0000, 0x0000, 0x0000, 0x0000, 0x0000, 0x0000, 0x0000, 0x0000, 0x0000, 0x0000, 0x0000, 0x0000, 0x0000, 0x0000, 0x0000, 
 0x0000, 0x0000, 0x0000, 0x0000, 0x0000, 0x0000, 0x0000, 0x0000, 0x0000, 0x0000, 0x0000, 0x0000, 0x0000, 0x0000, 0x0000, 0x0000, 
 0x0000, 0x0000, 0x0000, 0x0000, 0x0000, 0x0000, 0x0000, 0x0000, 0x0000, 0x0000, 0x0000, 0x0000, 0x0000, 0x0000, 0x0000, 0x0000, 
 0x0000, 0x0000, 0x0000, 0x0000, 0x0000, 0x0000, 0x0000, 0x0000, 0x0000, 0x0000, 0x0000, 0x0000, 0x0000, 0x0000, 0x0000, 0x0000, 
 0x0000, 0x0000, 0x0000, 0x0000, 0x0000, 0x0000, 0x0000, 0x0000, 0x0000, 0x0000, 0x0000, 0x0000, 0x0000, 0x0000, 0x0000, 0x0000, 
 0x0000, 0x0000, 0x0000, 0x0000, 0x0000, 0x0000, 0x0000, 0x0000, 0x0000, 0x0000, 0x0000, 0x0000, 0x0000, 0x0000, 0x0000, 0x0000,
 0x0000, 0x0000, 0x0000, 0x0000, 0x0000, 0x0000, 0x0000, 0x0000, 0x0000, 0x0000, 0x0000, 0x0000, 0x0000, 0x0000, 0x0000, 0x0000, 
 0x0000, 0x0000, 0x0000, 0x0000, 0x0000, 0x0000, 0x0000, 0x0000, 0x0000, 0x0000, 0x0000, 0x0000, 0x0000, 0x0000, 0x0000, 0x0000, 
 0x0000, 0x0000, 0x0000, 0x0000, 0x0000, 0x0000, 0x0000, 0x0000, 0x0000, 0x0000, 0x0000, 0x0000, 0x0000, 0x0000, 0x0000, 0x0000, 
 0x0000, 0x0000, 0x0000, 0x0000, 0x0000, 0x0000, 0x0000, 0x0000, 0x0000, 0x0000, 0x0000, 0x0000, 0x0000, 0x0000, 0x0000, 0x0000, 
 0x0000, 0x0000, 0x0000, 0x0000, 0x0020, 0x0000, 0x0000, 0x0000, 0x0000, 0x0000, 0x0000, 0x0000, 0x0000, 0x0000, 0x0000, 0x0000, 
 0x0000, 0x0000, 0x0000, 0x0000, 0x0000, 0x0000, 0x0000, 0x0000, 0x0000, 0x0000, 0x0000, 0x0000, 0x0000, 0x0000, 0x0000, 0x0000, 
 0x0000, 0x0000, 0x0000, 0x0000, 0x0000, 0x0000, 0x0000, 0x0000, 0x0000, 0x0000, 0x0000, 0x0000, 0x0000, 0x0000, 0x0000, 0x0000,
 0x0000, 0x0000, 0x0000, 0x0000, 0x0000, 0x0000, 0x0000, 0x0000, 0x0000, 0x0000, 0x0000, 0x0000, 0x0000, 0x0000, 0x0000, 0x0000, 
 0x0000, 0x0000, 0x0000, 0x0000, 0x0000, 0x0000, 0x0000, 0x0000, 0x0000, 0x0000, 0x0000, 0x0000, 0x0000, 0x0000, 0x0000, 0x0000, 
 0x0000, 0x0000, 0x0000, 0x0000, 0x0000, 0x0000, 0x0000, 0x0000, 0x0000, 0x0000, 0x0000, 0x0000, 0x0000, 0x0000, 0x2124, 0x2945, 
 0x2945, 0x2945, 0x2104, 0x18e3, 0x18e3, 0x2104, 0x2124, 0x2124, 0x2124, 0x2945, 0x2945, 0x2945, 0x2945, 0x2124, 0x2945, 0x2945, 
 0x2945, 0x3186, 0x4208, 0x2104, 0x0000, 0x0841, 0x0862, 0x0882, 0x0882, 0x0882, 0x0882, 0x0882, 0x0883, 0x0882, 0x0882, 0x0882, 
 0x0082, 0x0041, 0x0020, 0x4000, 0x0000, 0x0000, 0x0000, 0x0000, 0x0000, 0x0000, 0x0000, 0x0000, 0x0000, 0x0000, 0x0000, 0x0000, 
 0x0000, 0x0000, 0x0000, 0x0000, 0x0000, 0x0000, 0x0000, 0x0000, 0x0000, 0x0000, 0x0000, 0x0000, 0x0000, 0x0000, 0x0000, 0x0000,
 0x0000, 0x0000, 0x0000, 0x0000, 0x0000, 0x0000, 0x0000, 0x0000, 0x0000, 0x0000, 0x0000, 0x0000, 0x0000, 0x0000, 0x0000, 0x0000, 
 0x0000, 0x0000, 0x0000, 0x0000, 0x0000, 0x0000, 0x0000, 0x0000, 0x0000, 0x0000, 0x0000, 0x0000, 0x0000, 0x0000, 0x0000, 0x0000, 
 0x0000, 0x0000, 0x0000, 0x0000, 0x0000, 0x0000, 0x0000, 0x0000, 0x0000, 0x0000, 0x0000, 0x0000, 0x0000, 0x0000, 0x0021, 0x0000, 
 0x0000, 0x0000, 0x0020, 0x0000, 0x0020, 0x0020, 0x0020, 0x0000, 0x0000, 0x0020, 0x0021, 0x0020, 0x0020, 0x0020, 0x0020, 0x0000, 
 0x0000, 0x0000, 0x0000, 0x0021, 0x0021, 0x2a2a, 0x3c13, 0x3c76, 0x3476, 0x3476, 0x3c76, 0x3c76, 0x3c76, 0x3c76, 0x3476, 0x3476, 
 0x3c75, 0x2a6b, 0x0041, 0x0021, 0x0000, 0x0000, 0x0000, 0x0000, 0x0000, 0x0000, 0x0000, 0x0000, 0x0000, 0x0000, 0x0000, 0x0000, 
 0x0000, 0x0000, 0x0000, 0x0000, 0x0000, 0x0000, 0x0000, 0x0000, 0x0000, 0x0000, 0x0000, 0x0000, 0x0000, 0x0000, 0x0000, 0x0000,
 0x0000, 0x0000, 0x0000, 0x0000, 0x0000, 0x0000, 0x0000, 0x0000, 0x0000, 0x0000, 0x0000, 0x0000, 0x0000, 0x0000, 0x0000, 0x0000, 
 0x0000, 0x0000, 0x0000, 0x0000, 0x0000, 0x0000, 0x0000, 0x0000, 0x0000, 0x0000, 0x0000, 0x0000, 0x0000, 0x0000, 0x0000, 0x0000, 
 0x0000, 0x0000, 0x0000, 0x0000, 0x0000, 0x0000, 0x0000, 0x0000, 0x0000, 0x0000, 0x0000, 0x0000, 0x0000, 0x0041, 0x534e, 0x10a3, 
 0x0820, 0x29a7, 0x4390, 0x3350, 0x332f, 0x3350, 0x3350, 0x3350, 0x3350, 0x3350, 0x3350, 0x3350, 0x3350, 0x334f, 0x436f, 0x2187, 
 0x0020, 0x0000, 0x0000, 0x2b91, 0x3371, 0x2bf4, 0x1c57, 0x1c77, 0x1c77, 0x2477, 0x2497, 0x1c77, 0x1c77, 0x1c97, 0x2477, 0x2477, 
 0x1c77, 0x23f3, 0x2b70, 0x3370, 0x2209, 0x0862, 0x0000, 0x0000, 0x0800, 0x0000, 0x0000, 0x0000, 0x0000, 0x0000, 0x0000, 0x0000, 
 0x0000, 0x0000, 0x0000, 0x0000, 0x0000, 0x0000, 0x0000, 0x0000, 0x0000, 0x0000, 0x0000, 0x0000, 0x0000, 0x0000, 0x0000, 0x0000,
 0x0000, 0x0000, 0x0000, 0x0000, 0x0000, 0x0000, 0x0000, 0x0000, 0x0000, 0x0000, 0x0000, 0x0000, 0x0000, 0x0000, 0x0000, 0x0000, 
 0x0000, 0x0000, 0x0000, 0x0000, 0x0000, 0x0000, 0x0000, 0x0000, 0x0000, 0x0000, 0x0000, 0x0000, 0x0000, 0x0000, 0x0000, 0x0000, 
 0x0000, 0x0000, 0x0000, 0x0000, 0x0000, 0x0000, 0x0000, 0x0000, 0x0000, 0x0000, 0x0000, 0x0000, 0x0000, 0x0841, 0x532e, 0x1904, 
 0x0861, 0x21c7, 0x4390, 0x3350, 0x3330, 0x3350, 0x3350, 0x3350, 0x3370, 0x3370, 0x3370, 0x3390, 0x3370, 0x3350, 0x3b50, 0x2a6c, 
 0x19a8, 0x19a8, 0x1188, 0x1c77, 0x1c77, 0x1c77, 0x1477, 0x2456, 0x2392, 0x2350, 0x3391, 0x2b71, 0x2b71, 0x2b71, 0x2b50, 0x23b2, 
 0x1c36, 0x1c77, 0x1c97, 0x2497, 0x2351, 0x19e9, 0x1988, 0x1987, 0x10a3, 0x0020, 0x0000, 0x0000, 0x0000, 0x0000, 0x0000, 0x0000, 
 0x0000, 0x0000, 0x0000, 0x0000, 0x0000, 0x0000, 0x0000, 0x0000, 0x0000, 0x0000, 0x0000, 0x0000, 0x0000, 0x0000, 0x0000, 0x0000,
 0x0000, 0x0000, 0x0000, 0x0000, 0x0000, 0x0000, 0x0000, 0x0000, 0x0000, 0x0000, 0x0000, 0x0000, 0x0000, 0x0000, 0x0000, 0x0000, 
 0x0000, 0x0000, 0x0000, 0x0000, 0x0000, 0x0000, 0x0000, 0x0000, 0x0000, 0x0000, 0x0000, 0x0000, 0x0000, 0x0000, 0x0000, 0x0000, 
 0x0000, 0x0000, 0x0000, 0x0000, 0x0000, 0x0000, 0x0000, 0x0000, 0x0000, 0x0000, 0x0000, 0x0000, 0x0000, 0x0000, 0x0000, 0x0000, 
 0x0000, 0x0000, 0x0000, 0x0000, 0x0000, 0x0000, 0x0000, 0x0000, 0x0000, 0x0000, 0x0000, 0x0000, 0x2b50, 0x2456, 0x1c97, 0x1c76, 
 0x2331, 0x222b, 0x220a, 0x0861, 0x0000, 0x0000, 0x0000, 0x0000, 0x0000, 0x0020, 0x0000, 0x0000, 0x0000, 0x0000, 0x0020, 0x0000, 
 0x0000, 0x0000, 0x0020, 0x2187, 0x220a, 0x220a, 0x21ea, 0x2b71, 0x2c35, 0x22ef, 0x326b, 0x0882, 0x0020, 0x0020, 0x0000, 0x0000, 
 0x0000, 0x0000, 0x0000, 0x0000, 0x0000, 0x0000, 0x0000, 0x0000, 0x0000, 0x0000, 0x0000, 0x0000, 0x0000, 0x0000, 0x0000, 0x0000,
 0x0000, 0x0000, 0x0000, 0x0000, 0x0000, 0x0000, 0x0000, 0x0000, 0x0000, 0x0000, 0x0000, 0x0000, 0x0000, 0x0000, 0x0000, 0x0000, 
 0x0000, 0x0000, 0x0000, 0x0000, 0x0000, 0x0000, 0x0000, 0x0000, 0x0000, 0x0000, 0x0000, 0x0000, 0x0000, 0x0000, 0x0000, 0x0000, 
 0x0000, 0x0000, 0x0000, 0x0000, 0x0020, 0x0841, 0x0000, 0x0020, 0x0020, 0x0000, 0x0000, 0x0000, 0x0020, 0x0000, 0x0020, 0x0020, 
 0x0020, 0x0020, 0x0020, 0x0020, 0x0020, 0x0020, 0x0841, 0x0841, 0x0820, 0x0000, 0x08c3, 0x1987, 0x2477, 0x2476, 0x2bf4, 0x33d2, 
 0x2a8c, 0x1967, 0x1946, 0x0000, 0x0000, 0x0000, 0x0000, 0x0000, 0x0000, 0x0000, 0x0000, 0x0000, 0x0000, 0x0000, 0x0000, 0x0000, 
 0x0000, 0x0000, 0x0020, 0x0020, 0x0000, 0x0000, 0x0000, 0x2a4a, 0x2bb2, 0x2435, 0x3415, 0x19ea, 0x1987, 0x1125, 0x0882, 0x0000, 
 0x0000, 0x0000, 0x0000, 0x0000, 0x0000, 0x0000, 0x0000, 0x0000, 0x0000, 0x0000, 0x0000, 0x0000, 0x0000, 0x0000, 0x0000, 0x0000,
 0x0000, 0x0000, 0x0000, 0x0000, 0x0000, 0x0000, 0x0000, 0x0000, 0x0000, 0x0000, 0x0000, 0x0000, 0x0000, 0x0000, 0x0000, 0x0000, 
 0x0000, 0x0000, 0x0000, 0x0000, 0x0000, 0x0000, 0x0000, 0x0000, 0x0000, 0x0000, 0x0000, 0x0000, 0x0000, 0x0000, 0x0000, 0x0000, 
 0x0000, 0x0000, 0x0000, 0x0021, 0x0021, 0x0881, 0x20e3, 0x0000, 0x0021, 0x0021, 0x0020, 0x0020, 0x0021, 0x0021, 0x0021, 0x0021, 
 0x0021, 0x0021, 0x0021, 0x0041, 0x0041, 0x0021, 0x0041, 0x0041, 0x0041, 0x0022, 0x224c, 0x3496, 0x2477, 0x2bd3, 0x11a8, 0x0042, 
 0x1a2b, 0x3414, 0x3476, 0x0000, 0x0000, 0x0000, 0x0000, 0x0000, 0x0000, 0x0000, 0x0000, 0x0000, 0x0000, 0x0000, 0x0000, 0x0000, 
 0x0000, 0x0000, 0x0000, 0x0000, 0x0020, 0x0041, 0x0041, 0x0022, 0x00a4, 0x2bb2, 0x1c97, 0x2477, 0x2c76, 0x226c, 0x0062, 0x0000, 
 0x0000, 0x0000, 0x0000, 0x0000, 0x0000, 0x0000, 0x0000, 0x0000, 0x0000, 0x0000, 0x0000, 0x0000, 0x0000, 0x0000, 0x0000, 0x0000,
 0x0000, 0x0000, 0x0000, 0x0000, 0x0000, 0x0000, 0x0000, 0x0000, 0x0000, 0x0000, 0x0000, 0x0000, 0x0000, 0x0000, 0x0000, 0x0000, 
 0x0000, 0x0000, 0x0000, 0x0000, 0x0000, 0x0000, 0x0000, 0x0000, 0x0000, 0x0000, 0x0000, 0x0000, 0x0000, 0x0000, 0x0000, 0x0000, 
 0x0000, 0x0000, 0x0021, 0x29c7, 0x6c52, 0x18c2, 0x2944, 0x2a2a, 0x5454, 0x4370, 0x1946, 0x21e9, 0x4bf2, 0x33b2, 0x33b2, 0x33b2, 
 0x33b2, 0x33b2, 0x3bb2, 0x3bd2, 0x3bd3, 0x3bd2, 0x3bd2, 0x3bd2, 0x33d3, 0x2bd3, 0x2c15, 0x2477, 0x1b0f, 0x19ea, 0x2aef, 0x2bd2, 
 0x2434, 0x1c77, 0x1477, 0x10c3, 0x0000, 0x0000, 0x0000, 0x0000, 0x0000, 0x0000, 0x0000, 0x0000, 0x0000, 0x0000, 0x0000, 0x0000, 
 0x0000, 0x0000, 0x0000, 0x0000, 0x324a, 0x3b91, 0x33b2, 0x2bb2, 0x3bd2, 0x220b, 0x1c77, 0x1c58, 0x1437, 0x23d4, 0x330e, 0x0020, 
 0x0820, 0x0000, 0x0000, 0x0000, 0x0000, 0x0000, 0x0000, 0x0000, 0x0000, 0x0000, 0x0000, 0x0000, 0x0000, 0x0000, 0x0000, 0x0000,
 0x0000, 0x0000, 0x0000, 0x0000, 0x0000, 0x0000, 0x0000, 0x0000, 0x0000, 0x0000, 0x0000, 0x0000, 0x0000, 0x0000, 0x0000, 0x0000, 
 0x0000, 0x0000, 0x0000, 0x0000, 0x0000, 0x0000, 0x0000, 0x0000, 0x0000, 0x0000, 0x0000, 0x0000, 0x0000, 0x0000, 0x0000, 0x0000, 
 0x0000, 0x0000, 0x0841, 0x29a7, 0x534e, 0x10a2, 0x2944, 0x21a7, 0x3b2e, 0x328c, 0x1904, 0x1966, 0x330e, 0x2ace, 0x2acd, 0x2acd, 
 0x2acd, 0x2acd, 0x2acd, 0x2ace, 0x2ace, 0x2acd, 0x2acd, 0x3391, 0x2c76, 0x1c77, 0x1497, 0x2415, 0x2aad, 0x228d, 0x1bb3, 0x1c77, 
 0x1477, 0x1477, 0x1477, 0x1a6c, 0x220a, 0x1105, 0x0041, 0x0000, 0x0000, 0x0000, 0x0000, 0x0000, 0x0000, 0x0000, 0x0000, 0x0000, 
 0x0000, 0x0000, 0x0000, 0x1987, 0x2b71, 0x1c56, 0x1c77, 0x1476, 0x2c97, 0x22ce, 0x2b0f, 0x22ce, 0x23d3, 0x1c35, 0x2bf4, 0x10c4, 
 0x0041, 0x0000, 0x0000, 0x0000, 0x0000, 0x0000, 0x0000, 0x0000, 0x0000, 0x0000, 0x0000, 0x0000, 0x0000, 0x0000, 0x0000, 0x0000,
 0x0000, 0x0000, 0x0000, 0x0000, 0x0000, 0x0000, 0x0000, 0x0000, 0x0000, 0x0000, 0x0000, 0x0000, 0x0000, 0x0000, 0x0000, 0x0000, 
 0x0000, 0x0000, 0x0000, 0x0000, 0x0000, 0x0000, 0x0000, 0x0000, 0x0000, 0x0000, 0x0000, 0x0000, 0x0000, 0x0000, 0x0000, 0x0000, 
 0x0000, 0x0000, 0x0000, 0x0020, 0x0020, 0x0820, 0x1081, 0x0000, 0x0020, 0x0020, 0x0020, 0x0020, 0x0020, 0x0020, 0x0020, 0x0020, 
 0x0020, 0x0000, 0x0000, 0x0000, 0x0000, 0x0000, 0x0041, 0x222a, 0x2c35, 0x1c97, 0x2476, 0x2b2f, 0x226d, 0x2436, 0x1477, 0x1477, 
 0x1477, 0x1477, 0x1497, 0x2477, 0x2c77, 0x126d, 0x08a4, 0x0020, 0x0020, 0x0840, 0x1000, 0x1000, 0x1000, 0x0000, 0x1000, 0x0000, 
 0x1080, 0x08a2, 0x00a3, 0x2b50, 0x2477, 0x1477, 0x1477, 0x1477, 0x1498, 0x2498, 0x08e4, 0x0863, 0x32ed, 0x2c14, 0x1c56, 0x11ea, 
 0x08a3, 0x0861, 0x0000, 0x0000, 0x0000, 0x0000, 0x0000, 0x0000, 0x0000, 0x0000, 0x0000, 0x0000, 0x0000, 0x0000, 0x0000, 0x0000,
 0x0000, 0x0000, 0x0000, 0x0000, 0x0000, 0x0000, 0x0000, 0x0000, 0x0000, 0x0000, 0x0000, 0x0000, 0x0000, 0x0000, 0x0000, 0x0000, 
 0x0000, 0x0000, 0x0000, 0x0000, 0x0000, 0x0000, 0x0000, 0x0000, 0x0000, 0x0000, 0x0000, 0x0000, 0x0000, 0x0000, 0x0000, 0x0000, 
 0x0000, 0x0000, 0x0000, 0x0000, 0x18c0, 0x10a2, 0x0000, 0x20e3, 0x2945, 0x3165, 0x3186, 0x3186, 0x3166, 0x3165, 0x3165, 0x3185, 
 0x2945, 0x18c3, 0x0861, 0x1002, 0x10a2, 0x0021, 0x222b, 0x3475, 0x2477, 0x2c76, 0x1a8d, 0x19c9, 0x2456, 0x1477, 0x1477, 0x1477, 
 0x1477, 0x1497, 0x1477, 0x1477, 0x1c77, 0x2c97, 0x3b91, 0x1925, 0x0020, 0x0021, 0x0020, 0x0021, 0x0021, 0x0020, 0x0020, 0x0020, 
 0x0020, 0x3aac, 0x3c75, 0x2456, 0x1457, 0x1477, 0x1497, 0x1497, 0x1498, 0x1498, 0x3455, 0x4433, 0x1166, 0x1a4b, 0x2435, 0x2cb7, 
 0x3370, 0x0000, 0x0841, 0x0000, 0x0000, 0x0000, 0x0000, 0x0000, 0x0000, 0x0000, 0x0000, 0x0000, 0x0000, 0x0000, 0x0000, 0x0000,
 0x0000, 0x0000, 0x0000, 0x0000, 0x0000, 0x0000, 0x0000, 0x0000, 0x0000, 0x0000, 0x0000, 0x0000, 0x0000, 0x0000, 0x0000, 0x0000, 
 0x0000, 0x0000, 0x0000, 0x0000, 0x0000, 0x0000, 0x0000, 0x0000, 0x0000, 0x0000, 0x0000, 0x0000, 0x0000, 0x0000, 0x0000, 0x0000, 
 0x0000, 0x0000, 0x0000, 0x0000, 0x10e4, 0x5b8f, 0x0000, 0x0041, 0x3a2a, 0x7474, 0x31e9, 0x2a09, 0x5474, 0x4454, 0x4455, 0x4475, 
 0x4455, 0x4455, 0x4454, 0x3c55, 0x3456, 0x1c77, 0x2c56, 0x22ad, 0x0926, 0x1acf, 0x2477, 0x1477, 0x1477, 0x1457, 0x1477, 0x1477, 
 0x1477, 0x1477, 0x1477, 0x659a, 0x328c, 0x0042, 0x1147, 0x2371, 0x1c36, 0x1457, 0x1477, 0x1477, 0x1477, 0x1477, 0x1477, 0x1457, 
 0x1456, 0x226d, 0x0021, 0x4413, 0x2cf9, 0x1498, 0x1477, 0x1478, 0x1478, 0x1477, 0x1477, 0x1477, 0x1497, 0x1c98, 0x3455, 0x330f, 
 0x2c14, 0x3456, 0x11ea, 0x0042, 0x0020, 0x0820, 0x0000, 0x0000, 0x0000, 0x0000, 0x0000, 0x0000, 0x0000, 0x0000, 0x0000, 0x0000,
 0x0000, 0x0000, 0x0000, 0x0000, 0x0000, 0x0000, 0x0000, 0x0000, 0x0000, 0x0000, 0x0000, 0x0000, 0x0000, 0x0000, 0x0000, 0x0000, 
 0x0000, 0x0000, 0x0000, 0x0000, 0x0000, 0x0000, 0x0000, 0x0000, 0x0000, 0x0000, 0x0000, 0x0000, 0x0000, 0x0000, 0x0000, 0x0000, 
 0x0000, 0x0000, 0x0000, 0x1000, 0x1082, 0x08a2, 0x0041, 0x0000, 0x0841, 0x0882, 0x0041, 0x0041, 0x0883, 0x0882, 0x0883, 0x0883, 
 0x0883, 0x0883, 0x0862, 0x08a3, 0x1a8d, 0x3476, 0x228c, 0x2a09, 0x43f2, 0x2c56, 0x2477, 0x1c77, 0x1c77, 0x1c77, 0x1c77, 0x1c77, 
 0x1c77, 0x1c77, 0x2477, 0x19a8, 0x0062, 0x2a4b, 0x3414, 0x1c57, 0x1457, 0x1477, 0x1477, 0x1477, 0x1c77, 0x1c77, 0x2477, 0x2476, 
 0x2476, 0x3456, 0x1105, 0x5413, 0x4539, 0x2497, 0x1c77, 0x1c77, 0x1477, 0x1477, 0x1477, 0x1478, 0x1497, 0x1498, 0x1c98, 0x19a8, 
 0x224b, 0x1c56, 0x2435, 0x330e, 0x0882, 0x0020, 0x0000, 0x0000, 0x0000, 0x0000, 0x0000, 0x0000, 0x0000, 0x0000, 0x0000, 0x0000,
 0x0000, 0x0000, 0x0000, 0x0000, 0x0000, 0x0000, 0x0000, 0x0000, 0x0000, 0x0020, 0x0000, 0x0020, 0x0020, 0x0020, 0x0020, 0x0000, 
 0x0020, 0x0020, 0x0020, 0x0020, 0x0020, 0x0020, 0x0020, 0x0020, 0x0020, 0x0020, 0x0020, 0x0000, 0x0000, 0x0000, 0x0020, 0x0020, 
 0x0020, 0x0020, 0x0020, 0x0000, 0x0000, 0x0020, 0x0000, 0x0000, 0x0000, 0x0000, 0x0000, 0x0000, 0x0000, 0x0841, 0x0000, 0x0000, 
 0x0000, 0x0000, 0x0000, 0x0000, 0x1105, 0x2209, 0x1104, 0x10e4, 0x21e8, 0x19e9, 0x19ea, 0x19ea, 0x19ea, 0x19ea, 0x19ea, 0x19ea, 
 0x19ea, 0x19ea, 0x19ea, 0x10a3, 0x2a09, 0x33b2, 0x2456, 0x1477, 0x1477, 0x1477, 0x1477, 0x1c57, 0x2391, 0x224c, 0x19ea, 0x19e9, 
 0x19e9, 0x21e9, 0x0882, 0x31e9, 0x326b, 0x220a, 0x19ea, 0x1a0b, 0x1c57, 0x1477, 0x1478, 0x1478, 0x1498, 0x1478, 0x1478, 0x2350, 
 0x2a6b, 0x23f4, 0x1c97, 0x2b70, 0x0882, 0x0000, 0x0000, 0x0000, 0x0000, 0x0000, 0x0000, 0x0000, 0x0000, 0x0000, 0x0000, 0x0000,
 0x0000, 0x0000, 0x0000, 0x0000, 0x0000, 0x0000, 0x0000, 0x0000, 0x0000, 0x0000, 0x0000, 0x0000, 0x0000, 0x0000, 0x0000, 0x0000, 
 0x0000, 0x0000, 0x0000, 0x0000, 0x0000, 0x0000, 0x0000, 0x0000, 0x0000, 0x0000, 0x0000, 0x0000, 0x0000, 0x0000, 0x0000, 0x0000, 
 0x0000, 0x0000, 0x0000, 0x0000, 0x0000, 0x0000, 0x0000, 0x0000, 0x0000, 0x0000, 0x0000, 0x0000, 0x0000, 0x0000, 0x0000, 0x0000, 
 0x0000, 0x0000, 0x0000, 0x0000, 0x0000, 0x0000, 0x0000, 0x0000, 0x0000, 0x0000, 0x0000, 0x0000, 0x0000, 0x0000, 0x0000, 0x0000, 
 0x0000, 0x0000, 0x0000, 0x0041, 0x2a2a, 0x3b70, 0x2bb2, 0x1c35, 0x1477, 0x1477, 0x1477, 0x2414, 0x224b, 0x0882, 0x0000, 0x0000, 
 0x0000, 0x0000, 0x0000, 0x0000, 0x0000, 0x0000, 0x0000, 0x0062, 0x1c57, 0x1477, 0x1478, 0x1478, 0x1478, 0x1478, 0x1478, 0x1c56, 
 0x22ee, 0x23d3, 0x1c98, 0x23b3, 0x1167, 0x0041, 0x0000, 0x0000, 0x0000, 0x0000, 0x0000, 0x0000, 0x0000, 0x0000, 0x0000, 0x0000,
 0x0000, 0x0000, 0x0000, 0x0000, 0x0000, 0x0000, 0x0020, 0x0000, 0x0000, 0x0000, 0x0000, 0x0000, 0x0000, 0x0000, 0x0020, 0x0020, 
 0x0020, 0x0020, 0x0020, 0x0020, 0x0020, 0x0000, 0x0020, 0x0020, 0x0020, 0x0020, 0x0020, 0x0020, 0x0020, 0x0020, 0x0020, 0x0020, 
 0x0000, 0x0000, 0x0000, 0x0000, 0x0000, 0x0000, 0x0000, 0x0000, 0x0000, 0x0000, 0x0000, 0x0000, 0x0000, 0x0020, 0x0020, 0x0020, 
 0x0020, 0x0020, 0x0020, 0x0020, 0x0020, 0x0000, 0x0000, 0x0000, 0x0020, 0x0020, 0x0020, 0x0020, 0x0020, 0x0020, 0x0020, 0x0020, 
 0x0020, 0x0020, 0x0020, 0x0000, 0x0000, 0x0000, 0x1106, 0x2b51, 0x2476, 0x1477, 0x1477, 0x2b2f, 0x10e4, 0x0000, 0x0000, 0x0000, 
 0x0000, 0x0000, 0x0020, 0x0020, 0x0041, 0x0020, 0x0000, 0x0062, 0x1c57, 0x1477, 0x1498, 0x1478, 0x1478, 0x1478, 0x1477, 0x1c77, 
 0x1aee, 0x33f3, 0x2c98, 0x1cb8, 0x4476, 0x1105, 0x0000, 0x0000, 0x0000, 0x0000, 0x0000, 0x0000, 0x0000, 0x0000, 0x0000, 0x0000,
 0x0000, 0x0000, 0x0000, 0x0000, 0x0000, 0x0020, 0x08a2, 0x43b1, 0x43d1, 0x4bd1, 0x43d1, 0x43b1, 0x43d1, 0x43d1, 0x4bd1, 0x43d1, 
 0x43d1, 0x43d1, 0x43d2, 0x43d2, 0x43d1, 0x43d1, 0x43d1, 0x43d1, 0x43d1, 0x43d1, 0x43d1, 0x43d1, 0x43d2, 0x43d1, 0x4bd1, 0x4bd1, 
 0x0021, 0x0000, 0x0000, 0x0000, 0x0000, 0x0000, 0x0000, 0x0000, 0x0000, 0x0000, 0x0000, 0x0000, 0x0001, 0x1925, 0x4bd1, 0x4bd1, 
 0x43d1, 0x43d1, 0x43d1, 0x43d1, 0x43d1, 0x43b1, 0x43b1, 0x43b1, 0x43b1, 0x43d1, 0x43d1, 0x43b1, 0x43b1, 0x43b1, 0x43b1, 0x43b1, 
 0x43b1, 0x43b1, 0x53d1, 0x0000, 0x0000, 0x0000, 0x0021, 0x08c4, 0x2310, 0x1c76, 0x1c97, 0x2a2b, 0x4390, 0x4bf2, 0x43d1, 0x43d1, 
 0x43d1, 0x43d1, 0x43d2, 0x4bf2, 0x4c12, 0x29e9, 0x0841, 0x0062, 0x1c77, 0x1478, 0x1498, 0x1478, 0x1478, 0x1478, 0x1477, 0x1477, 
 0x2435, 0x19c9, 0x2b51, 0x1c97, 0x2477, 0x2b92, 0x0041, 0x0000, 0x0000, 0x0000, 0x0000, 0x0000, 0x0000, 0x0000, 0x0000, 0x0000,
 0x0000, 0x0000, 0x0000, 0x0000, 0x0000, 0x0020, 0x08e4, 0x3d7b, 0x3d5a, 0x3d7a, 0x3d5a, 0x3d5a, 0x3d5a, 0x3d5a, 0x3d5a, 0x3d3a, 
 0x3d3a, 0x3d5a, 0x3d5a, 0x3d5a, 0x3d5a, 0x3d5a, 0x3d5a, 0x3d5a, 0x3d5a, 0x3d5a, 0x3d5a, 0x3d5a, 0x3d5a, 0x3d5a, 0x3d5a, 0x3d59, 
 0x1189, 0x1126, 0x0841, 0x0000, 0x0000, 0x0000, 0x0020, 0x0000, 0x0000, 0x0000, 0x0000, 0x0800, 0x0841, 0x2acd, 0x3d5a, 0x355a, 
 0x3d3a, 0x3d3a, 0x353a, 0x3d3a, 0x3d5a, 0x353a, 0x353a, 0x353a, 0x3d3a, 0x3d5a, 0x3d5a, 0x3d3a, 0x3d5a, 0x3d5a, 0x3d5a, 0x3d5a, 
 0x3d5a, 0x3d5a, 0x457a, 0x1105, 0x0041, 0x0000, 0x0000, 0x0000, 0x19a8, 0x2b71, 0x2497, 0x328c, 0x4d38, 0x3d9b, 0x3d5b, 0x3d5a, 
 0x3d5a, 0x355a, 0x355a, 0x3d7b, 0x55dc, 0x32ee, 0x0862, 0x0041, 0x2b92, 0x1c77, 0x1478, 0x1478, 0x1478, 0x1478, 0x1498, 0x1478, 
 0x1497, 0x0905, 0x21a8, 0x230f, 0x1c56, 0x2497, 0x0041, 0x0000, 0x0000, 0x0000, 0x0000, 0x0000, 0x0000, 0x0000, 0x0000, 0x0000,
 0x0000, 0x0000, 0x0000, 0x0000, 0x0000, 0x0000, 0x0841, 0x6dba, 0x1cd9, 0x1c98, 0x1477, 0x1477, 0x1497, 0x1497, 0x1497, 0x1477, 
 0x1478, 0x1478, 0x1477, 0x1477, 0x1497, 0x1497, 0x1497, 0x1c97, 0x1c78, 0x1c78, 0x1477, 0x1477, 0x1477, 0x1497, 0x1477, 0x1477, 
 0x1477, 0x1477, 0x1c77, 0x2414, 0x2a8c, 0x0000, 0x0000, 0x1082, 0x0000, 0x0862, 0x2a6b, 0x4cf7, 0x2cd8, 0x1497, 0x1478, 0x1498, 
 0x1478, 0x1477, 0x1477, 0x1478, 0x1478, 0x1478, 0x1477, 0x1477, 0x1477, 0x1477, 0x1477, 0x1477, 0x1498, 0x1498, 0x1498, 0x1498, 
 0x1477, 0x1477, 0x1477, 0x1c77, 0x1c77, 0x2bb3, 0x19a9, 0x0041, 0x0000, 0x0000, 0x2371, 0x330e, 0x2aad, 0x3c97, 0x24d9, 0x1478, 
 0x1477, 0x1477, 0x1c77, 0x1477, 0x1cb8, 0x23d3, 0x220a, 0x0862, 0x330e, 0x453a, 0x3d9c, 0x2d7b, 0x1cb9, 0x1477, 0x1477, 0x1497, 
 0x1c98, 0x0905, 0x0000, 0x0862, 0x1147, 0x23d3, 0x2c13, 0x0883, 0x0000, 0x0000, 0x0000, 0x0000, 0x0000, 0x0000, 0x0000, 0x0000,
 0x0000, 0x0000, 0x0000, 0x0000, 0x0000, 0x0000, 0x0841, 0x6dda, 0x24b8, 0x1477, 0x1c57, 0x1477, 0x1477, 0x1477, 0x1497, 0x1477, 
 0x1478, 0x1478, 0x1477, 0x1478, 0x1477, 0x1498, 0x1478, 0x1478, 0x1c78, 0x1c78, 0x1477, 0x1477, 0x1477, 0x1477, 0x1477, 0x1477, 
 0x1477, 0x1477, 0x1478, 0x1c97, 0x2392, 0x0000, 0x0000, 0x0000, 0x0040, 0x0063, 0x2aad, 0x3d7a, 0x1477, 0x1478, 0x1478, 0x1478, 
 0x1478, 0x1477, 0x1477, 0x1478, 0x1478, 0x1477, 0x1477, 0x1477, 0x1477, 0x1477, 0x1477, 0x1477, 0x1478, 0x1478, 0x1478, 0x1478, 
 0x1478, 0x1477, 0x1477, 0x1478, 0x1477, 0x1c77, 0x2351, 0x19a8, 0x0862, 0x0000, 0x2b2f, 0x3371, 0x21e9, 0x4476, 0x2cf9, 0x1477, 
 0x1477, 0x1477, 0x1477, 0x1497, 0x1477, 0x1c97, 0x22ee, 0x08a3, 0x3249, 0x43d1, 0x4434, 0x459b, 0x2d1a, 0x24d9, 0x24d9, 0x1497, 
 0x1497, 0x0905, 0x0020, 0x0020, 0x0021, 0x23b1, 0x2bf3, 0x0082, 0x0020, 0x0000, 0x0000, 0x0000, 0x0000, 0x0000, 0x0000, 0x0000,
 0x0000, 0x0000, 0x0000, 0x0000, 0x0000, 0x0000, 0x0861, 0x5c12, 0x4d7a, 0x24b9, 0x1c57, 0x1478, 0x1478, 0x1478, 0x1478, 0x1477, 
 0x1478, 0x1478, 0x1478, 0x1478, 0x1498, 0x1498, 0x1498, 0x1478, 0x1478, 0x1477, 0x1477, 0x1477, 0x1477, 0x1477, 0x1477, 0x1477, 
 0x1477, 0x1477, 0x1477, 0x1477, 0x1c56, 0x1966, 0x0000, 0x0000, 0x0000, 0x0883, 0x2aad, 0x457b, 0x1477, 0x1478, 0x1478, 0x1478, 
 0x1478, 0x1477, 0x1477, 0x1477, 0x1477, 0x1477, 0x1477, 0x1477, 0x1477, 0x1478, 0x1477, 0x1477, 0x1478, 0x1478, 0x1478, 0x1478, 
 0x1477, 0x1477, 0x1477, 0x1477, 0x1477, 0x1477, 0x1c77, 0x2350, 0x10e5, 0x0000, 0x328b, 0x3b90, 0x21c8, 0x4475, 0x24f9, 0x1478, 
 0x1478, 0x1478, 0x1478, 0x1478, 0x1478, 0x1c97, 0x22ef, 0x0883, 0x0000, 0x0061, 0x1926, 0x54d5, 0x559a, 0x5d9a, 0x4d9a, 0x1cb8, 
 0x1c98, 0x08e5, 0x0021, 0x0000, 0x0041, 0x2bb2, 0x23f4, 0x0906, 0x0021, 0x0000, 0x0000, 0x0000, 0x0000, 0x0000, 0x0000, 0x0000,
 0x0000, 0x0000, 0x0000, 0x0000, 0x0000, 0x0000, 0x0000, 0x08c3, 0x4c96, 0x24b9, 0x1457, 0x1478, 0x1478, 0x1478, 0x1478, 0x1498, 
 0x1478, 0x1478, 0x1478, 0x1478, 0x1478, 0x1498, 0x1498, 0x1478, 0x1478, 0x1478, 0x1478, 0x1478, 0x1478, 0x1477, 0x1478, 0x1478, 
 0x1c77, 0x1477, 0x1477, 0x1477, 0x1497, 0x19c8, 0x0000, 0x0000, 0x0000, 0x0863, 0x32ad, 0x557a, 0x1c77, 0x1477, 0x1477, 0x1477, 
 0x1477, 0x1477, 0x1477, 0x1477, 0x1477, 0x1477, 0x1478, 0x1478, 0x1477, 0x1478, 0x1477, 0x1477, 0x1478, 0x1477, 0x1477, 0x1477, 
 0x1477, 0x1477, 0x1477, 0x1477, 0x1477, 0x1477, 0x1477, 0x2351, 0x0905, 0x0000, 0x0061, 0x0061, 0x1104, 0x4c74, 0x34d8, 0x1477, 
 0x1478, 0x1478, 0x1c78, 0x1478, 0x1478, 0x1c97, 0x1aef, 0x0883, 0x0020, 0x324a, 0x0862, 0x0082, 0x00a3, 0x08a3, 0x19e9, 0x561d, 
 0x3d5b, 0x08e5, 0x0020, 0x0000, 0x0021, 0x3391, 0x2457, 0x3455, 0x1167, 0x0000, 0x0000, 0x0000, 0x0000, 0x0000, 0x0000, 0x0000,
 0x0000, 0x0000, 0x0000, 0x0000, 0x0000, 0x0000, 0x0000, 0x0882, 0x5434, 0x3cf9, 0x2cd9, 0x2cfa, 0x2cf9, 0x24f9, 0x24f9, 0x24f9, 
 0x24f9, 0x24f9, 0x24d9, 0x24d9, 0x24d9, 0x24d9, 0x24d9, 0x24d9, 0x24f9, 0x24f9, 0x24f9, 0x24f9, 0x1cd9, 0x1cb9, 0x1477, 0x1477, 
 0x1477, 0x1477, 0x1477, 0x1477, 0x1497, 0x19a8, 0x0000, 0x0000, 0x0000, 0x0020, 0x10c4, 0x330f, 0x455a, 0x1477, 0x1477, 0x1477, 
 0x1477, 0x1478, 0x1477, 0x1498, 0x1cd9, 0x24d9, 0x1cd9, 0x24d9, 0x24f9, 0x24f9, 0x2cf9, 0x24f9, 0x24f9, 0x24f9, 0x24d9, 0x1c98, 
 0x1477, 0x1478, 0x1478, 0x1478, 0x1477, 0x1477, 0x1477, 0x1bb3, 0x222a, 0x08a2, 0x0000, 0x0000, 0x0061, 0x1106, 0x4475, 0x2cf9, 
 0x1478, 0x1478, 0x1478, 0x1478, 0x1478, 0x1c77, 0x2393, 0x19e9, 0x0000, 0x222b, 0x22ad, 0x228c, 0x228c, 0x1987, 0x10c4, 0x2a6b, 
 0x3371, 0x1126, 0x0021, 0x0800, 0x0041, 0x1988, 0x1c57, 0x2c97, 0x1168, 0x0000, 0x0000, 0x0000, 0x0000, 0x0000, 0x0000, 0x0000,
 0x0000, 0x0000, 0x0000, 0x0000, 0x0000, 0x0000, 0x0000, 0x0020, 0x10c4, 0x5c12, 0x5c95, 0x54b6, 0x5495, 0x4c95, 0x4c95, 0x4c95, 
 0x5495, 0x4c95, 0x4c95, 0x4c95, 0x4c95, 0x4c95, 0x4c95, 0x4c95, 0x4c95, 0x4c95, 0x4c95, 0x4c95, 0x4c95, 0x4496, 0x1478, 0x1c78, 
 0x1497, 0x1477, 0x1477, 0x1477, 0x1477, 0x1a4b, 0x08a3, 0x0000, 0x0020, 0x0841, 0x0882, 0x32cc, 0x559a, 0x1497, 0x1478, 0x1478, 
 0x1477, 0x1478, 0x1477, 0x24d9, 0x457a, 0x4c95, 0x4c94, 0x4c75, 0x4c75, 0x4c75, 0x4c75, 0x4c75, 0x4c95, 0x4c95, 0x4c75, 0x3496, 
 0x1c77, 0x1477, 0x1478, 0x1478, 0x1478, 0x1477, 0x1477, 0x1c77, 0x3413, 0x1967, 0x0000, 0x0000, 0x0020, 0x0883, 0x4c55, 0x3519, 
 0x1478, 0x1478, 0x1478, 0x1478, 0x1478, 0x1477, 0x1c77, 0x3391, 0x0000, 0x2188, 0x2456, 0x1457, 0x1c57, 0x2330, 0x220a, 0x10a3, 
 0x29e9, 0x10e4, 0x0021, 0x0000, 0x0000, 0x0000, 0x1c36, 0x2c97, 0x1168, 0x0000, 0x0000, 0x0000, 0x0000, 0x0000, 0x0000, 0x0000,
 0x0000, 0x0000, 0x0000, 0x0000, 0x0000, 0x0000, 0x0000, 0x0841, 0x0020, 0x0000, 0x0020, 0x0021, 0x0021, 0x0020, 0x0020, 0x0000, 
 0x0020, 0x0000, 0x0020, 0x0020, 0x0020, 0x0020, 0x0000, 0x0000, 0x0000, 0x0000, 0x0020, 0x0000, 0x0041, 0x222b, 0x1c78, 0x1478, 
 0x1477, 0x1477, 0x1477, 0x1478, 0x1477, 0x3454, 0x2a8b, 0x0000, 0x0000, 0x0000, 0x0882, 0x3acc, 0x5d9b, 0x1478, 0x1478, 0x1478, 
 0x1478, 0x1478, 0x1478, 0x24d9, 0x3c96, 0x0020, 0x0021, 0x0021, 0x0020, 0x0021, 0x0041, 0x0042, 0x0042, 0x0041, 0x0021, 0x3350, 
 0x351a, 0x1477, 0x1478, 0x1478, 0x1478, 0x1477, 0x1477, 0x1477, 0x3435, 0x1967, 0x0000, 0x0020, 0x0020, 0x0883, 0x4c54, 0x2cf9, 
 0x1478, 0x1478, 0x1478, 0x1478, 0x1478, 0x1478, 0x1477, 0x2b91, 0x0000, 0x0000, 0x1c15, 0x1477, 0x1477, 0x2d1a, 0x4ddd, 0x220a, 
 0x0062, 0x0000, 0x0000, 0x0000, 0x0000, 0x0000, 0x1c56, 0x2c97, 0x1188, 0x0000, 0x0000, 0x0000, 0x0000, 0x0000, 0x0000, 0x0000,
 0x0000, 0x0000, 0x0000, 0x0000, 0x0000, 0x0000, 0x0000, 0x0000, 0x0000, 0x0000, 0x0000, 0x0000, 0x0000, 0x0000, 0x0000, 0x0000, 
 0x0000, 0x0000, 0x0000, 0x0000, 0x0000, 0x0000, 0x0000, 0x0000, 0x0000, 0x0000, 0x0000, 0x0000, 0x0000, 0x0021, 0x4d9b, 0x1478, 
 0x1498, 0x1478, 0x1478, 0x1478, 0x1478, 0x1477, 0x2c55, 0x0000, 0x0000, 0x0000, 0x1082, 0x0041, 0x324a, 0x1c97, 0x1477, 0x1477, 
 0x1477, 0x1477, 0x1478, 0x1477, 0x1c78, 0x0000, 0x2145, 0x29c8, 0x1925, 0x228c, 0x2c15, 0x1c57, 0x1457, 0x1c57, 0x3455, 0x220a, 
 0x3b4f, 0x3d19, 0x1498, 0x1477, 0x1477, 0x1477, 0x1477, 0x1478, 0x1c77, 0x3475, 0x0000, 0x0000, 0x0000, 0x1041, 0x0841, 0x4433, 
 0x2cd8, 0x1478, 0x1478, 0x1478, 0x1478, 0x1478, 0x1478, 0x1c97, 0x08a3, 0x0000, 0x2bd2, 0x2456, 0x1477, 0x1477, 0x1477, 0x1477, 
 0x24d9, 0x1947, 0x0021, 0x0000, 0x0000, 0x0000, 0x1105, 0x2414, 0x1c77, 0x0041, 0x0000, 0x0000, 0x0000, 0x0000, 0x0000, 0x0000,
 0x0000, 0x0000, 0x0000, 0x0000, 0x0000, 0x0000, 0x0000, 0x0000, 0x0000, 0x0000, 0x0000, 0x0000, 0x0000, 0x0000, 0x0020, 0x0000, 
 0x0000, 0x0000, 0x0000, 0x0000, 0x0000, 0x0000, 0x0000, 0x0000, 0x0000, 0x0000, 0x0000, 0x0000, 0x0000, 0x0020, 0x4d9b, 0x1498, 
 0x1478, 0x1498, 0x1477, 0x1477, 0x1478, 0x1497, 0x2476, 0x0000, 0x0000, 0x0000, 0x0000, 0x0020, 0x2a2a, 0x1c98, 0x1478, 0x1498, 
 0x1477, 0x1477, 0x1478, 0x1498, 0x1498, 0x0000, 0x0000, 0x0000, 0x0000, 0x0021, 0x1a4c, 0x2456, 0x1477, 0x1477, 0x2c56, 0x1a0a, 
 0x436f, 0x3d19, 0x1498, 0x1497, 0x1497, 0x1497, 0x1497, 0x1497, 0x1c77, 0x3496, 0x0000, 0x0000, 0x0000, 0x0061, 0x0041, 0x4413, 
 0x2cd8, 0x1478, 0x1478, 0x1478, 0x1498, 0x1478, 0x1477, 0x1c97, 0x08a3, 0x0000, 0x1127, 0x23d4, 0x1477, 0x1497, 0x1477, 0x1477, 
 0x24d9, 0x1947, 0x0000, 0x0000, 0x0000, 0x0000, 0x0906, 0x2435, 0x1c76, 0x0041, 0x0000, 0x0000, 0x0000, 0x0000, 0x0000, 0x0000,
 0x0000, 0x0000, 0x0000, 0x0000, 0x0000, 0x0000, 0x0000, 0x0000, 0x0000, 0x0000, 0x0000, 0x0000, 0x0000, 0x0820, 0x0020, 0x0000, 
 0x0000, 0x0000, 0x0000, 0x0000, 0x0000, 0x0000, 0x0000, 0x0000, 0x0000, 0x0000, 0x0000, 0x0000, 0x0000, 0x0041, 0x4d9b, 0x1477, 
 0x1477, 0x1477, 0x1477, 0x1477, 0x1478, 0x1477, 0x2c56, 0x0020, 0x0000, 0x0000, 0x0000, 0x0020, 0x322a, 0x1c98, 0x1478, 0x1498, 
 0x1498, 0x1477, 0x1498, 0x1498, 0x1c78, 0x0000, 0x0000, 0x0861, 0x29e8, 0x21a7, 0x1a2b, 0x2456, 0x1477, 0x1c77, 0x3496, 0x222a, 
 0x436f, 0x4519, 0x1c98, 0x1497, 0x1497, 0x1497, 0x1477, 0x1497, 0x1477, 0x3497, 0x0000, 0x0000, 0x0000, 0x0082, 0x0041, 0x4c13, 
 0x2cf8, 0x1478, 0x1478, 0x1478, 0x1498, 0x1478, 0x1498, 0x1c97, 0x08a4, 0x0000, 0x1106, 0x23d3, 0x1497, 0x1477, 0x1497, 0x1477, 
 0x24d9, 0x1167, 0x0020, 0x0000, 0x0000, 0x0000, 0x1126, 0x2c35, 0x1c77, 0x0021, 0x0000, 0x0000, 0x0000, 0x0000, 0x0000, 0x0000,
 0x0000, 0x0000, 0x0000, 0x0000, 0x0000, 0x0000, 0x0000, 0x0000, 0x0000, 0x0000, 0x0000, 0x0000, 0x0000, 0x0000, 0x08a3, 0x3b2e, 
 0x3b2e, 0x3b2e, 0x3b0e, 0x3b0e, 0x3b0e, 0x3b2e, 0x3b2e, 0x3b2e, 0x3b2e, 0x3b0e, 0x3b0e, 0x3b0e, 0x3b0e, 0x330e, 0x3d3a, 0x1498, 
 0x1477, 0x1478, 0x1478, 0x1478, 0x1498, 0x1478, 0x2477, 0x21a8, 0x0000, 0x0000, 0x0000, 0x0020, 0x2166, 0x34d8, 0x1498, 0x1498, 
 0x1498, 0x1478, 0x1478, 0x1498, 0x1498, 0x1925, 0x0000, 0x0862, 0x326b, 0x29e8, 0x1967, 0x2b30, 0x1c77, 0x1c56, 0x3435, 0x21e9, 
 0x2a09, 0x4454, 0x2cd8, 0x1498, 0x1498, 0x1478, 0x1478, 0x1478, 0x1478, 0x2c97, 0x10e4, 0x0000, 0x0000, 0x0000, 0x0020, 0x328c, 
 0x44b6, 0x1497, 0x1478, 0x1478, 0x1498, 0x1478, 0x1c78, 0x1497, 0x32cd, 0x08a3, 0x0925, 0x23d4, 0x1c77, 0x1477, 0x1477, 0x1477, 
 0x1cb8, 0x228d, 0x10e4, 0x0021, 0x0000, 0x0000, 0x08a3, 0x228c, 0x2c14, 0x0042, 0x0000, 0x0000, 0x0000, 0x0000, 0x0000, 0x0000,
 0x0000, 0x0000, 0x0000, 0x0000, 0x0000, 0x0000, 0x0000, 0x0000, 0x0000, 0x0000, 0x0000, 0x0000, 0x0020, 0x10a3, 0x1a0a, 0x3d7b, 
 0x3d7b, 0x3d5a, 0x3d7b, 0x3d7b, 0x3d7b, 0x3d7b, 0x3d7b, 0x3d7b, 0x3d7b, 0x3d5b, 0x3d5b, 0x3d7b, 0x3d7b, 0x3d5b, 0x1498, 0x1478, 
 0x1478, 0x1478, 0x1478, 0x1478, 0x1478, 0x1477, 0x1497, 0x4bb1, 0x0020, 0x0000, 0x0000, 0x0020, 0x0020, 0x4cf8, 0x1478, 0x1498, 
 0x1478, 0x1478, 0x1478, 0x1c98, 0x1c78, 0x2a6c, 0x0000, 0x0061, 0x2a09, 0x2a09, 0x0042, 0x1947, 0x1c77, 0x2435, 0x2b2f, 0x1946, 
 0x0821, 0x430e, 0x4518, 0x1478, 0x1478, 0x1478, 0x1478, 0x1c78, 0x1478, 0x1c98, 0x2a4a, 0x0000, 0x0000, 0x0000, 0x0800, 0x0041, 
 0x4c12, 0x1c98, 0x1478, 0x1478, 0x1498, 0x1478, 0x1498, 0x1c78, 0x5d79, 0x1966, 0x1105, 0x2bb2, 0x1c76, 0x1477, 0x1477, 0x1477, 
 0x1477, 0x2c97, 0x1a0b, 0x0862, 0x0001, 0x0000, 0x0000, 0x0001, 0x2b91, 0x08e5, 0x0020, 0x0000, 0x0000, 0x0000, 0x0000, 0x0000,
 0x0000, 0x0000, 0x0000, 0x0000, 0x0000, 0x0000, 0x0000, 0x0000, 0x0000, 0x0000, 0x0000, 0x0020, 0x0883, 0x3350, 0x2455, 0x1497, 
 0x1497, 0x1497, 0x1c97, 0x1c97, 0x1c97, 0x1c97, 0x1c97, 0x1c97, 0x1498, 0x1497, 0x1497, 0x1498, 0x1c98, 0x1c98, 0x1498, 0x1498, 
 0x1478, 0x1478, 0x1478, 0x1478, 0x1478, 0x1477, 0x1478, 0x43b2, 0x0000, 0x0000, 0x0020, 0x0000, 0x0820, 0x4cf7, 0x1498, 0x1478, 
 0x1478, 0x1478, 0x1478, 0x1498, 0x1498, 0x226b, 0x0000, 0x0000, 0x08a3, 0x32ce, 0x224b, 0x0042, 0x2c76, 0x2c14, 0x19c9, 0x0062, 
 0x0820, 0x432e, 0x4518, 0x1478, 0x1498, 0x1498, 0x1498, 0x1478, 0x1478, 0x1c98, 0x2a2a, 0x0000, 0x0000, 0x0000, 0x2104, 0x0042, 
 0x5412, 0x1cb8, 0x1478, 0x1498, 0x1498, 0x1478, 0x1c98, 0x1478, 0x5d79, 0x1966, 0x0000, 0x1167, 0x1bf4, 0x1477, 0x1477, 0x1477, 
 0x1477, 0x45dc, 0x2ace, 0x0883, 0x0001, 0x0000, 0x0000, 0x0021, 0x2b91, 0x4c75, 0x08a4, 0x0021, 0x0000, 0x0000, 0x0000, 0x0000,
 0x0000, 0x0000, 0x0000, 0x0000, 0x0000, 0x0000, 0x0000, 0x0000, 0x0000, 0x0000, 0x0000, 0x1966, 0x5cd6, 0x2456, 0x1457, 0x1477, 
 0x1478, 0x1497, 0x1498, 0x1498, 0x1498, 0x1498, 0x1497, 0x1497, 0x1497, 0x1497, 0x1497, 0x1498, 0x1498, 0x1498, 0x1497, 0x1497, 
 0x1498, 0x1498, 0x1498, 0x1498, 0x1c98, 0x1498, 0x1498, 0x43f2, 0x0021, 0x0000, 0x0000, 0x0000, 0x0000, 0x54f7, 0x1497, 0x1498, 
 0x1498, 0x1498, 0x1498, 0x1478, 0x1497, 0x226b, 0x0000, 0x0000, 0x0883, 0x1aef, 0x2bf4, 0x224b, 0x3391, 0x4c95, 0x2209, 0x0020, 
 0x0020, 0x432e, 0x4d18, 0x1477, 0x1477, 0x1477, 0x1478, 0x1478, 0x1478, 0x1c98, 0x2a2a, 0x0000, 0x0000, 0x0000, 0x0000, 0x0061, 
 0x5412, 0x1c98, 0x1478, 0x1478, 0x1478, 0x1478, 0x1498, 0x1478, 0x5559, 0x1946, 0x0000, 0x1146, 0x23f4, 0x1477, 0x1477, 0x1477, 
 0x0c77, 0x45dc, 0x2aee, 0x0862, 0x0000, 0x0000, 0x0000, 0x0021, 0x2391, 0x3495, 0x08c4, 0x0020, 0x0000, 0x0000, 0x0000, 0x0000,
 0x0000, 0x0000, 0x0000, 0x0000, 0x0000, 0x0000, 0x0000, 0x0000, 0x0000, 0x0000, 0x0820, 0x3b2f, 0x55fc, 0x24d9, 0x24d8, 0x24f9, 
 0x24f9, 0x24f9, 0x1d19, 0x1d19, 0x1cf9, 0x1cf9, 0x24f9, 0x24f9, 0x24f9, 0x24f9, 0x24f9, 0x1cf9, 0x1d19, 0x2519, 0x2519, 0x2519, 
 0x251a, 0x251a, 0x251a, 0x251a, 0x24f9, 0x1cd9, 0x2cb8, 0x3a8b, 0x0041, 0x0862, 0x0841, 0x0000, 0x0020, 0x43b0, 0x1cf9, 0x24f9, 
 0x24fa, 0x251a, 0x251a, 0x251a, 0x1d1a, 0x3b91, 0x1105, 0x0000, 0x0882, 0x1ace, 0x1c97, 0x2392, 0x3392, 0x5d17, 0x2a2a, 0x0000, 
 0x0020, 0x3a8b, 0x43f2, 0x24f9, 0x24f9, 0x1cfa, 0x24f9, 0x251a, 0x251a, 0x251a, 0x3b70, 0x0000, 0x0000, 0x0000, 0x0000, 0x0882, 
 0x42ed, 0x24d9, 0x1cf9, 0x1cfa, 0x1d1a, 0x251a, 0x1d19, 0x24fa, 0x4d7a, 0x326c, 0x0000, 0x1166, 0x23f4, 0x1497, 0x1477, 0x1477, 
 0x1477, 0x45dd, 0x2aef, 0x0062, 0x0000, 0x0000, 0x0000, 0x0021, 0x2391, 0x3455, 0x08a3, 0x0020, 0x0000, 0x0000, 0x0000, 0x0000,
 0x0000, 0x0000, 0x0000, 0x0000, 0x0000, 0x0000, 0x0000, 0x0000, 0x0000, 0x0000, 0x0841, 0x5d17, 0x4e3e, 0x463f, 0x463f, 0x463e, 
 0x463e, 0x463e, 0x463e, 0x463e, 0x463e, 0x463e, 0x4e3e, 0x4e3e, 0x4e3e, 0x4e3e, 0x4e3e, 0x4e3e, 0x4e3e, 0x4e3e, 0x4e3e, 0x4e3e, 
 0x4e3e, 0x4e3e, 0x4e3e, 0x4e3e, 0x563e, 0x4bf3, 0x29a7, 0x0861, 0x0000, 0x0000, 0x0000, 0x0000, 0x0000, 0x1987, 0x565e, 0x465f, 
 0x463f, 0x463e, 0x463f, 0x463f, 0x463f, 0x5e3e, 0x3b2f, 0x0000, 0x0000, 0x0000, 0x1a0a, 0x2435, 0x3d7b, 0x5539, 0x2a2a, 0x0000, 
 0x0000, 0x0000, 0x2a2a, 0x463e, 0x463e, 0x463e, 0x463e, 0x463e, 0x463e, 0x463e, 0x563e, 0x0041, 0x0000, 0x0000, 0x0000, 0x0000, 
 0x0000, 0x55fc, 0x463e, 0x463e, 0x463e, 0x463e, 0x463f, 0x463e, 0x4e3e, 0x5538, 0x0000, 0x0000, 0x1126, 0x23d3, 0x1c77, 0x1477, 
 0x1477, 0x45bc, 0x2aee, 0x19c9, 0x23f4, 0x1c56, 0x0021, 0x0021, 0x2b91, 0x3455, 0x00a4, 0x0020, 0x0000, 0x0000, 0x0000, 0x0000,
 0x0000, 0x0000, 0x0000, 0x0000, 0x0000, 0x0000, 0x0000, 0x0000, 0x0000, 0x0000, 0x0820, 0x21c9, 0x5e3e, 0x465e, 0x463f, 0x463e, 
 0x463e, 0x463e, 0x463e, 0x463e, 0x4e1d, 0x559a, 0x5517, 0x5517, 0x5538, 0x5517, 0x5517, 0x5517, 0x5d17, 0x5d18, 0x5d18, 0x5d18, 
 0x5d38, 0x5d38, 0x5d37, 0x5d38, 0x5d37, 0x3229, 0x0861, 0x0000, 0x0000, 0x0000, 0x0000, 0x0000, 0x0000, 0x2187, 0x5ddb, 0x4e5e, 
 0x463e, 0x463e, 0x463e, 0x463e, 0x463e, 0x563e, 0x4c55, 0x1946, 0x0000, 0x0000, 0x1a2a, 0x2c36, 0x4d5a, 0x5454, 0x29a8, 0x0800, 
 0x0000, 0x0020, 0x3209, 0x463f, 0x463f, 0x463e, 0x463e, 0x463e, 0x463e, 0x463e, 0x4e3e, 0x2187, 0x0041, 0x0000, 0x0000, 0x0000, 
 0x0821, 0x5d58, 0x463e, 0x463e, 0x463e, 0x463e, 0x463e, 0x463e, 0x4e3e, 0x559a, 0x10a3, 0x0000, 0x0926, 0x23f4, 0x1c77, 0x1477, 
 0x1478, 0x457b, 0x22ad, 0x21c9, 0x2c36, 0x2457, 0x0021, 0x0021, 0x2371, 0x3455, 0x08a4, 0x0000, 0x0000, 0x0000, 0x0000, 0x0000,
 0x0000, 0x0000, 0x0000, 0x0000, 0x0000, 0x0000, 0x0000, 0x0000, 0x0000, 0x0000, 0x0000, 0x21e9, 0x665e, 0x4e5f, 0x465e, 0x463e, 
 0x463e, 0x463e, 0x463e, 0x4e3e, 0x4d9a, 0x2a8c, 0x0000, 0x0020, 0x0021, 0x0021, 0x0021, 0x0021, 0x0021, 0x0021, 0x0021, 0x0021, 
 0x0021, 0x0021, 0x0021, 0x0021, 0x0021, 0x0020, 0x2103, 0x0000, 0x0000, 0x0000, 0x0000, 0x0000, 0x0000, 0x0861, 0x3391, 0x565e, 
 0x465e, 0x463e, 0x463e, 0x463e, 0x463e, 0x465e, 0x5e5e, 0x3370, 0x0021, 0x0000, 0x222a, 0x3c76, 0x2b51, 0x08a4, 0x0021, 0x0021, 
 0x0841, 0x18a3, 0x10a3, 0x4e5e, 0x463e, 0x463e, 0x463e, 0x463e, 0x463e, 0x463e, 0x463e, 0x3350, 0x0883, 0x0000, 0x0000, 0x0000, 
 0x2082, 0x4b91, 0x465e, 0x465e, 0x463e, 0x463e, 0x463e, 0x465f, 0x463e, 0x4e3e, 0x21a8, 0x0020, 0x1105, 0x33b2, 0x2477, 0x1c77, 
 0x24fa, 0x3c76, 0x220a, 0x222b, 0x457a, 0x2cb8, 0x0041, 0x0021, 0x2b72, 0x3456, 0x08a4, 0x0000, 0x0000, 0x0000, 0x0000, 0x0000,
 0x0000, 0x0000, 0x0000, 0x0000, 0x0000, 0x0000, 0x0000, 0x0000, 0x0000, 0x0000, 0x0000, 0x21e9, 0x6e7e, 0x4e5f, 0x4e3f, 0x463e, 
 0x463e, 0x463e, 0x463e, 0x4e3e, 0x55ba, 0x328b, 0x0000, 0x0000, 0x0000, 0x0841, 0x0841, 0x0841, 0x0841, 0x0841, 0x0841, 0x0841, 
 0x0841, 0x0841, 0x0841, 0x0841, 0x0800, 0x2104, 0x0000, 0x0000, 0x0000, 0x0000, 0x0000, 0x0000, 0x0000, 0x0020, 0x3391, 0x4e5e, 
 0x463e, 0x463e, 0x465f, 0x463e, 0x463e, 0x4e3e, 0x563e, 0x2b50, 0x0041, 0x0000, 0x0041, 0x19ea, 0x2b4f, 0x1987, 0x43b1, 0x5d17, 
 0x32ed, 0x10a3, 0x0021, 0x4e5e, 0x463e, 0x463e, 0x463e, 0x463e, 0x463e, 0x463e, 0x463e, 0x2b30, 0x0883, 0x0000, 0x0000, 0x0000, 
 0x0000, 0x43d1, 0x4e3e, 0x465e, 0x463f, 0x463e, 0x463e, 0x463f, 0x465f, 0x463f, 0x21a8, 0x0020, 0x0000, 0x00a4, 0x1bb3, 0x1497, 
 0x2519, 0x11c9, 0x0062, 0x220a, 0x4d7a, 0x2cb8, 0x0041, 0x0021, 0x2b71, 0x3c55, 0x08a4, 0x0000, 0x0000, 0x0000, 0x0000, 0x0000,
 0x0000, 0x0000, 0x0000, 0x0000, 0x0000, 0x0000, 0x0000, 0x0000, 0x0000, 0x0000, 0x0000, 0x2166, 0x5c34, 0x5e3d, 0x463e, 0x463f, 
 0x463e, 0x463e, 0x463e, 0x463e, 0x4ddc, 0x43d2, 0x0000, 0x0000, 0x0000, 0x0000, 0x0000, 0x0000, 0x0000, 0x0000, 0x0000, 0x0000, 
 0x0000, 0x0000, 0x0000, 0x0000, 0x0000, 0x0000, 0x0000, 0x0000, 0x0020, 0x0020, 0x0020, 0x0000, 0x0000, 0x0020, 0x3390, 0x565e, 
 0x463e, 0x465e, 0x465e, 0x463e, 0x463e, 0x463e, 0x4e3e, 0x2b50, 0x0021, 0x0000, 0x0000, 0x19a8, 0x2209, 0x1987, 0x2bd3, 0x3d5a, 
 0x3476, 0x3391, 0x2a4b, 0x4e5e, 0x463e, 0x463e, 0x463e, 0x463e, 0x463e, 0x463e, 0x463e, 0x2b10, 0x0883, 0x0000, 0x0000, 0x0000, 
 0x0000, 0x43b1, 0x4e3e, 0x465e, 0x463f, 0x463e, 0x463e, 0x463f, 0x463f, 0x463f, 0x21a8, 0x0000, 0x0000, 0x0062, 0x23b3, 0x1477, 
 0x24fa, 0x1966, 0x29c8, 0x3b92, 0x45bc, 0x2cd8, 0x0883, 0x19c9, 0x2bd3, 0x32ef, 0x0882, 0x0000, 0x0000, 0x0000, 0x0000, 0x0000,
 0x0000, 0x0000, 0x0000, 0x0000, 0x0000, 0x0000, 0x0000, 0x0000, 0x0000, 0x0000, 0x0000, 0x0062, 0x1146, 0x5e1c, 0x463e, 0x463f, 
 0x463f, 0x463e, 0x463e, 0x463e, 0x4e3e, 0x55fd, 0x0000, 0x0000, 0x0000, 0x0000, 0x0000, 0x0000, 0x0000, 0x0000, 0x0000, 0x0000, 
 0x0000, 0x0000, 0x0000, 0x0000, 0x0000, 0x0000, 0x0000, 0x0000, 0x0000, 0x0000, 0x0000, 0x0000, 0x0000, 0x0020, 0x3b0e, 0x5ddb, 
 0x465e, 0x463f, 0x463f, 0x463e, 0x463e, 0x463e, 0x4e3e, 0x3c55, 0x1987, 0x0861, 0x0000, 0x19a7, 0x0083, 0x11a9, 0x1392, 0x1c77, 
 0x353a, 0x4ddd, 0x3414, 0x5dfc, 0x4e3e, 0x463e, 0x463f, 0x463e, 0x463e, 0x463e, 0x463e, 0x3c35, 0x1987, 0x0021, 0x0000, 0x0861, 
 0x08a3, 0x432f, 0x4e1e, 0x4e3f, 0x463e, 0x463f, 0x463e, 0x463f, 0x463f, 0x465f, 0x4350, 0x10c4, 0x0000, 0x0062, 0x2b92, 0x1477, 
 0x24fa, 0x1967, 0x43b1, 0x4d9b, 0x35bd, 0x24d8, 0x0906, 0x3414, 0x2c97, 0x0042, 0x0020, 0x0000, 0x0000, 0x0000, 0x0000, 0x0000,
 0x0000, 0x0000, 0x0000, 0x0000, 0x0000, 0x0000, 0x0000, 0x0000, 0x0000, 0x0000, 0x0000, 0x0021, 0x1126, 0x5e1c, 0x4e3f, 0x463f, 
 0x463f, 0x463e, 0x463e, 0x463e, 0x463e, 0x4dfd, 0x08a4, 0x0000, 0x0000, 0x0000, 0x0000, 0x0000, 0x0000, 0x0000, 0x0000, 0x0000, 
 0x0000, 0x0000, 0x0000, 0x0000, 0x0000, 0x0000, 0x0000, 0x0000, 0x0000, 0x0000, 0x0000, 0x0000, 0x0000, 0x0000, 0x0883, 0x2b2f, 
 0x565e, 0x463e, 0x463f, 0x463e, 0x463e, 0x463e, 0x463e, 0x563d, 0x4c34, 0x1925, 0x0000, 0x21c8, 0x224b, 0x3435, 0x1c77, 0x1478, 
 0x1c78, 0x1c77, 0x1c56, 0x3bf3, 0x4e3e, 0x3e3e, 0x463e, 0x463e, 0x463e, 0x463e, 0x463f, 0x5e3e, 0x3b2f, 0x0882, 0x0000, 0x2a0a, 
 0x3c13, 0x19c9, 0x4d9b, 0x4e3e, 0x463e, 0x463e, 0x463e, 0x463f, 0x463f, 0x465f, 0x6e1c, 0x21e9, 0x0020, 0x0041, 0x2a8d, 0x457b, 
 0x55fd, 0x1967, 0x43f2, 0x3d3a, 0x1478, 0x2477, 0x0926, 0x2c15, 0x2477, 0x0041, 0x0000, 0x0000, 0x0000, 0x0000, 0x0000, 0x0000,
 0x0000, 0x0000, 0x0000, 0x0000, 0x0000, 0x0000, 0x0000, 0x0000, 0x0000, 0x0000, 0x0000, 0x0000, 0x0000, 0x08c3, 0x54d6, 0x463f, 
 0x4e3e, 0x463e, 0x465e, 0x463e, 0x463e, 0x463e, 0x463e, 0x463e, 0x463e, 0x463e, 0x463e, 0x463e, 0x463e, 0x463e, 0x463e, 0x463e, 
 0x463e, 0x463e, 0x463e, 0x463f, 0x463e, 0x463e, 0x463e, 0x463e, 0x463e, 0x563e, 0x4413, 0x0062, 0x0000, 0x0000, 0x08a3, 0x3b0e, 
 0x6e5d, 0x4e5f, 0x463f, 0x463e, 0x465e, 0x463f, 0x463e, 0x4e5e, 0x4cf7, 0x2a0a, 0x0842, 0x0000, 0x1c97, 0x1c77, 0x1477, 0x1477, 
 0x1c77, 0x1477, 0x1477, 0x43d2, 0x5e3d, 0x4e3e, 0x463e, 0x463e, 0x463e, 0x463e, 0x463e, 0x563e, 0x4434, 0x29e9, 0x0862, 0x0000, 
 0x1a0a, 0x122b, 0x6579, 0x4e3e, 0x463e, 0x463e, 0x463f, 0x463e, 0x463f, 0x463e, 0x5e1d, 0x3b50, 0x10c4, 0x0000, 0x0000, 0x0000, 
 0x0020, 0x0020, 0x5bd1, 0x5579, 0x3cb7, 0x0926, 0x0906, 0x2c14, 0x2476, 0x0041, 0x0000, 0x0000, 0x0000, 0x0000, 0x0000, 0x0000,
 0x0000, 0x0000, 0x0000, 0x0000, 0x0000, 0x0000, 0x0000, 0x0000, 0x0000, 0x0000, 0x0000, 0x0000, 0x0801, 0x10c3, 0x5cd6, 0x4e3f, 
 0x463e, 0x4e3e, 0x465e, 0x463f, 0x463f, 0x463e, 0x463f, 0x463f, 0x463f, 0x463e, 0x463e, 0x463e, 0x463e, 0x463f, 0x465e, 0x465e, 
 0x465e, 0x465f, 0x463e, 0x463e, 0x463e, 0x463e, 0x463e, 0x463e, 0x463f, 0x4e3e, 0x44d7, 0x19a8, 0x0821, 0x0000, 0x0061, 0x08c4, 
 0x2b50, 0x563e, 0x4e5e, 0x463e, 0x465e, 0x463e, 0x463e, 0x463e, 0x563e, 0x43f3, 0x10e4, 0x0000, 0x1c77, 0x1477, 0x1c77, 0x1477, 
 0x1c77, 0x1c77, 0x1478, 0x1a0a, 0x3bf3, 0x563e, 0x4e3e, 0x463e, 0x463e, 0x463e, 0x463e, 0x4e3e, 0x563e, 0x54b6, 0x1946, 0x0000, 
 0x19e9, 0x3455, 0x332f, 0x4dbb, 0x465e, 0x463e, 0x463e, 0x463e, 0x463e, 0x463f, 0x4e3e, 0x6e3c, 0x21e9, 0x0021, 0x0000, 0x0020, 
 0x0000, 0x0020, 0x0882, 0x220b, 0x4475, 0x1126, 0x3413, 0x2456, 0x2c56, 0x0041, 0x0000, 0x0000, 0x0000, 0x0000, 0x0000, 0x0000,
 0x0000, 0x0000, 0x0000, 0x0000, 0x0000, 0x0000, 0x0000, 0x0000, 0x0000, 0x0000, 0x0000, 0x0000, 0x0000, 0x0882, 0x3b0e, 0x565e, 
 0x4e3f, 0x463f, 0x465e, 0x463f, 0x463f, 0x463e, 0x463f, 0x463f, 0x463f, 0x463e, 0x463e, 0x463e, 0x463e, 0x463e, 0x465e, 0x465e, 
 0x465e, 0x465e, 0x463e, 0x463e, 0x463e, 0x463e, 0x463e, 0x463e, 0x463e, 0x463e, 0x563d, 0x4413, 0x0883, 0x0000, 0x0040, 0x0062, 
 0x2aee, 0x563e, 0x4e5f, 0x465e, 0x465e, 0x463e, 0x463e, 0x463e, 0x563e, 0x3bf3, 0x10e4, 0x0000, 0x1bf4, 0x1c77, 0x1477, 0x1477, 
 0x1477, 0x1497, 0x1c77, 0x11c9, 0x3bd2, 0x563d, 0x463e, 0x463e, 0x463e, 0x463e, 0x463e, 0x463f, 0x4e3e, 0x4cb6, 0x1966, 0x0000, 
 0x10e4, 0x2bf4, 0x3b0e, 0x4dba, 0x465e, 0x463e, 0x463e, 0x463e, 0x463e, 0x463e, 0x463e, 0x663d, 0x21e9, 0x0020, 0x0000, 0x0000, 
 0x0000, 0x0020, 0x0020, 0x21c8, 0x4474, 0x1126, 0x2496, 0x2476, 0x22ad, 0x0841, 0x0000, 0x0000, 0x0000, 0x0000, 0x0000, 0x0000,
 0x0000, 0x0000, 0x0000, 0x0000, 0x0000, 0x0000, 0x0000, 0x0000, 0x0000, 0x0000, 0x0000, 0x0000, 0x1080, 0x0861, 0x1904, 0x5dba, 
 0x565e, 0x4e3f, 0x463e, 0x465f, 0x463f, 0x463f, 0x465f, 0x465f, 0x465f, 0x463e, 0x463e, 0x463e, 0x463e, 0x463e, 0x463f, 0x463f, 
 0x465f, 0x465f, 0x463f, 0x463e, 0x463e, 0x463e, 0x463e, 0x463e, 0x465e, 0x465e, 0x4e5d, 0x4454, 0x10a3, 0x0000, 0x1041, 0x0882, 
 0x2b0e, 0x563e, 0x4e5e, 0x465e, 0x465e, 0x463e, 0x463f, 0x463e, 0x4e3e, 0x3c14, 0x1105, 0x0000, 0x2393, 0x1c77, 0x1c98, 0x1c98, 
 0x1cb9, 0x1cb8, 0x1c98, 0x11a8, 0x3bb1, 0x561d, 0x4e3e, 0x463e, 0x463e, 0x463e, 0x463f, 0x463e, 0x4e3e, 0x4cb7, 0x1946, 0x0000, 
 0x0000, 0x2372, 0x3b2e, 0x4dbb, 0x4e5e, 0x4e3e, 0x463e, 0x463e, 0x463e, 0x463f, 0x463e, 0x663d, 0x2209, 0x0021, 0x0000, 0x0000, 
 0x0000, 0x0000, 0x0000, 0x21a8, 0x4c54, 0x1146, 0x2cb8, 0x2cb7, 0x1188, 0x0000, 0x0000, 0x0000, 0x0000, 0x0000, 0x0000, 0x0000,
 0x0000, 0x0000, 0x0000, 0x0000, 0x0000, 0x0000, 0x0000, 0x0000, 0x0000, 0x0000, 0x0000, 0x0000, 0x0000, 0x0861, 0x0841, 0x2a09, 
 0x765c, 0x565e, 0x463f, 0x463e, 0x463f, 0x463f, 0x4e5f, 0x4e3f, 0x4e3f, 0x4e3f, 0x463f, 0x463f, 0x463f, 0x463f, 0x4e3f, 0x4e3f, 
 0x4e3f, 0x463f, 0x463f, 0x463f, 0x463f, 0x463f, 0x463f, 0x463f, 0x463f, 0x465e, 0x4e3e, 0x3c34, 0x08a3, 0x0000, 0x1946, 0x08a3, 
 0x3b0e, 0x6e3d, 0x4e5e, 0x465e, 0x465e, 0x463e, 0x463e, 0x463f, 0x563e, 0x3c35, 0x1147, 0x0021, 0x23d3, 0x24b8, 0x359c, 0x463e, 
 0x463e, 0x461e, 0x2d3a, 0x1188, 0x4b90, 0x661c, 0x4e3e, 0x463e, 0x463e, 0x463e, 0x463f, 0x463e, 0x4e3e, 0x4cb6, 0x1988, 0x0041, 
 0x0000, 0x2392, 0x432e, 0x5d79, 0x563e, 0x465e, 0x463e, 0x463e, 0x463f, 0x463f, 0x463e, 0x663d, 0x2a6c, 0x0882, 0x0020, 0x0000, 
 0x0000, 0x0000, 0x0000, 0x21a7, 0x5413, 0x1126, 0x45dc, 0x561c, 0x21e9, 0x0000, 0x0000, 0x0000, 0x0000, 0x0000, 0x0000, 0x0000,
 0x0000, 0x0000, 0x0000, 0x0000, 0x0000, 0x0000, 0x0000, 0x0000, 0x0000, 0x0000, 0x0000, 0x0000, 0x0000, 0x0000, 0x10a2, 0x0861, 
 0x21c9, 0x65fb, 0x4e1e, 0x4e3e, 0x463e, 0x463e, 0x4e5f, 0x4e5f, 0x463f, 0x463f, 0x463f, 0x463f, 0x463f, 0x463f, 0x4e3f, 0x4e3f, 
 0x4e5f, 0x465f, 0x463e, 0x465f, 0x465f, 0x4e3e, 0x4e3f, 0x463e, 0x463f, 0x463e, 0x4e3e, 0x55fc, 0x43f2, 0x0000, 0x4371, 0x1947, 
 0x0083, 0x334f, 0x5e5e, 0x465e, 0x463e, 0x463e, 0x463e, 0x463e, 0x463e, 0x563d, 0x6558, 0x3229, 0x4518, 0x461d, 0x461e, 0x4e1e, 
 0x4e1f, 0x463e, 0x461d, 0x33d3, 0x19ca, 0x3bb2, 0x561d, 0x463e, 0x463e, 0x465e, 0x463e, 0x463e, 0x463e, 0x563d, 0x75da, 0x29e8, 
 0x0020, 0x23d3, 0x1a2b, 0x224b, 0x4d59, 0x4e5e, 0x465e, 0x465e, 0x463e, 0x463e, 0x463e, 0x4e3e, 0x6e5c, 0x3acd, 0x0862, 0x0000, 
 0x0000, 0x0000, 0x0000, 0x0020, 0x0863, 0x5453, 0x4e1d, 0x661d, 0x2a2a, 0x0000, 0x0000, 0x0000, 0x0000, 0x0000, 0x0000, 0x0000,
 0x0000, 0x0000, 0x0000, 0x0000, 0x0000, 0x0000, 0x0000, 0x0000, 0x0000, 0x0000, 0x0000, 0x0000, 0x0000, 0x0000, 0x0000, 0x0840, 
 0x1904, 0x4b4e, 0x4434, 0x5e1d, 0x4e3e, 0x4e3f, 0x4e3f, 0x4e3f, 0x4e3f, 0x4e3e, 0x4e3e, 0x4e3f, 0x4e3f, 0x4e3f, 0x4e3f, 0x4e3f, 
 0x4e3f, 0x4e3e, 0x4e3e, 0x4e3e, 0x4e3e, 0x4e3f, 0x4e3f, 0x4e3e, 0x4e3e, 0x463e, 0x4e3e, 0x563e, 0x4496, 0x21c8, 0x3c56, 0x228d, 
 0x1105, 0x3aee, 0x663e, 0x4e3e, 0x4e3e, 0x4e3e, 0x4e3f, 0x463e, 0x4e3e, 0x4e3e, 0x5d7a, 0x3a8c, 0x4d9b, 0x463e, 0x4e3e, 0x4e3e, 
 0x463e, 0x463e, 0x463e, 0x44f9, 0x222b, 0x3b90, 0x561c, 0x4e3e, 0x4e3e, 0x4e3f, 0x4e3e, 0x463e, 0x463e, 0x463e, 0x65fc, 0x2209, 
 0x1966, 0x23f4, 0x120b, 0x2a0a, 0x4d59, 0x4e5e, 0x4e3e, 0x4e3e, 0x4e3e, 0x463e, 0x461e, 0x4e3e, 0x5e5d, 0x32cd, 0x0882, 0x0000, 
 0x0000, 0x0000, 0x0800, 0x0000, 0x0061, 0x4cb6, 0x55bb, 0x4bf3, 0x1946, 0x0000, 0x0000, 0x0000, 0x0000, 0x0000, 0x0000, 0x0000,
 0x0000, 0x0000, 0x0000, 0x0000, 0x0000, 0x0000, 0x0000, 0x0000, 0x0000, 0x0000, 0x0000, 0x0000, 0x0000, 0x0000, 0x0000, 0x0000, 
 0x0000, 0x0000, 0x0841, 0x0020, 0x0020, 0x0000, 0x0000, 0x0000, 0x0000, 0x0000, 0x0000, 0x0000, 0x0000, 0x0000, 0x0000, 0x0000, 
 0x0000, 0x0000, 0x0841, 0x0841, 0x0841, 0x0041, 0x0000, 0x0041, 0x0000, 0x0000, 0x0000, 0x0020, 0x0021, 0x08c4, 0x3d19, 0x4ddc, 
 0x5dba, 0x3b0e, 0x0862, 0x0840, 0x0020, 0x0020, 0x0020, 0x2a09, 0x5474, 0x5517, 0x54f7, 0x54f7, 0x463e, 0x4d79, 0x224a, 0x32ac, 
 0x54b6, 0x5c95, 0x3209, 0x08a3, 0x3b0e, 0x54d6, 0x4bd1, 0x1946, 0x2a6c, 0x3bd2, 0x1966, 0x29c7, 0x53f2, 0x54b6, 0x5cf7, 0x4bd1, 
 0x1925, 0x08c4, 0x4bd1, 0x5cb6, 0x64d6, 0x6c74, 0x1945, 0x0000, 0x4c13, 0x5c75, 0x0862, 0x0821, 0x0000, 0x0000, 0x0000, 0x0000, 
 0x0000, 0x0000, 0x0000, 0x29c7, 0x5474, 0x4dbb, 0x33b2, 0x0082, 0x0021, 0x0000, 0x0000, 0x0000, 0x0000, 0x0000, 0x0000, 0x0000,
 0x0000, 0x0000, 0x0000, 0x0000, 0x0000, 0x0000, 0x0000, 0x0000, 0x0000, 0x0000, 0x0000, 0x0000, 0x0000, 0x0000, 0x0000, 0x0000, 
 0x0000, 0x0000, 0x0000, 0x0000, 0x0000, 0x0000, 0x0000, 0x0000, 0x0000, 0x0000, 0x0000, 0x0000, 0x0000, 0x0000, 0x0000, 0x0000, 
 0x0000, 0x0000, 0x0000, 0x0020, 0x0020, 0x0020, 0x0020, 0x0020, 0x0020, 0x0040, 0x0020, 0x0000, 0x0040, 0x0821, 0x4413, 0x4d9b, 
 0x563d, 0x3391, 0x0062, 0x0820, 0x0820, 0x0000, 0x0000, 0x2a4a, 0x5559, 0x563e, 0x4e3e, 0x4e3e, 0x461e, 0x4d39, 0x220a, 0x3330, 
 0x55dc, 0x5ddc, 0x43d2, 0x2a6c, 0x44d7, 0x4ddc, 0x4454, 0x1967, 0x230f, 0x34d8, 0x21a8, 0x29c7, 0x4bf2, 0x559a, 0x561d, 0x4d59, 
 0x334f, 0x2a4b, 0x4d5a, 0x561d, 0x5559, 0x6453, 0x1925, 0x2166, 0x5559, 0x5454, 0x10a2, 0x0800, 0x0000, 0x0000, 0x0000, 0x0000, 
 0x0000, 0x0000, 0x0020, 0x2a4a, 0x5dbb, 0x4e1d, 0x2a6b, 0x0862, 0x0000, 0x0000, 0x0000, 0x0000, 0x0000, 0x0000, 0x0000, 0x0000,
 0x0000, 0x0000, 0x0000, 0x0000, 0x0000, 0x0000, 0x0000, 0x0000, 0x0000, 0x0000, 0x0000, 0x0000, 0x0000, 0x0000, 0x0000, 0x0000, 
 0x0000, 0x0000, 0x0000, 0x0000, 0x0000, 0x0000, 0x0000, 0x0000, 0x0000, 0x0000, 0x0000, 0x0000, 0x0000, 0x0020, 0x0041, 0x0041, 
 0x1882, 0x0041, 0x0041, 0x0062, 0x0042, 0x0042, 0x0062, 0x0062, 0x0062, 0x0062, 0x0062, 0x0042, 0x0042, 0x0083, 0x220a, 0x4cf8, 
 0x4e1e, 0x2bb2, 0x0083, 0x0041, 0x0020, 0x0000, 0x0020, 0x328b, 0x559a, 0x4e3e, 0x463e, 0x463e, 0x4e3e, 0x4d59, 0x222a, 0x226c, 
 0x3cd8, 0x45bc, 0x55fc, 0x4d39, 0x4e1d, 0x34d8, 0x2b30, 0x1146, 0x2330, 0x34d8, 0x1987, 0x0062, 0x08a4, 0x3c55, 0x4e1e, 0x4e3e, 
 0x4e1d, 0x3d3a, 0x461e, 0x4e1e, 0x3b91, 0x10c4, 0x0020, 0x3b6f, 0x5ddc, 0x19c9, 0x0000, 0x0000, 0x0000, 0x0000, 0x0000, 0x0000, 
 0x0000, 0x0000, 0x0041, 0x222a, 0x5dbb, 0x6e3d, 0x0882, 0x0001, 0x0000, 0x0000, 0x0000, 0x0000, 0x0000, 0x0000, 0x0000, 0x0000,
 0x0000, 0x0000, 0x0000, 0x0000, 0x0000, 0x0000, 0x0000, 0x0000, 0x0000, 0x0000, 0x0000, 0x0000, 0x0000, 0x0000, 0x0000, 0x0000, 
 0x0000, 0x0000, 0x0000, 0x0000, 0x0000, 0x0000, 0x0000, 0x0000, 0x0000, 0x0000, 0x0000, 0x0000, 0x0000, 0x0861, 0x4b70, 0x4b2f, 
 0x2104, 0x10c2, 0x2a09, 0x5cf6, 0x4475, 0x5d59, 0x5d39, 0x5539, 0x5538, 0x5518, 0x5518, 0x5559, 0x65db, 0x65db, 0x65dc, 0x55fd, 
 0x4e1e, 0x55fd, 0x54f7, 0x2a2a, 0x0020, 0x0000, 0x0020, 0x326b, 0x5d7a, 0x4e3e, 0x463e, 0x463e, 0x565e, 0x5559, 0x2a09, 0x0021, 
 0x1a4c, 0x2c98, 0x45bd, 0x561d, 0x355a, 0x126d, 0x0083, 0x0042, 0x2330, 0x34d8, 0x19a8, 0x6432, 0x1966, 0x12ae, 0x355a, 0x463e, 
 0x463f, 0x461e, 0x461e, 0x2498, 0x122b, 0x0062, 0x0000, 0x4350, 0x5dbb, 0x19a8, 0x0000, 0x0000, 0x0000, 0x0000, 0x0000, 0x0000, 
 0x0820, 0x0021, 0x4bd0, 0x65bb, 0x5dfc, 0x220a, 0x0020, 0x0000, 0x0000, 0x0000, 0x0000, 0x0000, 0x0000, 0x0000, 0x0000, 0x0000,
 0x0000, 0x0000, 0x0000, 0x0000, 0x0000, 0x0000, 0x0000, 0x0000, 0x0000, 0x0000, 0x0000, 0x0000, 0x0000, 0x0000, 0x0000, 0x0000, 
 0x0000, 0x0000, 0x0000, 0x0000, 0x0000, 0x0000, 0x0000, 0x0000, 0x0000, 0x0000, 0x0000, 0x0000, 0x0000, 0x0061, 0x29e9, 0x21a8, 
 0x2103, 0x1082, 0x10c3, 0x2209, 0x19e9, 0x2a8c, 0x226c, 0x224b, 0x224b, 0x224b, 0x226c, 0x2a8c, 0x2aad, 0x2a8c, 0x2a8c, 0x2ace, 
 0x3c76, 0x563e, 0x4dbc, 0x4c95, 0x2a09, 0x0000, 0x0840, 0x1904, 0x2a6c, 0x3c96, 0x4e1e, 0x463f, 0x44b7, 0x2aad, 0x1105, 0x19c9, 
 0x3c14, 0x3d5b, 0x45fd, 0x4e1e, 0x3d9c, 0x2bf4, 0x224b, 0x08c4, 0x1146, 0x3392, 0x19a8, 0x2187, 0x10e5, 0x33d3, 0x45dd, 0x463e, 
 0x463f, 0x463f, 0x461e, 0x459c, 0x3330, 0x08a3, 0x0000, 0x1966, 0x6d79, 0x21c8, 0x0000, 0x0000, 0x0000, 0x0000, 0x0000, 0x0000, 
 0x0020, 0x434e, 0x4d38, 0x4dfd, 0x65dc, 0x1967, 0x0020, 0x0000, 0x0000, 0x0000, 0x0000, 0x0000, 0x0000, 0x0000, 0x0000, 0x0000,
 0x0000, 0x0000, 0x0000, 0x0000, 0x0000, 0x0000, 0x0000, 0x0000, 0x0000, 0x0000, 0x0000, 0x0000, 0x0000, 0x0000, 0x0000, 0x0000, 
 0x0000, 0x0000, 0x0000, 0x0000, 0x0000, 0x0000, 0x0000, 0x0000, 0x0000, 0x0000, 0x0000, 0x0000, 0x0000, 0x0000, 0x0020, 0x0020, 
 0x0821, 0x0000, 0x0000, 0x0000, 0x0000, 0x0020, 0x0000, 0x0000, 0x0000, 0x0000, 0x0000, 0x0000, 0x0000, 0x0000, 0x0000, 0x0062, 
 0x2a8c, 0x557a, 0x4dfe, 0x55fd, 0x3b4f, 0x0841, 0x0020, 0x0000, 0x0862, 0x330e, 0x5d9b, 0x563e, 0x3391, 0x1105, 0x1967, 0x3392, 
 0x455b, 0x4dfe, 0x4e1e, 0x463e, 0x4e1e, 0x3d3a, 0x33f4, 0x2a8c, 0x18e4, 0x2a4b, 0x1966, 0x18e4, 0x2a6c, 0x4518, 0x4e3e, 0x463e, 
 0x463e, 0x463f, 0x463f, 0x4e1e, 0x4455, 0x324b, 0x0882, 0x0000, 0x6c94, 0x2186, 0x0000, 0x0000, 0x0000, 0x0000, 0x0000, 0x1000, 
 0x0820, 0x5d17, 0x4e1d, 0x55bc, 0x64b5, 0x1925, 0x0000, 0x0000, 0x0000, 0x0000, 0x0000, 0x0000, 0x0000, 0x0000, 0x0000, 0x0000,
 0x0000, 0x0000, 0x0000, 0x0000, 0x0000, 0x0000, 0x0000, 0x0000, 0x0000, 0x0000, 0x0000, 0x0000, 0x0000, 0x0000, 0x0000, 0x0000, 
 0x0000, 0x0000, 0x0000, 0x0000, 0x0000, 0x0000, 0x0000, 0x0000, 0x0000, 0x0000, 0x0000, 0x0000, 0x0000, 0x0000, 0x0000, 0x0000, 
 0x0000, 0x0000, 0x0000, 0x0000, 0x0200, 0x0000, 0x0000, 0x0000, 0x0000, 0x0000, 0x0000, 0x0000, 0x0000, 0x0000, 0x0000, 0x0000, 
 0x0021, 0x2acd, 0x5dfd, 0x5e1e, 0x3391, 0x0000, 0x0021, 0x0021, 0x0021, 0x0042, 0x3b2f, 0x661d, 0x3370, 0x21a8, 0x5454, 0x6e1c, 
 0x663d, 0x663d, 0x561e, 0x4e1e, 0x5e3e, 0x663d, 0x661d, 0x7e1b, 0x326b, 0x0041, 0x0000, 0x32ad, 0x5d7a, 0x4e3e, 0x463e, 0x463e, 
 0x463f, 0x463f, 0x463f, 0x4e3f, 0x4e1e, 0x6579, 0x21a8, 0x0021, 0x0021, 0x0000, 0x0000, 0x0000, 0x0000, 0x0000, 0x0000, 0x0000, 
 0x0020, 0x5538, 0x4e1e, 0x4c75, 0x08a3, 0x0000, 0x0000, 0x0000, 0x0000, 0x0000, 0x0000, 0x0000, 0x0000, 0x0000, 0x0000, 0x0000,
 0x0000, 0x0000, 0x0000, 0x0000, 0x0000, 0x0000, 0x0000, 0x0000, 0x0000, 0x0000, 0x0000, 0x0000, 0x0000, 0x0000, 0x0000, 0x0000, 
 0x0000, 0x0000, 0x0000, 0x0000, 0x0000, 0x0000, 0x0000, 0x0000, 0x0000, 0x0000, 0x0000, 0x0000, 0x0000, 0x0000, 0x0000, 0x0000, 
 0x0000, 0x0000, 0x0000, 0x0820, 0x1105, 0x4b70, 0x0042, 0x0021, 0x29c8, 0x5c74, 0x4434, 0x3c34, 0x4cb6, 0x5518, 0x5d58, 0x5d59, 
 0x5d59, 0x5d59, 0x5539, 0x5539, 0x4d9b, 0x3b70, 0x4370, 0x65bb, 0x55fd, 0x3d19, 0x1aad, 0x08c4, 0x6599, 0x5d9a, 0x55dc, 0x561e, 
 0x3413, 0x19a8, 0x08c3, 0x1946, 0x08e4, 0x3aee, 0x4c34, 0x5454, 0x21a8, 0x0020, 0x0000, 0x1105, 0x1104, 0x0861, 0x0020, 0x220a, 
 0x3cf8, 0x461e, 0x1987, 0x1905, 0x10c4, 0x0821, 0x0000, 0x0000, 0x08a4, 0x2371, 0x2498, 0x2cf9, 0x55fc, 0x6ddc, 0x7d58, 0x4c95, 
 0x4dfd, 0x6579, 0x2a09, 0x0862, 0x0800, 0x0000, 0x0000, 0x0000, 0x0000, 0x0000, 0x0000, 0x0000, 0x0000, 0x0000, 0x0000, 0x0000,
 0x0000, 0x0000, 0x0000, 0x0000, 0x0000, 0x0000, 0x0000, 0x0000, 0x0000, 0x0000, 0x0000, 0x0000, 0x0000, 0x0000, 0x0000, 0x0000, 
 0x0000, 0x0000, 0x0000, 0x0000, 0x0000, 0x0000, 0x0000, 0x0000, 0x0000, 0x0000, 0x0000, 0x0000, 0x0000, 0x0000, 0x0000, 0x0000, 
 0x0000, 0x0000, 0x0000, 0x0000, 0x10c3, 0x0861, 0x2104, 0x0020, 0x0020, 0x0041, 0x0041, 0x0021, 0x0021, 0x0021, 0x0041, 0x0041, 
 0x0042, 0x0041, 0x0041, 0x0063, 0x3330, 0x663d, 0x334f, 0x32ad, 0x5d7a, 0x561d, 0x4d7a, 0x33f3, 0x0042, 0x1167, 0x4455, 0x561d, 
 0x561d, 0x6d9a, 0x324b, 0x1987, 0x53d1, 0x3b0e, 0x08a3, 0x0041, 0x0020, 0x0000, 0x0020, 0x85da, 0x7d77, 0x29a8, 0x0000, 0x2188, 
 0x33b2, 0x3d3a, 0x1946, 0x7473, 0x536f, 0x10c3, 0x0021, 0x0021, 0x3391, 0x2415, 0x2cb9, 0x5dfd, 0x6e1d, 0x3b91, 0x222b, 0x5e3e, 
 0x561d, 0x19a8, 0x0021, 0x0000, 0x0000, 0x0000, 0x0000, 0x0000, 0x0000, 0x0000, 0x0000, 0x0000, 0x0000, 0x0000, 0x0000, 0x0000,
 0x0000, 0x0000, 0x0000, 0x0000, 0x0000, 0x0000, 0x0000, 0x0000, 0x0000, 0x0000, 0x0000, 0x0000, 0x0000, 0x0000, 0x0000, 0x0000, 
 0x0000, 0x0000, 0x0000, 0x0000, 0x0000, 0x0000, 0x0000, 0x0000, 0x0000, 0x0000, 0x0000, 0x0000, 0x0000, 0x0000, 0x0000, 0x0000, 
 0x0000, 0x0000, 0x0000, 0x0000, 0x0000, 0x0840, 0x0000, 0x0000, 0x0840, 0x0840, 0x0020, 0x0020, 0x0020, 0x0020, 0x0821, 0x0821, 
 0x0821, 0x0020, 0x0020, 0x0021, 0x1125, 0x4e1e, 0x4d5a, 0x3b91, 0x2a0a, 0x19c9, 0x43d3, 0x5dbb, 0x19e9, 0x08a3, 0x1147, 0x3bf3, 
 0x55fc, 0x65ba, 0x324b, 0x0862, 0x1925, 0x2187, 0x10c4, 0x1041, 0x1041, 0x0840, 0x0000, 0x29c8, 0x2a2a, 0x6412, 0x3209, 0x10c3, 
 0x1988, 0x3bd2, 0x0862, 0x2987, 0x1945, 0x10e4, 0x330f, 0x2b91, 0x1bf4, 0x351a, 0x5539, 0x2a8c, 0x21c8, 0x430e, 0x54f7, 0x563e, 
 0x4cb6, 0x0862, 0x0020, 0x0800, 0x0000, 0x0000, 0x0000, 0x0000, 0x0000, 0x0000, 0x0000, 0x0000, 0x0000, 0x0000, 0x0000, 0x0000,
 0x0000, 0x0000, 0x0000, 0x0000, 0x0000, 0x0000, 0x0000, 0x0000, 0x0000, 0x0000, 0x0000, 0x0000, 0x0000, 0x0000, 0x0000, 0x0000, 
 0x0000, 0x0000, 0x0000, 0x0000, 0x0000, 0x0000, 0x0000, 0x0000, 0x0000, 0x0000, 0x0000, 0x0000, 0x0000, 0x0000, 0x0000, 0x0000, 
 0x0000, 0x0000, 0x0000, 0x0000, 0x0000, 0x0000, 0x0000, 0x0000, 0x0000, 0x0000, 0x0000, 0x0000, 0x0000, 0x0000, 0x0000, 0x0000, 
 0x0000, 0x0000, 0x0000, 0x0020, 0x0021, 0x4539, 0x463e, 0x3cf8, 0x3b4f, 0x1966, 0x29e9, 0x5495, 0x2392, 0x1a2c, 0x1a2a, 0x32ee, 
 0x4bb2, 0x4bb1, 0x21a7, 0x0020, 0x0000, 0x0000, 0x0000, 0x0000, 0x0000, 0x0000, 0x0020, 0x0000, 0x08a3, 0x4b0d, 0x29c7, 0x0021, 
 0x0863, 0x3b2f, 0x0020, 0x2187, 0x222b, 0x1a6d, 0x2c15, 0x2cd9, 0x24d9, 0x459c, 0x4b90, 0x10e4, 0x2a09, 0x4413, 0x4ddc, 0x5cf7, 
 0x430e, 0x0000, 0x0000, 0x0000, 0x0000, 0x0000, 0x0000, 0x0000, 0x0000, 0x0000, 0x0000, 0x0000, 0x0000, 0x0000, 0x0000, 0x0000,
 0x0000, 0x0000, 0x0000, 0x0000, 0x0000, 0x0000, 0x0000, 0x0000, 0x0000, 0x0000, 0x0000, 0x0000, 0x0000, 0x0000, 0x0000, 0x0000, 
 0x0000, 0x0000, 0x0000, 0x0000, 0x0000, 0x0000, 0x0000, 0x0000, 0x0000, 0x0000, 0x0000, 0x0000, 0x0000, 0x0000, 0x0000, 0x0000, 
 0x0000, 0x0000, 0x0000, 0x0000, 0x0000, 0x0000, 0x0000, 0x0000, 0x0000, 0x0000, 0x0000, 0x0000, 0x0000, 0x0000, 0x0000, 0x0000, 
 0x0000, 0x0000, 0x0000, 0x0000, 0x0800, 0x43b1, 0x661d, 0x563d, 0x5dfc, 0x3b2f, 0x0882, 0x29e8, 0x3d7b, 0x24b8, 0x2c97, 0x1a4c, 
 0x0062, 0x0020, 0x0000, 0x0841, 0x0000, 0x0000, 0x0000, 0x0000, 0x0000, 0x0000, 0x0000, 0x0020, 0x0800, 0x0020, 0x0020, 0x0000, 
 0x0882, 0x42cc, 0x0083, 0x2b30, 0x2c56, 0x1c57, 0x1c78, 0x3d9c, 0x5dbb, 0x6dda, 0x10a3, 0x10e5, 0x5495, 0x4dfd, 0x55fd, 0x2a2a, 
 0x0861, 0x0000, 0x0000, 0x0000, 0x0000, 0x0000, 0x0000, 0x0000, 0x0000, 0x0000, 0x0000, 0x0000, 0x0000, 0x0000, 0x0000, 0x0000,
 0x0000, 0x0000, 0x0000, 0x0000, 0x0000, 0x0000, 0x0000, 0x0000, 0x0000, 0x0000, 0x0000, 0x0000, 0x0000, 0x0000, 0x0000, 0x0000, 
 0x0000, 0x0000, 0x0000, 0x0000, 0x0000, 0x0000, 0x0000, 0x0000, 0x0000, 0x0000, 0x0000, 0x0000, 0x0000, 0x0000, 0x0000, 0x0000, 
 0x0000, 0x0000, 0x0000, 0x0000, 0x0000, 0x0000, 0x0000, 0x0000, 0x0000, 0x0000, 0x0000, 0x0000, 0x0000, 0x0000, 0x0000, 0x0000, 
 0x0000, 0x0000, 0x0000, 0x0000, 0x0000, 0x0062, 0x3b70, 0x5e3d, 0x4dfd, 0x5dfc, 0x330e, 0x0062, 0x5e3d, 0x55dc, 0x34d9, 0x2c15, 
 0x1a2b, 0x0042, 0x0000, 0x0000, 0x0000, 0x0000, 0x0000, 0x0000, 0x0000, 0x0000, 0x0000, 0x0000, 0x0000, 0x0000, 0x0000, 0x0000, 
 0x0000, 0x0041, 0x3350, 0x2436, 0x1c37, 0x2477, 0x4dbb, 0x5e1d, 0x1125, 0x0883, 0x1987, 0x6558, 0x5e3e, 0x561d, 0x6579, 0x0021, 
 0x0020, 0x0000, 0x0000, 0x0000, 0x0000, 0x0000, 0x0000, 0x0000, 0x0000, 0x0000, 0x0000, 0x0000, 0x0000, 0x0000, 0x0000, 0x0000,
 0x0000, 0x0000, 0x0000, 0x0000, 0x0000, 0x0000, 0x0000, 0x0000, 0x0000, 0x0000, 0x0000, 0x0000, 0x0000, 0x0000, 0x0000, 0x0000, 
 0x0000, 0x0000, 0x0000, 0x0000, 0x0000, 0x0000, 0x0000, 0x0000, 0x0000, 0x0000, 0x0000, 0x0000, 0x0000, 0x0000, 0x0000, 0x0000, 
 0x0000, 0x0000, 0x0000, 0x0000, 0x0000, 0x0000, 0x0000, 0x0000, 0x0000, 0x0000, 0x0000, 0x0000, 0x0000, 0x0000, 0x0000, 0x0000, 
 0x0000, 0x0000, 0x0000, 0x0000, 0x0000, 0x0021, 0x1946, 0x4bd2, 0x557b, 0x4e1d, 0x4d18, 0x3b2f, 0x3aac, 0x32ee, 0x3435, 0x34d8, 
 0x33f3, 0x3b4f, 0x2166, 0x0000, 0x0000, 0x0000, 0x0000, 0x0000, 0x0000, 0x0000, 0x0000, 0x0000, 0x0000, 0x0000, 0x0000, 0x0000, 
 0x0000, 0x21c8, 0x23d4, 0x2cd9, 0x3d5b, 0x555a, 0x332f, 0x2a2a, 0x10c3, 0x4b2f, 0x4c75, 0x4ddc, 0x5e3d, 0x4c75, 0x3a8b, 0x0020, 
 0x0000, 0x0000, 0x0000, 0x0000, 0x0000, 0x0000, 0x0000, 0x0000, 0x0000, 0x0000, 0x0000, 0x0000, 0x0000, 0x0000, 0x0000, 0x0000,
 0x0000, 0x0000, 0x0000, 0x0000, 0x0000, 0x0000, 0x0000, 0x0000, 0x0000, 0x0000, 0x0000, 0x0000, 0x0000, 0x0000, 0x0000, 0x0000, 
 0x0000, 0x0000, 0x0000, 0x0000, 0x0000, 0x0000, 0x0000, 0x0000, 0x0000, 0x0000, 0x0000, 0x0000, 0x0000, 0x0000, 0x0000, 0x0000, 
 0x0000, 0x0000, 0x0000, 0x0000, 0x0000, 0x0000, 0x0000, 0x0000, 0x0000, 0x0000, 0x0000, 0x0000, 0x0000, 0x0000, 0x0000, 0x0000, 
 0x0000, 0x0000, 0x0000, 0x0000, 0x0000, 0x0000, 0x0000, 0x0000, 0x0020, 0x0883, 0x1a2b, 0x3455, 0x4ddc, 0x557a, 0x6d99, 0x32ac, 
 0x0883, 0x1105, 0x1106, 0x7578, 0x324a, 0x0021, 0x0000, 0x0800, 0x0000, 0x0000, 0x0000, 0x0000, 0x2124, 0x0020, 0x0040, 0x3a6a, 
 0x6d17, 0x3b71, 0x10e5, 0x0862, 0x430d, 0x6517, 0x5dba, 0x65fc, 0x5e3d, 0x44f8, 0x10e5, 0x0821, 0x0020, 0x0000, 0x0000, 0x0000, 
 0x0000, 0x0000, 0x0000, 0x0000, 0x0000, 0x0000, 0x0000, 0x0000, 0x0000, 0x0000, 0x0000, 0x0000, 0x0000, 0x0000, 0x0000, 0x0000,
 0x0000, 0x0000, 0x0000, 0x0000, 0x0000, 0x0000, 0x0000, 0x0000, 0x0000, 0x0000, 0x0000, 0x0000, 0x0000, 0x0000, 0x0000, 0x0000, 
 0x0000, 0x0000, 0x0000, 0x0000, 0x0000, 0x0000, 0x0000, 0x0000, 0x0000, 0x0000, 0x0000, 0x0000, 0x0000, 0x0000, 0x0000, 0x0000, 
 0x0000, 0x0000, 0x0000, 0x0000, 0x0000, 0x0000, 0x0000, 0x0000, 0x0000, 0x0000, 0x0000, 0x0000, 0x0000, 0x0000, 0x0000, 0x0000, 
 0x0000, 0x0000, 0x0000, 0x0000, 0x0000, 0x0000, 0x0000, 0x0800, 0x0800, 0x0000, 0x1926, 0x2a2a, 0x457b, 0x4dfd, 0x561e, 0x4cd7, 
 0x4bd2, 0x4b6f, 0x2166, 0x42ed, 0x1945, 0x0020, 0x0000, 0x0000, 0x0000, 0x0000, 0x0000, 0x0000, 0x0020, 0x0020, 0x0020, 0x2145, 
 0x3acc, 0x21a8, 0x3acd, 0x3b70, 0x4cb6, 0x4ddc, 0x4e1d, 0x459b, 0x3b50, 0x2a6b, 0x0842, 0x0000, 0x0000, 0x0000, 0x0000, 0x0000, 
 0x0000, 0x0000, 0x0000, 0x0000, 0x0000, 0x0000, 0x0000, 0x0000, 0x0000, 0x0000, 0x0000, 0x0000, 0x0000, 0x0000, 0x0000, 0x0000,
 0x0000, 0x0000, 0x0000, 0x0000, 0x0000, 0x0000, 0x0000, 0x0000, 0x0000, 0x0000, 0x0000, 0x0000, 0x0000, 0x0000, 0x0000, 0x0000, 
 0x0000, 0x0000, 0x0000, 0x0000, 0x0000, 0x0000, 0x0000, 0x0000, 0x0000, 0x0000, 0x0000, 0x0000, 0x0000, 0x0000, 0x0000, 0x0000, 
 0x0000, 0x0000, 0x0000, 0x0000, 0x0000, 0x0000, 0x0000, 0x0000, 0x0000, 0x0000, 0x0000, 0x0000, 0x0000, 0x0000, 0x0000, 0x0000, 
 0x0000, 0x0000, 0x0000, 0x0000, 0x0000, 0x0000, 0x0000, 0x0000, 0x0000, 0x0000, 0x0020, 0x0020, 0x5474, 0x5538, 0x4d9b, 0x4e1d, 
 0x563e, 0x5dbb, 0x330e, 0x1125, 0x1125, 0x1146, 0x1104, 0x0861, 0x0000, 0x0000, 0x0000, 0x0000, 0x0020, 0x10e4, 0x1946, 0x1946, 
 0x1966, 0x1987, 0x5519, 0x4dfd, 0x45bd, 0x559b, 0x5d38, 0x4434, 0x08a3, 0x0820, 0x0000, 0x0000, 0x0000, 0x0000, 0x0000, 0x0000, 
 0x0000, 0x0000, 0x0000, 0x0000, 0x0000, 0x0000, 0x0000, 0x0000, 0x0000, 0x0000, 0x0000, 0x0000, 0x0000, 0x0000, 0x0000, 0x0000,
 0x0000, 0x0000, 0x0000, 0x0000, 0x0000, 0x0000, 0x0000, 0x0000, 0x0000, 0x0000, 0x0000, 0x0000, 0x0000, 0x0000, 0x0000, 0x0000, 
 0x0000, 0x0000, 0x0000, 0x0000, 0x0000, 0x0000, 0x0000, 0x0000, 0x0000, 0x0000, 0x0000, 0x0000, 0x0000, 0x0000, 0x0000, 0x0000, 
 0x0000, 0x0000, 0x0000, 0x0000, 0x0000, 0x0000, 0x0000, 0x0000, 0x0000, 0x0000, 0x0000, 0x0000, 0x0000, 0x0000, 0x0000, 0x0000, 
 0x0000, 0x0000, 0x0000, 0x0000, 0x0000, 0x0000, 0x0000, 0x0000, 0x0000, 0x0000, 0x0000, 0x0861, 0x0000, 0x08e4, 0x230f, 0x4d5a, 
 0x663d, 0x6e5d, 0x661d, 0x5dfd, 0x661d, 0x6e3d, 0x64d5, 0x21a7, 0x0021, 0x0021, 0x0021, 0x0020, 0x0063, 0x4c33, 0x661c, 0x663d, 
 0x663d, 0x663d, 0x663e, 0x661d, 0x44f8, 0x3bb1, 0x10e4, 0x0000, 0x0000, 0x0000, 0x0000, 0x0000, 0x0000, 0x0000, 0x0000, 0x0000, 
 0x0000, 0x0000, 0x0000, 0x0000, 0x0000, 0x0000, 0x0000, 0x0000, 0x0000, 0x0000, 0x0000, 0x0000, 0x0000, 0x0000, 0x0000, 0x0000,
 0x0000, 0x0000, 0x0000, 0x0000, 0x0000, 0x0000, 0x0000, 0x0000, 0x0000, 0x0000, 0x0000, 0x0000, 0x0000, 0x0000, 0x0000, 0x0000, 
 0x0000, 0x0000, 0x0000, 0x0000, 0x0000, 0x0000, 0x0000, 0x0000, 0x0000, 0x0000, 0x0000, 0x0000, 0x0000, 0x0000, 0x0000, 0x0000, 
 0x0000, 0x0000, 0x0000, 0x0000, 0x0000, 0x0000, 0x0000, 0x0000, 0x0000, 0x0000, 0x0000, 0x0000, 0x0000, 0x0000, 0x0000, 0x0000, 
 0x0000, 0x0000, 0x0000, 0x0000, 0x0000, 0x0000, 0x0000, 0x0000, 0x0000, 0x0000, 0x0000, 0x0000, 0x0840, 0x10e3, 0x1105, 0x1147, 
 0x1967, 0x19a8, 0x2351, 0x4e1e, 0x563e, 0x4e3e, 0x55fc, 0x5579, 0x5d38, 0x5d18, 0x5d18, 0x5d18, 0x5518, 0x4dbc, 0x4e1d, 0x4e1d, 
 0x561e, 0x453a, 0x220a, 0x1967, 0x1126, 0x10e4, 0x10a3, 0x0000, 0x0040, 0x0000, 0x0000, 0x0000, 0x0000, 0x0000, 0x0000, 0x0000, 
 0x0000, 0x0000, 0x0000, 0x0000, 0x0000, 0x0000, 0x0000, 0x0000, 0x0000, 0x0000, 0x0000, 0x0000, 0x0000, 0x0000, 0x0000, 0x0000,
 0x0000, 0x0000, 0x0000, 0x0000, 0x0000, 0x0000, 0x0000, 0x0000, 0x0000, 0x0000, 0x0000, 0x0000, 0x0000, 0x0000, 0x0000, 0x0000, 
 0x0000, 0x0000, 0x0000, 0x0000, 0x0000, 0x0000, 0x0000, 0x0000, 0x0000, 0x0000, 0x0000, 0x0000, 0x0000, 0x0000, 0x0000, 0x0000, 
 0x0000, 0x0000, 0x0000, 0x0000, 0x0000, 0x0000, 0x0000, 0x0000, 0x0000, 0x0000, 0x0000, 0x0000, 0x0000, 0x0000, 0x0000, 0x0000, 
 0x0000, 0x0000, 0x0000, 0x0000, 0x0000, 0x0000, 0x0000, 0x0000, 0x0000, 0x0000, 0x0000, 0x0000, 0x0000, 0x0000, 0x0020, 0x0000, 
 0x0000, 0x0041, 0x19a8, 0x43f2, 0x43f2, 0x4cd7, 0x459b, 0x45fd, 0x4e1e, 0x4e1e, 0x4e1e, 0x4e1d, 0x4e1d, 0x455a, 0x4434, 0x43b1, 
 0x4bd2, 0x3b2f, 0x10e4, 0x0000, 0x0000, 0x0000, 0x0000, 0x0000, 0x0000, 0x0000, 0x0000, 0x0000, 0x0000, 0x0000, 0x0000, 0x0000, 
 0x0000, 0x0000, 0x0000, 0x0000, 0x0000, 0x0000, 0x0000, 0x0000, 0x0000, 0x0000, 0x0000, 0x0000, 0x0000, 0x0000, 0x0000, 0x0000,
 0x0000, 0x0000, 0x0000, 0x0000, 0x0000, 0x0000, 0x0000, 0x0000, 0x0000, 0x0000, 0x0000, 0x0000, 0x0000, 0x0000, 0x0000, 0x0000, 
 0x0000, 0x0000, 0x0000, 0x0000, 0x0000, 0x0000, 0x0000, 0x0000, 0x0000, 0x0000, 0x0000, 0x0000, 0x0000, 0x0000, 0x0000, 0x0000, 
 0x0000, 0x0000, 0x0000, 0x0000, 0x0000, 0x0000, 0x0000, 0x0000, 0x0000, 0x0000, 0x0000, 0x0000, 0x0000, 0x0000, 0x0000, 0x0000, 
 0x0000, 0x0000, 0x0000, 0x0000, 0x0000, 0x0000, 0x0000, 0x0000, 0x0000, 0x0000, 0x0000, 0x0000, 0x0000, 0x0000, 0x0000, 0x0000, 
 0x0800, 0x0000, 0x0000, 0x0020, 0x0021, 0x2a4a, 0x4433, 0x5518, 0x5d59, 0x5d59, 0x5d59, 0x5d59, 0x5d38, 0x43f2, 0x1987, 0x0041, 
 0x0020, 0x0020, 0x0020, 0x0000, 0x0000, 0x0000, 0x0000, 0x0000, 0x0000, 0x0000, 0x0000, 0x0000, 0x0000, 0x0000, 0x0000, 0x0000, 
 0x0000, 0x0000, 0x0000, 0x0000, 0x0000, 0x0000, 0x0000, 0x0000, 0x0000, 0x0000, 0x0000, 0x0000, 0x0000, 0x0000, 0x0000, 0x0000,
 0x0000, 0x0000, 0x0000, 0x0000, 0x0000, 0x0000, 0x0000, 0x0000, 0x0000, 0x0000, 0x0000, 0x0000, 0x0000, 0x0000, 0x0000, 0x0000, 
 0x0000, 0x0000, 0x0000, 0x0000, 0x0000, 0x0000, 0x0000, 0x0000, 0x0000, 0x0000, 0x0000, 0x0000, 0x0000, 0x0000, 0x0000, 0x0000, 
 0x0000, 0x0000, 0x0000, 0x0000, 0x0000, 0x0000, 0x0000, 0x0000, 0x0000, 0x0000, 0x0000, 0x0000, 0x0000, 0x0000, 0x0000, 0x0000, 
 0x0000, 0x0000, 0x0000, 0x0000, 0x0000, 0x0000, 0x0000, 0x0000, 0x0000, 0x0000, 0x0000, 0x0000, 0x0000, 0x0000, 0x0000, 0x0000, 
 0x0000, 0x0000, 0x0000, 0x0000, 0x0000, 0x0000, 0x0000, 0x0000, 0x0000, 0x0000, 0x0000, 0x0000, 0x0000, 0x0000, 0x0000, 0x0000, 
 0x0000, 0x0000, 0x0000, 0x0000, 0x0000, 0x0000, 0x0000, 0x0000, 0x0000, 0x0000, 0x0000, 0x0000, 0x0000, 0x0000, 0x0000, 0x0000, 
 0x0000, 0x0000, 0x0000, 0x0000, 0x0000, 0x0000, 0x0000, 0x0000, 0x0000, 0x0000, 0x0000, 0x0000, 0x0000, 0x0000, 0x0000, 0x0000,
 0x0000, 0x0000, 0x0000, 0x0000, 0x0000, 0x0000, 0x0000, 0x0000, 0x0000, 0x0000, 0x0000, 0x0000, 0x0000, 0x0000, 0x0000, 0x0000, 
 0x0000, 0x0000, 0x0000, 0x0000, 0x0000, 0x0000, 0x0000, 0x0000, 0x0000, 0x0000, 0x0000, 0x0000, 0x0000, 0x0000, 0x0000, 0x0000, 
 0x0000, 0x0000, 0x0000, 0x0000, 0x0000, 0x0000, 0x0000, 0x0000, 0x0000, 0x0000, 0x0000, 0x0000, 0x0000, 0x0000, 0x0000, 0x0000, 
 0x0000, 0x0000, 0x0000, 0x0000, 0x0000, 0x0000, 0x0000, 0x0000, 0x0000, 0x0000, 0x0000, 0x0000, 0x0000, 0x0000, 0x0000, 0x0000, 
 0x0000, 0x0000, 0x0000, 0x0000, 0x0000, 0x0000, 0x0000, 0x0000, 0x0000, 0x0000, 0x0000, 0x0000, 0x0000, 0x0000, 0x0000, 0x0000, 
 0x0000, 0x0000, 0x0000, 0x0000, 0x0000, 0x0000, 0x0000, 0x0000, 0x0000, 0x0000, 0x0000, 0x0000, 0x0000, 0x0000, 0x0000, 0x0000, 
 0x0000, 0x0000, 0x0000, 0x0000, 0x0000, 0x0000, 0x0000, 0x0000, 0x0000, 0x0000, 0x0000, 0x0000, 0x0000, 0x0000, 0x0000, 0x0000,
 0x0000, 0x0000, 0x0000, 0x0000, 0x0000, 0x0000, 0x0000, 0x0000, 0x0000, 0x0000, 0x0000, 0x0000, 0x0000, 0x0000, 0x0000, 0x0000, 
 0x0000, 0x0000, 0x0000, 0x0000, 0x0000, 0x0000, 0x0000, 0x0000, 0x0000, 0x0000, 0x0000, 0x0000, 0x0000, 0x0000, 0x0000, 0x0000, 
 0x0000, 0x0000, 0x0000, 0x0000, 0x0000, 0x0000, 0x0000, 0x0000, 0x0000, 0x0000, 0x0000, 0x0000, 0x0000, 0x0000, 0x0000, 0x0000, 
 0x0000, 0x0000, 0x0000, 0x0000, 0x0000, 0x0000, 0x0000, 0x0000, 0x0000, 0x0000, 0x0000, 0x0000, 0x0000, 0x0000, 0x0000, 0x0000, 
 0x0000, 0x0000, 0x0000, 0x0000, 0x0000, 0x0000, 0x0000, 0x0000, 0x0000, 0x0000, 0x0000, 0x0000, 0x0000, 0x0000, 0x0000, 0x0000, 
 0x0000, 0x0000, 0x0000, 0x0000, 0x0000, 0x0000, 0x0000, 0x0000, 0x0000, 0x0000, 0x0000, 0x0000, 0x0000, 0x0000, 0x0000, 0x0000, 
 0x0000, 0x0000, 0x0000, 0x0000, 0x0000, 0x0000, 0x0000, 0x0000, 0x0000, 0x0000, 0x0000, 0x0000, 0x0000, 0x0000, 0x0000, 0x0000,
 0x0000, 0x0000, 0x0000, 0x0000, 0x0000, 0x0000, 0x0000, 0x0000, 0x0000, 0x0000, 0x0000, 0x0000, 0x0000, 0x0000, 0x0000, 0x0000, 
 0x0000, 0x0000, 0x0000, 0x0000, 0x0000, 0x0000, 0x0000, 0x0000, 0x0000, 0x0000, 0x0000, 0x0000, 0x0000, 0x0000, 0x0000, 0x0000, 
 0x0000, 0x0000, 0x0000, 0x0000, 0x0000, 0x0000, 0x0000, 0x0000, 0x0000, 0x0000, 0x0000, 0x0000, 0x0000, 0x0000, 0x0000, 0x0000, 
 0x0000, 0x0000, 0x0000, 0x0000, 0x0000, 0x0000, 0x0000, 0x0000, 0x0000, 0x0000, 0x0000, 0x0000, 0x0000, 0x0000, 0x0000, 0x0000, 
 0x0000, 0x0000, 0x0000, 0x0000, 0x0000, 0x0000, 0x0000, 0x0000, 0x0000, 0x0000, 0x0000, 0x0000, 0x0000, 0x0000, 0x0000, 0x0000, 
 0x0000, 0x0000, 0x0000, 0x0000, 0x0000, 0x0000, 0x0000, 0x0000, 0x0000, 0x0000, 0x0000, 0x0000, 0x0000, 0x0000, 0x0000, 0x0000, 
 0x0000, 0x0000, 0x0000, 0x0000, 0x0000, 0x0000, 0x0000, 0x0000, 0x0000, 0x0000, 0x0000, 0x0000, 0x0000, 0x0000, 0x0000, 0x0000
};

const uint16_t buttons[] = {
 0x0000, 0x0000, 0x0000, 0x0000, 0x0000, 0x0000, 0x0000, 0x0000, 0x0000, 0x0000, 0x0000, 0x0000, 0x0000, 0x0000, 0x0000, 0x0000,
 0x0000, 0x0000, 0x0000, 0x0000, 0x0000, 0x0000, 0x0000, 0x0000, 0x0000, 0x0000, 0x0000, 0x0000, 0x0000, 0x0000, 0x0000, 0x0000,
 0x0000, 0x0000, 0x0000, 0x0000, 0x0000, 0x0000, 0x0000, 0x0000, 0x0000, 0x0000, 0x0000, 0x0000, 0x0000, 0x0000, 0x0000, 0x0000,
 0x0000, 0x0000, 0x0000, 0x0000, 0x0000, 0x0000, 0x0000, 0x18e2, 0x10a2, 0x18a2, 0x10c2, 0x18a2, 0x18c2, 0x18c2, 0x10c2, 0x10c2,
 0x0000, 0x0000, 0x0000, 0x0000, 0x0000, 0x0000, 0x0000, 0x0000, 0x0000, 0x0000, 0x0000, 0x0000, 0x0000, 0x18e3, 0x0840, 0x0001,
 0x18e7, 0x4a30, 0x31b1, 0x31d1, 0x39f1, 0x31d0, 0x296b, 0x0842, 0x0841, 0x10a1, 0x0000, 0x0000, 0x0000, 0x0000, 0x0000, 0x0000,
 0x0000, 0x0000, 0x0000, 0x0000, 0x0000, 0x0023, 0x0889, 0x4abc, 0x39da, 0x1076, 0x1097, 0x1097, 0x1097, 0x1076, 0x20d6, 0x39da,
 0x190c, 0x0044, 0x0021, 0x0000, 0x0000, 0x0000, 0x0000, 0x0000, 0x0000, 0x0000, 0x0000, 0x10a2, 0x0843, 0x5ada, 0x3a1a, 0x1037,
 0x1037, 0x1058, 0x1058, 0x1078, 0x1079, 0x1057, 0x1057, 0x1056, 0x2958, 0x4a5a, 0x4a55, 0x1082, 0x0000, 0x0000, 0x0000, 0x0000,
 0x0000, 0x2983, 0x2943, 0x0020, 0x10c8, 0x52bc, 0x18d7, 0x1077, 0x1077, 0x1077, 0x1038, 0x1058, 0x1058, 0x1057, 0x1057, 0x1076,
 0x10b6, 0x2979, 0x4a9b, 0x0000, 0x10c2, 0x0000, 0x0000, 0x0000, 0x0000, 0x0000, 0x0001, 0x39f6, 0x18b7, 0x10b7, 0x10d7, 0xad5b,
 0xad5b, 0xad5b, 0xa53a, 0xa53a, 0xa51a, 0x9cfa, 0x18f4, 0x10d7, 0x10b8, 0x10b8, 0x1098, 0x4a58, 0x18ea, 0x0882, 0x0000, 0x0000,
 0x0000, 0x0000, 0x0001, 0x425b, 0x1076, 0x1097, 0x18d7, 0xf7df, 0xffff, 0xffff, 0xffdf, 0xffdf, 0xffdf, 0xf7df, 0x4274, 0x1916,
 0x10b7, 0x10b8, 0x1098, 0x3197, 0x39b1, 0x0881, 0x0000, 0x0000, 0x0000, 0x18e3, 0x0022, 0x39db, 0x1096, 0x10b7, 0x18d7, 0xf7df,
 0xffff, 0xffff, 0xffdf, 0xffdf, 0xffdf, 0xffff, 0xcebe, 0x4275, 0x10b7, 0x1098, 0x1099, 0x2957, 0x31b2, 0x0841, 0x0000, 0x0000,
 0x0000, 0x10a6, 0x6bbb, 0x1079, 0x1097, 0x1097, 0x10b6, 0xf7df, 0xffff, 0xf7bf, 0x1058, 0x1058, 0x1096, 0xb59b, 0xffff, 0xf7df,
 0x1095, 0x10b8, 0x1898, 0x1878, 0x1895, 0x1069, 0x18c2, 0x0000, 0x0000, 0x1086, 0x5b19, 0x1078, 0x1098, 0x1897, 0x1897, 0xf7df,
 0xffff, 0xf7df, 0x1038, 0x1059, 0x1096, 0xb59a, 0xffff, 0xffdf, 0x1074, 0x1898, 0x1898, 0x18b8, 0x1896, 0x104a, 0x18c2, 0x0000,
 0x0000, 0x10a6, 0x5b19, 0x10b8, 0x10b7, 0x1897, 0x1896, 0xf7df, 0xffff, 0xffdf, 0x6359, 0x6359, 0x7bd9, 0xf7df, 0xb5da, 0xa55b,
 0x1054, 0x1076, 0x1097, 0x18b8, 0x18b6, 0x106a, 0x18c2, 0x0000, 0x0000, 0x10a6, 0x5b39, 0x18b8, 0x1097, 0x1897, 0x1896, 0xf7df,
 0xffff, 0xffff, 0xffff, 0xffff, 0xffff, 0xffdf, 0x7bd6, 0x2954, 0x1036, 0x1057, 0x1077, 0x18b8, 0x18b6, 0x108c, 0x18c3, 0x0000,
 0x0000, 0x10a6, 0x5b39, 0x1078, 0x1897, 0x18b6, 0x18b6, 0xf7df, 0xffff, 0xffdf, 0x39d3, 0x39d3, 0x4232, 0xef7f, 0xffdf, 0xe73e,
 0x1035, 0x1078, 0x1078, 0x1897, 0x18b5, 0x108b, 0x18e3, 0x0000, 0x0000, 0x10a6, 0x5b39, 0x1078, 0x1897, 0x18b6, 0x18b6, 0xf7bf,
 0xffff, 0xf7df, 0x1094, 0x1074, 0x0852, 0xbddc, 0xffff, 0xf7df, 0x1075, 0x1078, 0x1058, 0x1897, 0x1895, 0x10ab, 0x1903, 0x0000,
 0x0000, 0x0822, 0x18ea, 0x1035, 0x1077, 0x18b6, 0x18b6, 0xf7df, 0xffff, 0xffff, 0x1052, 0x1053, 0x1071, 0xd6bd, 0xffff, 0xffdf,
 0x1076, 0x1098, 0x1078, 0x1896, 0x1050, 0x0023, 0x18e3, 0x0000, 0x0000, 0x0840, 0x0002, 0x0813, 0x1077, 0x1896, 0x10b6, 0xf7df,
 0xffff, 0xf7df, 0x6334, 0x62f5, 0x6334, 0xefbf, 0xffff, 0xef9f, 0x1076, 0x1097, 0x1077, 0x18b5, 0x102e, 0x0001, 0x0000, 0x0000,
 0x0000, 0x18e2, 0x0002, 0x1033, 0x1077, 0x1096, 0x1097, 0xffdf, 0xffff, 0xffff, 0xef9f, 0xef7f, 0xef9f, 0xffff, 0xcebd, 0x7396,
 0x1076, 0x1097, 0x1097, 0x18b4, 0x106c, 0x0020, 0x0000, 0x0000, 0x0000, 0x0000, 0x0000, 0x0006, 0x0852, 0x10b7, 0x1098, 0x2953,
 0x2933, 0x2952, 0x2951, 0x2951, 0x2971, 0x31d4, 0x1076, 0x1057, 0x1076, 0x1077, 0x1097, 0x0829, 0x0002, 0x0000, 0x0000, 0x0000,
 0x0000, 0x0000, 0x18e3, 0x0002, 0x082e, 0x18d7, 0x18d8, 0x1096, 0x18b6, 0x18b5, 0x18b5, 0x18b5, 0x18d6, 0x18b5, 0x1897, 0x1897,
 0x1076, 0x1076, 0x1095, 0x0004, 0x0000, 0x0000, 0x0000, 0x0000, 0x0000, 0x0000, 0x0000, 0x10a1, 0x0003, 0x082e, 0x0832, 0x18b6,
 0x18b6, 0x18b7, 0x1897, 0x1897, 0x18b7, 0x18b7, 0x1897, 0x1896, 0x1853, 0x082d, 0x0009, 0x1082, 0x0000, 0x0000, 0x0000, 0x0000,
 0x0000, 0x0000, 0x0000, 0x0000, 0x0000, 0x0002, 0x0006, 0x080e, 0x0851, 0x18b5, 0x1897, 0x18b6, 0x18b6, 0x18b6, 0x1095, 0x0831,
 0x0006, 0x0002, 0x0000, 0x0000, 0x0000, 0x0000, 0x0000, 0x0000, 0x0000, 0x0000, 0x0000, 0x0000, 0x0000, 0x0000, 0x0840, 0x0002,
 0x0005, 0x0809, 0x082a, 0x082a, 0x082a, 0x082a, 0x0027, 0x0003, 0x0020, 0x18c2, 0x0000, 0x0000, 0x0000, 0x0000, 0x0000, 0x0000,
 0x0000, 0x0000, 0x0000, 0x0000, 0x0000, 0x0000, 0x0000, 0x0841, 0x0001, 0x0001, 0x0002, 0x0001, 0x0001, 0x0002, 0x0001, 0x0000,
 0x0000, 0x0000, 0x0000, 0x0000, 0x0000, 0x0000, 0x0000, 0x0000, 0x0000, 0x0000, 0x0000, 0x0000, 0x0000, 0x0000, 0x0000, 0x0000,
 0x0000, 0x0000, 0x0000, 0x0000, 0x0000, 0x0000, 0x0000, 0x0000, 0x0000, 0x0000, 0x0000, 0x0000, 0x0000, 0x0000, 0x0000, 0x0000,
 0x0000, 0x0000, 0x0000, 0x0000, 0x0000, 0x0000, 0x0000, 0x0000, 0x0000, 0x0000, 0x0000, 0x0000, 0x0000, 0x0000, 0x0000, 0x0000,
 0x0000, 0x0000, 0x0000, 0x0000, 0x0000, 0x0000, 0x0000, 0x0000, 0x0000, 0x0000, 0x0000, 0x0000, 0x0000, 0x0000, 0x0000, 0x0000,
 0x0000, 0x0000, 0x0000, 0x0000, 0x0000, 0x0000, 0x0000, 0x0000, 0x0000, 0x0000, 0x0000, 0x0000, 0x0000, 0x0000, 0x0000, 0x0000,
 0x0000, 0x0000, 0x0000, 0x0000, 0x0000, 0x0000, 0x0000, 0x1902, 0x18e2, 0x18c2, 0x10a2, 0x10a1, 0x10a1, 0x10a1, 0x18a2, 0x18e2,
 0x0000, 0x0000, 0x0000, 0x0000, 0x0000, 0x0000, 0x0000, 0x0000, 0x0000, 0x0000, 0x0000, 0x0000, 0x0000, 0x0000, 0x0861, 0x0020,
 0x738e, 0xbdf7, 0xc618, 0xc618, 0xc618, 0xbe18, 0x6b4d, 0x4208, 0x1081, 0x0000, 0x0000, 0x0000, 0x0000, 0x0000, 0x0000, 0x0000,
 0x0000, 0x0000, 0x0000, 0x0000, 0x2143, 0x31a6, 0x4208, 0xef5d, 0x8410, 0x0020, 0x0000, 0x0000, 0x0000, 0x0000, 0x738e, 0xa514,
 0x52aa, 0x10a2, 0x0020, 0x0000, 0x0000, 0x0000, 0x0000, 0x0000, 0x0000, 0x0000, 0x0000, 0x10a2, 0x39c7, 0xef7d, 0x5aeb, 0x0020,
 0x0000, 0x0000, 0x0000, 0x0000, 0x0000, 0x0000, 0x0000, 0x0020, 0x8c51, 0x9492, 0x9cf3, 0x10a2, 0x0000, 0x0000, 0x0000, 0x0000,
 0x0000, 0x0000, 0x0000, 0x0020, 0xb5b7, 0xa534, 0x0861, 0x0000, 0x0000, 0x0000, 0x0000, 0x0000, 0x0000, 0x0000, 0x0000, 0x0000,
 0x0841, 0x2104, 0xef7d, 0x0841, 0x18e3, 0x0000, 0x0000, 0x0000, 0x0000, 0x0000, 0x0020, 0xbdf7, 0x4208, 0x0000, 0x0000, 0x0000,
 0x0000, 0x0000, 0x0000, 0x0000, 0x0000, 0x0000, 0x0000, 0x0000, 0x0000, 0x0000, 0x0000, 0xf7be, 0x6b6d, 0x0841, 0x0000, 0x0000,
 0x0000, 0x0000, 0x18c3, 0xbdd7, 0x0841, 0x0000, 0x0000, 0x0000, 0x0000, 0x0000, 0x0000, 0x0000, 0x0000, 0x0000, 0x0000, 0x0000,
 0x0000, 0x0000, 0x0000, 0xe75c, 0xe73c, 0x0861, 0x0000, 0x0000, 0x0000, 0x18c3, 0x18e3, 0xad75, 0x0000, 0x0000, 0x0000, 0x18e3,
 0x18e3, 0x18e3, 0x10c3, 0x10a2, 0x10a2, 0x18c3, 0x18c3, 0x18e3, 0x0000, 0x0000, 0x0000, 0x738e, 0xef5d, 0x0841, 0x0000, 0x0000,
 0x0000, 0x2965, 0xe73c, 0x0000, 0x0000, 0x0000, 0x0000, 0xef5d, 0xe75d, 0xe75d, 0xe73c, 0xe73c, 0xe73c, 0xe73c, 0xe73d, 0xe75d,
 0x0000, 0x0000, 0x0000, 0x0000, 0x0861, 0xce59, 0x18c2, 0x0000, 0x0000, 0x2965, 0xe73c, 0x0000, 0x0000, 0x0000, 0x0000, 0x1082,
 0x0881, 0x0861, 0x0020, 0x0020, 0x0020, 0x0020, 0x0841, 0x1082, 0x0000, 0x0000, 0x0000, 0x0000, 0x0861, 0xce59, 0x18c2, 0x0000,
 0x0000, 0x2965, 0xe73c, 0x0000, 0x0000, 0x0000, 0x0000, 0x2945, 0x2945, 0x2945, 0x2945, 0x2945, 0x2945, 0x2945, 0x2945, 0x2945,
 0x0000, 0x0000, 0x0000, 0x0000, 0x0861, 0xce79, 0x18c2, 0x0000, 0x0000, 0x2965, 0xe73c, 0x0000, 0x0000, 0x0000, 0x0000, 0xffff,
 0xffff, 0xffff, 0xffff, 0xffff, 0xffff, 0xffff, 0xffff, 0xffff, 0x0000, 0x0000, 0x0000, 0x0000, 0x0861, 0xce79, 0x18c2, 0x0000,
 0x0000, 0x2965, 0xe73c, 0x0000, 0x0000, 0x0000, 0x0000, 0x10a2, 0x10a2, 0x10a2, 0x18c3, 0x10c3, 0x10c3, 0x10a2, 0x10c2, 0x18c3,
 0x0000, 0x0000, 0x0000, 0x0000, 0x0861, 0xd69a, 0x18c2, 0x0000, 0x0000, 0x2965, 0xef5d, 0x0020, 0x0000, 0x0000, 0x0000, 0x0000,
 0x0000, 0x0000, 0x0000, 0x0000, 0x0000, 0x0000, 0x0000, 0x0000, 0x0000, 0x0000, 0x0000, 0x0000, 0x0861, 0xd69a, 0x18c2, 0x0000,
 0x0000, 0x0861, 0x4a6a, 0x8431, 0x0000, 0x0000, 0x0000, 0xffff, 0xffff, 0xffff, 0xffdf, 0xffdf, 0xffdf, 0xffdf, 0xf7df, 0xffff,
 0x0000, 0x0000, 0x0000, 0x2965, 0x9cd3, 0x6b4d, 0x10a2, 0x0000, 0x0000, 0x1081, 0x18c3, 0xbdf7, 0x0000, 0x0000, 0x0000, 0xa534,
 0xa514, 0xa514, 0x9cf3, 0x9cf3, 0x9cf3, 0x9cf3, 0x9cf3, 0x9d14, 0x0000, 0x0000, 0x0000, 0x5aeb, 0xef7d, 0x0020, 0x10c2, 0x0000,
 0x0000, 0x0000, 0x18c3, 0xbdb7, 0x0000, 0x0000, 0x0000, 0x0000, 0x0000, 0x0000, 0x0000, 0x0000, 0x0000, 0x0000, 0x0000, 0x0000,
 0x0000, 0x0000, 0x0000, 0x5aeb, 0xef7d, 0x0841, 0x0000, 0x0000, 0x0000, 0x0000, 0x0000, 0x5acb, 0x7bcf, 0x0000, 0x0000, 0x0000,
 0x0000, 0x0000, 0x0000, 0x0000, 0x0000, 0x0000, 0x0000, 0x0000, 0x0000, 0x0000, 0x0000, 0xdedb, 0x10a2, 0x0000, 0x0000, 0x0000,
 0x0000, 0x0000, 0x0000, 0x0020, 0xe71c, 0x2104, 0x0000, 0x0000, 0x0000, 0x0000, 0x0000, 0x0000, 0x0000, 0x0000, 0x0000, 0x0000,
 0x0000, 0x0841, 0x39c7, 0x2104, 0x0020, 0x0000, 0x0000, 0x0000, 0x0000, 0x0000, 0x0000, 0x0000, 0x18c3, 0xdedb, 0xad75, 0x0000,
 0x0000, 0x0000, 0x0000, 0x0000, 0x0000, 0x0000, 0x0000, 0x0000, 0x4a69, 0xa534, 0xdefb, 0x10a2, 0x0000, 0x0000, 0x0000, 0x0000,
 0x0000, 0x0000, 0x0000, 0x0000, 0x0000, 0x0861, 0x10a2, 0xbdf7, 0x8430, 0x2124, 0x18e3, 0x18e3, 0x18e3, 0x18e3, 0x4228, 0xbdf7,
 0x5aeb, 0x31a6, 0x0020, 0x0000, 0x0000, 0x0000, 0x0000, 0x0000, 0x0000, 0x0000, 0x0000, 0x0000, 0x0000, 0x0000, 0x10a2, 0x0020,
 0x634d, 0xbdd7, 0xc618, 0xbdf7, 0xbdf7, 0xce9a, 0xad96, 0x2965, 0x0020, 0x18e3, 0x0000, 0x0000, 0x0000, 0x0000, 0x0000, 0x0000,
 0x0000, 0x0000, 0x0000, 0x0000, 0x0000, 0x0000, 0x0000, 0x0861, 0x0861, 0x0861, 0x0861, 0x0861, 0x0861, 0x1082, 0x1082, 0x0020,
 0x0000, 0x0000, 0x0000, 0x0000, 0x0000, 0x0000, 0x0000, 0x0000, 0x0000, 0x0000, 0x0000, 0x0000, 0x0000, 0x0000, 0x0000, 0x0000,
 0x0000, 0x0000, 0x0000, 0x0000, 0x0000, 0x0000, 0x0000, 0x0000, 0x0000, 0x0000, 0x0000, 0x0000, 0x0000, 0x0000, 0x0000, 0x0000
};


// game over banner (Portuguese)
// width=91 x height=47 (matches English gameOverSprite)
const uint16_t gameOverPortuguese[] = {
  0x0000, 0x0000, 0x0000, 0x0000, 0x0000, 0x0000, 0x0000, 0x0000, 0x0000, 0x0000, 0x0000, 0x0000, 0x0000, 0x0000, 0x0000, 0x0000,
  0x0000, 0x0000, 0x0000, 0x0000, 0x0000, 0x0000, 0x0000, 0x0000, 0x0000, 0x0000, 0x0000, 0x0000, 0x0000, 0x0000, 0x0000, 0x0000,
  0x0000, 0x0000, 0x0000, 0x0000, 0x0000, 0x0000, 0x0000, 0x0000, 0x0000, 0x0000, 0x0000, 0x0000, 0x0000, 0x0000, 0x0000, 0x0000,
  0x0000, 0x0000, 0x0000, 0x0000, 0x0000, 0x0000, 0x0000, 0x0000, 0x0000, 0x0000, 0x0000, 0x0000, 0x0000, 0x0000, 0x0000, 0x0000,
  0x0000, 0x0000, 0x0000, 0x0000, 0x0000, 0x0000, 0x0000, 0x0000, 0x0000, 0x0000, 0x0000, 0x0000, 0x0000, 0x0000, 0x0000, 0x0000,
  0x0000, 0x0000, 0x0000, 0x0000, 0x0000, 0x0000, 0x0000, 0x0000, 0x0000, 0x0000, 0x0000, 0x0000, 0x0000, 0x0000, 0x0000, 0x0000,
  0x0000, 0x0000, 0x0000, 0x0000, 0x0000, 0x0000, 0x0000, 0x0000, 0x0000, 0x0000, 0x0000, 0x0000, 0x0000, 0x0000, 0x0000, 0x0000,
  0x0000, 0x0000, 0x0000, 0x0000, 0x0000, 0x0000, 0x0000, 0x0000, 0x0000, 0x0000, 0x0000, 0x0000, 0x0000, 0x0000, 0x0000, 0x0000,
  0x0000, 0x0000, 0x0000, 0x0000, 0x0000, 0x0000, 0x0000, 0x0000, 0x0000, 0x0000, 0x0000, 0x0000, 0x0000, 0x0000, 0x0000, 0x0000,
  0x0000, 0x0000, 0x0000, 0x0000, 0x0000, 0x0000, 0x0000, 0x0000, 0x0000, 0x0000, 0x0000, 0x0000, 0x0000, 0x0000, 0x0000, 0x0000,
  0x0000, 0x0000, 0x0000, 0x0000, 0x0000, 0x0000, 0x0000, 0x0000, 0x0000, 0x0000, 0x0000, 0x0000, 0x0000, 0x0000, 0x0000, 0x0000,
  0x0000, 0x0000, 0x0000, 0x0000, 0x0000, 0x0000, 0x0000, 0x0000, 0x0000, 0x0000, 0x0000, 0x0000, 0x0000, 0x0000, 0x0000, 0x0000,
  0x0000, 0x0000, 0x0000, 0x0000, 0x0000, 0x0000, 0x0000, 0x0000, 0x0000, 0x0000, 0x0000, 0x0000, 0x0000, 0x0000, 0x0000, 0x0000,
  0x0000, 0x0000, 0x0000, 0x0000, 0x0000, 0x0000, 0x0000, 0x0000, 0x0000, 0x0000, 0x0000, 0x0000, 0x0000, 0x0000, 0x0000, 0x0000,
  0x0000, 0x0000, 0x0000, 0x0000, 0x0000, 0x0000, 0x0000, 0x0000, 0x0000, 0x0000, 0x0000, 0x0000, 0x0000, 0x0000, 0x0000, 0x0000,
  0x0000, 0x0000, 0x0000, 0x0000, 0x0000, 0x0000, 0x0000, 0x0000, 0x0000, 0x0000, 0x0000, 0x0000, 0x0000, 0x0000, 0x0000, 0x0000,
  0x0000, 0x0000, 0x0000, 0x0000, 0x0000, 0x0000, 0x0000, 0x0000, 0x0000, 0x0000, 0x0000, 0x0000, 0x0000, 0x0000, 0x0000, 0x0000,
  0x0000, 0x0000, 0x0000, 0x0000, 0x0000, 0x0000, 0x0000, 0x0000, 0x0000, 0x0000, 0x0000, 0x0000, 0x0000, 0x0000, 0x0000, 0x0000,
  0x0000, 0x0000, 0x0000, 0x0000, 0x0000, 0x0000, 0x0000, 0x0000, 0x0000, 0x0000, 0x0000, 0x0000, 0x0000, 0x0000, 0x0000, 0x0000,
  0x0000, 0x0000, 0x0000, 0x0000, 0x0000, 0x0000, 0x0000, 0x0000, 0x0000, 0x0000, 0x0000, 0x0000, 0x0000, 0x0000, 0x0000, 0x0000,
  0x0000, 0x0000, 0x0000, 0x0000, 0x0000, 0x0000, 0x0000, 0x0000, 0x0000, 0x0000, 0x0000, 0x0000, 0x0000, 0x0000, 0x0000, 0x0000,
  0x0000, 0x0000, 0x0000, 0x0000, 0x0000, 0x0000, 0x0000, 0x0000, 0x0000, 0x0000, 0x0000, 0x0000, 0x0000, 0x0000, 0x0000, 0x0000,
  0x0000, 0x0000, 0x0000, 0x0000, 0x0000, 0x0000, 0x0000, 0x0000, 0x0000, 0x0000, 0x0000, 0x0000, 0x0000, 0x0000, 0x0000, 0x0000,
  0x0000, 0x0000, 0x0000, 0x0000, 0x0000, 0x0000, 0x0000, 0x0000, 0x0000, 0x0000, 0x0000, 0x0000, 0x0000, 0x0000, 0x0000, 0x0000,
  0x0000, 0x0000, 0x0000, 0x0000, 0x0000, 0x0000, 0x0000, 0x0000, 0x0000, 0x0000, 0x0000, 0x0000, 0x0000, 0x0000, 0x0000, 0x0000,
  0x0000, 0x0000, 0x0000, 0x0000, 0x0000, 0x0000, 0x0000, 0x0000, 0x0000, 0x0000, 0x2108, 0x1127, 0x1106, 0x1188, 0x11a8, 0x11a8,
  0x11a8, 0x1188, 0x1187, 0x1146, 0x1168, 0x0004, 0x0000, 0x0000, 0x0000, 0x0000, 0x0000, 0x0000, 0x0000, 0x0000, 0x0000, 0x0000,
  0x0000, 0x0000, 0x0000, 0x0000, 0x0000, 0x0000, 0x0000, 0x0000, 0x0000, 0x0000, 0x0000, 0x0000, 0x0000, 0x0000, 0x0000, 0x0000,
  0x0000, 0x0000, 0x0000, 0x0000, 0x0000, 0x0000, 0x0000, 0x0000, 0x0000, 0x0000, 0x0000, 0x0000, 0x0000, 0x0000, 0x0000, 0x0000,
  0x0000, 0x0000, 0x0000, 0x0000, 0x0000, 0x0000, 0x0000, 0x0000, 0x0000, 0x0000, 0x0000, 0x0000, 0x0000, 0x0000, 0x0000, 0x0000,
  0x0000, 0x0000, 0x0000, 0x0000, 0x0000, 0x0000, 0x0000, 0x0000, 0x0000, 0x0000, 0x0000, 0x0000, 0x0000, 0x0000, 0x0000, 0x0000,
  0x0000, 0x0000, 0x0000, 0x00e3, 0x08e5, 0x0083, 0x08a4, 0x19c9, 0x22ae, 0x22ce, 0x22ce, 0x22ce, 0x22ce, 0x22ae, 0x1146, 0x0883,
  0x0842, 0x1106, 0x0145, 0x0000, 0x0000, 0x0000, 0x0000, 0x0000, 0x0000, 0x0000, 0x0000, 0x0000, 0x0000, 0x0000, 0x0000, 0x0000,
  0x0000, 0x0000, 0x0000, 0x0000, 0x0000, 0x0000, 0x0000, 0x0000, 0x0000, 0x0000, 0x0000, 0x0000, 0x0000, 0x0000, 0x0000, 0x0000,
  0x0000, 0x0000, 0x0000, 0x0000, 0x0000, 0x0000, 0x0000, 0x0000, 0x0000, 0x0000, 0x0000, 0x0000, 0x0000, 0x0000, 0x0000, 0x0000,
  0x0000, 0x0000, 0x0000, 0x0000, 0x0000, 0x0000, 0x0000, 0x0000, 0x0000, 0x0000, 0x0000, 0x0000, 0x0000, 0x0000, 0x0000, 0x0000,
  0x0000, 0x0000, 0x0000, 0x0000, 0x0000, 0x0000, 0x0000, 0x0000, 0x0000, 0x0000, 0x0000, 0x0000, 0x0000, 0x0862, 0x08c4, 0x222b,
  0x2b10, 0x33d3, 0x2bd3, 0x2b30, 0x22ae, 0x22ae, 0x22ae, 0x22ae, 0x33d3, 0x33b2, 0x33b2, 0x1a4c, 0x228d, 0x1146, 0x0842, 0x0000,
  0x0000, 0x0000, 0x0000, 0x0000, 0x0000, 0x0000, 0x0000, 0x0000, 0x0000, 0x0000, 0x0000, 0x0000, 0x0000, 0x0000, 0x0000, 0x0000,
  0x0000, 0x0000, 0x0000, 0x0000, 0x0000, 0x0000, 0x0000, 0x0000, 0x0000, 0x0000, 0x0000, 0x0000, 0x0000, 0x0000, 0x0000, 0x0000,
  0x0000, 0x0000, 0x0000, 0x0000, 0x0000, 0x0000, 0x0000, 0x0000, 0x0000, 0x0000, 0x0000, 0x0000, 0x0000, 0x0000, 0x0000, 0x0000,
  0x0000, 0x0000, 0x0000, 0x0000, 0x0000, 0x0000, 0x0000, 0x0000, 0x0000, 0x0000, 0x0000, 0x0000, 0x0000, 0x0000, 0x0000, 0x0000,
  0x0000, 0x0000, 0x0000, 0x0000, 0x0000, 0x2104, 0x1947, 0x10e5, 0x1988, 0x3392, 0x2b92, 0x2b0f, 0x08c4, 0x00a4, 0x0082, 0x08e4,
  0x0904, 0x10e4, 0x10c3, 0x0063, 0x0083, 0x2aad, 0x2b51, 0x23d3, 0x22ce, 0x1167, 0x1189, 0x08e3, 0x0000, 0x0000, 0x0000, 0x0000,
  0x0000, 0x0000, 0x0000, 0x0000, 0x0000, 0x0000, 0x0000, 0x0000, 0x0000, 0x0000, 0x0000, 0x0000, 0x0000, 0x0000, 0x0000, 0x0000,
  0x0000, 0x0000, 0x0000, 0x0000, 0x0000, 0x0000, 0x0000, 0x0000, 0x0000, 0x0000, 0x0000, 0x0000, 0x0000, 0x0000, 0x0000, 0x0000,
  0x0000, 0x0000, 0x0000, 0x0000, 0x0000, 0x0000, 0x0000, 0x0000, 0x0000, 0x0000, 0x0000, 0x0000, 0x0000, 0x0000, 0x0000, 0x0000,
  0x0000, 0x0000, 0x0000, 0x0000, 0x0000, 0x0000, 0x0000, 0x0000, 0x0000, 0x0000, 0x0000, 0x0000, 0x0000, 0x0000, 0x0000, 0x10a4,
  0x08a4, 0x2a6c, 0x2371, 0x2b71, 0x222b, 0x1147, 0x08a3, 0x0842, 0x0004, 0x0000, 0x0000, 0x0000, 0x0000, 0x0000, 0x0000, 0x0841,
  0x08a3, 0x0062, 0x1126, 0x2b30, 0x2bf4, 0x2b51, 0x1105, 0x0082, 0x0000, 0x0000, 0x0000, 0x0000, 0x0000, 0x0000, 0x0000, 0x0000,
  0x0000, 0x0000, 0x0000, 0x0000, 0x0000, 0x0000, 0x0000, 0x0000, 0x0000, 0x0000, 0x0000, 0x0000, 0x0000, 0x0000, 0x0000, 0x0000,
  0x0000, 0x0000, 0x0000, 0x0000, 0x0000, 0x0000, 0x0000, 0x0000, 0x0000, 0x0000, 0x0000, 0x0000, 0x0000, 0x0000, 0x0000, 0x0000,
  0x0000, 0x0000, 0x0000, 0x0000, 0x0000, 0x0000, 0x0000, 0x0000, 0x0000, 0x0000, 0x0000, 0x0000, 0x0000, 0x0000, 0x0000, 0x0000,
  0x0000, 0x0000, 0x0000, 0x0000, 0x0000, 0x0000, 0x0000, 0x0000, 0x0000, 0x0905, 0x08c4, 0x1a0a, 0x2bd3, 0x2b31, 0x1988, 0x0882,
  0x0004, 0x0000, 0x0000, 0x0000, 0x0000, 0x0000, 0x0000, 0x0000, 0x0000, 0x0000, 0x0000, 0x0000, 0x0000, 0x0882, 0x1987, 0x228d,
  0x23f4, 0x1a6c, 0x08a3, 0x08e5, 0x0000, 0x0000, 0x0000, 0x0000, 0x0000, 0x0000, 0x0000, 0x0000, 0x0000, 0x0000, 0x0000, 0x0000,
  0x0000, 0x0000, 0x0000, 0x0000, 0x0000, 0x0000, 0x0000, 0x0000, 0x0000, 0x0000, 0x0000, 0x0000, 0x0000, 0x0000, 0x0000, 0x0000,
  0x0000, 0x0000, 0x0000, 0x0000, 0x0000, 0x0000, 0x0000, 0x0000, 0x0000, 0x0000, 0x0000, 0x0000, 0x0000, 0x0000, 0x0000, 0x0000,
  0x0000, 0x0000, 0x0000, 0x0000, 0x0000, 0x0000, 0x0000, 0x0000, 0x0000, 0x0000, 0x0000, 0x0000, 0x0000, 0x0000, 0x0000, 0x0000,
  0x0000, 0x0000, 0x0000, 0x0841, 0x08a3, 0x2aee, 0x23d4, 0x22ad, 0x0882, 0x0861, 0x0000, 0x0000, 0x0000, 0x0000, 0x0000, 0x0000,
  0x0000, 0x0000, 0x0000, 0x0000, 0x0000, 0x0000, 0x0000, 0x0000, 0x0000, 0x0000, 0x1105, 0x222b, 0x23f5, 0x224c, 0x0882, 0x08c3,
  0x0000, 0x0000, 0x0000, 0x0000, 0x0000, 0x0000, 0x0000, 0x0000, 0x0000, 0x0000, 0x0000, 0x0000, 0x0000, 0x0000, 0x0000, 0x0000,
  0x0000, 0x0000, 0x0000, 0x0000, 0x0000, 0x0000, 0x0000, 0x0000, 0x0000, 0x0000, 0x0001, 0x0000, 0x0000, 0x0000, 0x0000, 0x0000,
  0x0000, 0x0000, 0x0801, 0x0000, 0x0000, 0x0000, 0x0841, 0x0000, 0x0000, 0x0000, 0x0000, 0x0000, 0x0000, 0x0000, 0x0000, 0x0000,
  0x0000, 0x0000, 0x0000, 0x0000, 0x0000, 0x0000, 0x0000, 0x0000, 0x0000, 0x0000, 0x0000, 0x0000, 0x0000, 0x0800, 0x0820, 0x2187,
  0x226b, 0x1126, 0x0882, 0x0000, 0x0000, 0x0000, 0x0000, 0x0000, 0x0000, 0x0000, 0x0000, 0x0000, 0x0001, 0x0000, 0x0000, 0x0000,
  0x0800, 0x0000, 0x0000, 0x0000, 0x0801, 0x0000, 0x0841, 0x19c9, 0x226c, 0x328c, 0x1946, 0x0000, 0x0020, 0x0000, 0x0000, 0x0000,
  0x0000, 0x0000, 0x0000, 0x0000, 0x0000, 0x0020, 0x0020, 0x0000, 0x0000, 0x0000, 0x0000, 0x0000, 0x0020, 0x0800, 0x0000, 0x0000,
  0x0000, 0x0000, 0x0000, 0x0000, 0x0000, 0x08a3, 0x0883, 0x0062, 0x0020, 0x0000, 0x0000, 0x0000, 0x0841, 0x08a3, 0x0883, 0x0062,
  0x0041, 0x08c3, 0x0882, 0x0021, 0x0000, 0x08a3, 0x0882, 0x0062, 0x0020, 0x0000, 0x0000, 0x0862, 0x0882, 0x0882, 0x0082, 0x0882,
  0x0882, 0x0862, 0x0841, 0x0000, 0x08a2, 0x0882, 0x0883, 0x0882, 0x0882, 0x0882, 0x0862, 0x0861, 0x0883, 0x0883, 0x0082, 0x0083,
  0x0883, 0x0862, 0x0021, 0x0000, 0x0000, 0x0000, 0x08a2, 0x0883, 0x0082, 0x0082, 0x0082, 0x0041, 0x0000, 0x0000, 0x0862, 0x0882,
  0x0883, 0x0882, 0x08a3, 0x0862, 0x1083, 0x2145, 0x0882, 0x0882, 0x0882, 0x0882, 0x0882, 0x0882, 0x0041, 0x0020, 0x0862, 0x0882,
  0x0882, 0x0882, 0x0882, 0x0021, 0x0000, 0x0841, 0x0841, 0x0882, 0x0882, 0x0882, 0x0062, 0x0021, 0x0000, 0x0000, 0x0000, 0x0041,
  0x5454, 0x4cd7, 0x43b1, 0x0861, 0x0000, 0x0000, 0x0000, 0x08c3, 0x4c34, 0x44b7, 0x43f2, 0x1105, 0x4cf8, 0x4cf8, 0x1125, 0x0041,
  0x434f, 0x4cd7, 0x4cb6, 0x0883, 0x0000, 0x0000, 0x08c3, 0x5475, 0x4497, 0x44b7, 0x44b7, 0x44b7, 0x5496, 0x10e4, 0x0021, 0x1105,
  0x4c54, 0x44b7, 0x44b7, 0x44b7, 0x44b7, 0x43f3, 0x1967, 0x4cb7, 0x44b7, 0x44b7, 0x44b7, 0x44b7, 0x4c96, 0x10e4, 0x0000, 0x0000,
  0x0842, 0x1126, 0x4434, 0x44b7, 0x44b7, 0x44b7, 0x3350, 0x0883, 0x0041, 0x1146, 0x4454, 0x44b7, 0x44b7, 0x44b7, 0x332f, 0x0862,
  0x0882, 0x19a8, 0x4cb7, 0x44b7, 0x4497, 0x44b7, 0x44b7, 0x2a6c, 0x0882, 0x220a, 0x44b7, 0x44b7, 0x44b7, 0x4496, 0x21e9, 0x0861,
  0x0882, 0x222b, 0x4497, 0x44b7, 0x44b7, 0x4cb7, 0x19a8, 0x0041, 0x0000, 0x0000, 0x0021, 0x4c76, 0x2477, 0x2bb2, 0x0861, 0x0000,
  0x0000, 0x0000, 0x08c4, 0x3c55, 0x2497, 0x33f3, 0x1126, 0x34b8, 0x2cb8, 0x1106, 0x0041, 0x3371, 0x2477, 0x2c77, 0x08a3, 0x0020,
  0x0000, 0x10e4, 0x3c55, 0x2477, 0x2457, 0x2457, 0x2457, 0x2436, 0x3371, 0x08e4, 0x3371, 0x2457, 0x2457, 0x2477, 0x2457, 0x2457,
  0x3414, 0x1988, 0x2c77, 0x1c57, 0x2457, 0x1c57, 0x2456, 0x3477, 0x1125, 0x0000, 0x000f, 0x1926, 0x33d3, 0x2457, 0x2477, 0x2477,
  0x2457, 0x2457, 0x332f, 0x08c4, 0x33d3, 0x2456, 0x2457, 0x2456, 0x2477, 0x2c77, 0x2a6c, 0x1125, 0x2c14, 0x2477, 0x2457, 0x2457,
  0x2457, 0x2476, 0x226c, 0x21e9, 0x2c56, 0x2457, 0x2457, 0x2457, 0x2477, 0x3476, 0x21c8, 0x21e9, 0x2c77, 0x2477, 0x2457, 0x2457,
  0x2457, 0x2c15, 0x1966, 0x0000, 0x0000, 0x0041, 0x4476, 0x2457, 0x2bb2, 0x0861, 0x0000, 0x0000, 0x0000, 0x08c4, 0x3c55, 0x2477,
  0x2bd3, 0x1126, 0x2cb8, 0x2c98, 0x0906, 0x0021, 0x3350, 0x2477, 0x2c77, 0x08a3, 0x0020, 0x0000, 0x08c4, 0x3455, 0x1c57, 0x3435,
  0x2b71, 0x2bd4, 0x1c37, 0x3477, 0x1147, 0x3476, 0x1c57, 0x2bf5, 0x2b92, 0x3415, 0x2bd3, 0x3330, 0x1987, 0x2c77, 0x1c57, 0x33f4,
  0x33b2, 0x2b92, 0x3b91, 0x1105, 0x0000, 0x02aa, 0x21a8, 0x34d8, 0x2477, 0x33f4, 0x2b92, 0x3456, 0x1c57, 0x3c35, 0x1946, 0x2c36,
  0x2457, 0x2bd3, 0x2b71, 0x2c36, 0x1c57, 0x4c75, 0x19ea, 0x2436, 0x2456, 0x33b3, 0x3392, 0x33b2, 0x33b2, 0x19a8, 0x2acd, 0x2477,
  0x2c77, 0x2b92, 0x2bb3, 0x2477, 0x2457, 0x2aee, 0x2aee, 0x2457, 0x2c77, 0x2b71, 0x2b92, 0x2457, 0x2c57, 0x2a6c, 0x0000, 0x0000,
  0x0041, 0x4476, 0x2457, 0x2bb2, 0x0062, 0x0020, 0x0000, 0x0000, 0x08a4, 0x3c55, 0x2477, 0x2bd3, 0x1126, 0x2cb8, 0x2c98, 0x0906,
  0x0041, 0x3330, 0x2477, 0x2c77, 0x0883, 0x0020, 0x0000, 0x08e4, 0x3435, 0x2437, 0x3b91, 0x0841, 0x224b, 0x1c37, 0x3477, 0x1147,
  0x3476, 0x1c56, 0x2aad, 0x0841, 0x08a3, 0x08a3, 0x0861, 0x1967, 0x2c77, 0x2457, 0x2a2a, 0x0862, 0x08a3, 0x0882, 0x0861, 0x0000,
  0x02aa, 0x1987, 0x34b8, 0x2477, 0x2a8d, 0x0883, 0x4c34, 0x1c57, 0x3435, 0x1146, 0x2c36, 0x2c57, 0x220a, 0x10c3, 0x2b92, 0x1c57,
  0x4c75, 0x1a2b, 0x2436, 0x2c36, 0x1105, 0x0061, 0x0862, 0x0882, 0x0841, 0x2ace, 0x2477, 0x3498, 0x08a3, 0x1946, 0x3477, 0x2477,
  0x32ef, 0x32ef, 0x2457, 0x3c97, 0x0062, 0x1126, 0x2c56, 0x2477, 0x2a8c, 0x0000, 0x0000, 0x0041, 0x4476, 0x2457, 0x2bb2, 0x0862,
  0x0020, 0x0020, 0x0000, 0x08a3, 0x3c55, 0x2477, 0x2bd3, 0x1126, 0x34b8, 0x2c98, 0x0906, 0x0021, 0x330f, 0x2477, 0x2c77, 0x08a3,
  0x0020, 0x0000, 0x10c4, 0x3435, 0x2457, 0x3b91, 0x0020, 0x224c, 0x1c37, 0x3477, 0x1147, 0x3456, 0x2436, 0x2aad, 0x0021, 0x0020,
  0x0000, 0x0000, 0x19a8, 0x2c57, 0x2477, 0x222a, 0x0041, 0x0000, 0x0000, 0x0000, 0x0000, 0x02aa, 0x2187, 0x5518, 0x4cd7, 0x3acd,
  0x10a3, 0x4c13, 0x1c57, 0x3435, 0x1966, 0x2c36, 0x2456, 0x2209, 0x10e3, 0x2b92, 0x1c57, 0x4c55, 0x1a0a, 0x2436, 0x2c56, 0x1105,
  0x0020, 0x0020, 0x0000, 0x0021, 0x2aef, 0x2477, 0x3497, 0x0882, 0x1966, 0x3497, 0x2477, 0x32ef, 0x32ef, 0x2477, 0x3c97, 0x0021,
  0x1146, 0x2c56, 0x2457, 0x2a8c, 0x0000, 0x0000, 0x0021, 0x4476, 0x2477, 0x3497, 0x33b2, 0x3371, 0x222a, 0x0020, 0x08a3, 0x3c76,
  0x2498, 0x33f4, 0x1126, 0x2cd9, 0x2cb8, 0x1106, 0x0883, 0x33f3, 0x2498, 0x2c97, 0x0883, 0x0020, 0x0000, 0x10c4, 0x3456, 0x2457,
  0x3bb2, 0x0000, 0x228d, 0x1c57, 0x3497, 0x1167, 0x3497, 0x1c77, 0x3c56, 0x3392, 0x3bb2, 0x1125, 0x0020, 0x19c8, 0x2c77, 0x2498,
  0x222a, 0x0041, 0x0000, 0x0000, 0x0000, 0x0000, 0x0000, 0x0862, 0x08c4, 0x08c4, 0x08a3, 0x1146, 0x4bf3, 0x1c57, 0x3c36, 0x1967,
  0x2c57, 0x2477, 0x220a, 0x10a3, 0x2bb3, 0x1c77, 0x4c55, 0x1a0a, 0x2457, 0x2cb8, 0x3bf4, 0x3392, 0x3b30, 0x0041, 0x0020, 0x2b0f,
  0x2478, 0x34d8, 0x08a4, 0x43f3, 0x2cb9, 0x2478, 0x32ef, 0x330f, 0x2498, 0x3c97, 0x0041, 0x1167, 0x2c77, 0x2477, 0x2a8c, 0x0000,
  0x0000, 0x0021, 0x4cd7, 0x45bd, 0x45dd, 0x45dd, 0x459c, 0x3330, 0x0020, 0x08a3, 0x44d7, 0x45dd, 0x44b6, 0x1146, 0x4ddd, 0x45dd,
  0x1147, 0x2a6c, 0x45bc, 0x3ddd, 0x459b, 0x08a3, 0x0020, 0x0000, 0x10e4, 0x4d19, 0x45bd, 0x43d2, 0x0000, 0x2acd, 0x3dbc, 0x455a,
  0x1188, 0x455a, 0x45dd, 0x45bd, 0x45bd, 0x4dbc, 0x19c9, 0x0020, 0x21e9, 0x459c, 0x45bc, 0x222a, 0x0041, 0x0000, 0x0000, 0x0000,
  0x0000, 0x0000, 0x0000, 0x0000, 0x0000, 0x0000, 0x1967, 0x4c34, 0x45dd, 0x4cd8, 0x1967, 0x457b, 0x459c, 0x222a, 0x10a3, 0x3c35,
  0x3ddd, 0x4cb7, 0x222b, 0x3d9c, 0x45dd, 0x45dd, 0x45bd, 0x4cf8, 0x0861, 0x0020, 0x3350, 0x45dd, 0x4d9b, 0x08c4, 0x4d7b, 0x3dbd,
  0x45dd, 0x3350, 0x3b71, 0x45dd, 0x4d39, 0x0041, 0x1146, 0x457b, 0x459c, 0x2aac, 0x0000, 0x0000, 0x0021, 0x4cd7, 0x45dd, 0x45bd,
  0x4d7b, 0x4d7a, 0x3330, 0x0021, 0x08a3, 0x44f8, 0x45fe, 0x3c97, 0x1146, 0x4dfd, 0x45fe, 0x3c35, 0x455a, 0x45fd, 0x45fe, 0x459c,
  0x08a3, 0x0020, 0x0000, 0x10e4, 0x4d39, 0x45dd, 0x43f3, 0x0020, 0x2aad, 0x3ddd, 0x457b, 0x1188, 0x455a, 0x45fe, 0x4dbc, 0x4d9b,
  0x557a, 0x21c8, 0x0021, 0x21e9, 0x45bc, 0x45dd, 0x222b, 0x0041, 0x0000, 0x0000, 0x0000, 0x0000, 0x0000, 0x0000, 0x0000, 0x0000,
  0x0000, 0x1987, 0x4c55, 0x45fe, 0x4cf9, 0x1967, 0x459c, 0x459c, 0x220a, 0x10c3, 0x3c35, 0x45fe, 0x4cb7, 0x224c, 0x45bc, 0x45dd,
  0x4dbc, 0x4d7b, 0x54d7, 0x0862, 0x0020, 0x3350, 0x45fe, 0x4d9b, 0x08a3, 0x5539, 0x4dbb, 0x4d9b, 0x3b0f, 0x3b71, 0x45fe, 0x4d5a,
  0x0041, 0x1125, 0x457b, 0x45bd, 0x2aad, 0x0000, 0x0000, 0x0021, 0x4cf7, 0x45fd, 0x3c96, 0x1126, 0x1988, 0x1105, 0x0061, 0x08c3,
  0x4cd7, 0x45fe, 0x3c97, 0x1146, 0x4dfd, 0x45fe, 0x45fd, 0x45dd, 0x45dd, 0x45fe, 0x459c, 0x08a3, 0x0020, 0x0000, 0x10e4, 0x4d39,
  0x45dd, 0x43d3, 0x0020, 0x228d, 0x45dd, 0x457b, 0x1168, 0x4d5a, 0x3ddd, 0x3330, 0x1105, 0x1988, 0x10e4, 0x0001, 0x19a8, 0x45bc,
  0x45dd, 0x222b, 0x0041, 0x0000, 0x0000, 0x0000, 0x0000, 0x0000, 0x0000, 0x0000, 0x0000, 0x0000, 0x1967, 0x4c55, 0x45fe, 0x4cf9,
  0x1967, 0x459c, 0x45bc, 0x222a, 0x10c3, 0x3c35, 0x45fd, 0x4cb7, 0x224b, 0x459c, 0x459c, 0x19a8, 0x1146, 0x1967, 0x0882, 0x0020,
  0x3350, 0x45de, 0x4d9b, 0x0883, 0x1987, 0x21e9, 0x21c9, 0x1105, 0x3b70, 0x45fd, 0x4d3a, 0x0041, 0x1125, 0x457b, 0x45bd, 0x2aad,
  0x0000, 0x0000, 0x0021, 0x54f7, 0x45dd, 0x3c76, 0x0882, 0x0021, 0x0021, 0x0041, 0x0841, 0x4cb7, 0x45fe, 0x4497, 0x1146, 0x4dfd,
  0x45fe, 0x45fe, 0x4dbc, 0x44b8, 0x45fe, 0x459c, 0x08a3, 0x0020, 0x0000, 0x10e4, 0x4d39, 0x45dd, 0x43f3, 0x0041, 0x226c, 0x45dd,
  0x457b, 0x1188, 0x4d5a, 0x45dd, 0x2aee, 0x0041, 0x0021, 0x0041, 0x0020, 0x1967, 0x45bc, 0x45dd, 0x222b, 0x0041, 0x0000, 0x0000,
  0x0000, 0x0000, 0x0000, 0x0000, 0x0000, 0x0000, 0x0000, 0x1967, 0x4c55, 0x45fe, 0x4cf9, 0x1967, 0x457c, 0x459c, 0x222a, 0x10a3,
  0x3c35, 0x3dfd, 0x4cb7, 0x224b, 0x45bc, 0x459c, 0x1125, 0x0041, 0x0021, 0x0041, 0x0020, 0x2b0f, 0x45fe, 0x4d9c, 0x08a3, 0x0041,
  0x0021, 0x0021, 0x0862, 0x3b71, 0x45fd, 0x4d3a, 0x0042, 0x1105, 0x457b, 0x45bd, 0x2aad, 0x0000, 0x0000, 0x0001, 0x54f8, 0x45dd,
  0x44f8, 0x2a6b, 0x222a, 0x222a, 0x2a2a, 0x08a3, 0x44b6, 0x45fd, 0x3cb7, 0x1126, 0x4dfd, 0x45fe, 0x45fe, 0x4475, 0x3391, 0x45fe,
  0x459c, 0x08a3, 0x0020, 0x0000, 0x10e4, 0x4d39, 0x45fd, 0x4c97, 0x2a2a, 0x3391, 0x45dd, 0x4d7b, 0x1168, 0x455a, 0x45fd, 0x3bf4,
  0x222a, 0x222a, 0x222a, 0x21e8, 0x1987, 0x459c, 0x45dd, 0x222b, 0x0021, 0x0000, 0x0000, 0x0000, 0x0000, 0x0000, 0x0000, 0x0000,
  0x0000, 0x0000, 0x1987, 0x4c55, 0x45fd, 0x4cf9, 0x1967, 0x459c, 0x45bc, 0x222a, 0x10c3, 0x3c35, 0x45fe, 0x4cb7, 0x222b, 0x45bc,
  0x45dc, 0x2ace, 0x224a, 0x222b, 0x222a, 0x1104, 0x332f, 0x45fe, 0x4ddc, 0x2a6c, 0x222a, 0x222a, 0x2a2b, 0x1967, 0x3b70, 0x45fd,
  0x4d7b, 0x224b, 0x2aad, 0x459c, 0x45bd, 0x2aad, 0x0000, 0x0000, 0x0021, 0x43f2, 0x45dc, 0x45dd, 0x45dd, 0x45dd, 0x45bd, 0x4dbc,
  0x1146, 0x44b7, 0x45fe, 0x3c96, 0x1146, 0x4dfd, 0x45fe, 0x4dbc, 0x2a2a, 0x3350, 0x4dfe, 0x4d9c, 0x08a3, 0x0020, 0x0000, 0x10e4,
  0x4d39, 0x45fe, 0x45de, 0x45dd, 0x45dd, 0x45dd, 0x4496, 0x1126, 0x4cb6, 0x45fe, 0x45fd, 0x45dd, 0x45bd, 0x45bd, 0x4496, 0x19a8,
  0x45bc, 0x45dd, 0x222a, 0x0021, 0x0000, 0x0000, 0x0000, 0x0000, 0x0000, 0x0000, 0x0000, 0x0000, 0x0000, 0x1967, 0x4c54, 0x45fe,
  0x4d19, 0x1967, 0x459b, 0x45bc, 0x224a, 0x29a7, 0x3c35, 0x45fe, 0x4cb7, 0x1988, 0x4d5a, 0x45fe, 0x45dd, 0x45dd, 0x45bd, 0x45bd,
  0x2aad, 0x2a8c, 0x45bc, 0x45fe, 0x45dd, 0x45bd, 0x45dd, 0x45bc, 0x330f, 0x32ad, 0x4ddd, 0x45fe, 0x45dd, 0x45dd, 0x45fd, 0x4d7b,
  0x2a2a, 0x0020, 0x0000, 0x0000, 0x1105, 0x4434, 0x4d9b, 0x4dbc, 0x4dbc, 0x4dbc, 0x559b, 0x1146, 0x4c96, 0x55bc, 0x4475, 0x1105,
  0x55bb, 0x4dbb, 0x4391, 0x10c4, 0x3b0f, 0x4dbc, 0x557a, 0x10c4, 0x0001, 0x0000, 0x08c3, 0x54f8, 0x4dbc, 0x4dbc, 0x4dbc, 0x4dbc,
  0x557a, 0x21a8, 0x21a8, 0x222b, 0x4d39, 0x4dbc, 0x4d9c, 0x4dbc, 0x4dbc, 0x4c96, 0x19a8, 0x4d7a, 0x4d9b, 0x2a4b, 0x1126, 0x1126,
  0x1167, 0x1105, 0x0002, 0x0000, 0x0000, 0x0000, 0x0000, 0x0000, 0x1125, 0x5433, 0x4dbc, 0x4cd7, 0x1946, 0x4d5a, 0x4d7b, 0x2a6c,
  0x328c, 0x3bf3, 0x4d9c, 0x54b6, 0x1967, 0x32ee, 0x4d7b, 0x4dbc, 0x4dbc, 0x4dbc, 0x4dbc, 0x2a8d, 0x10c3, 0x3b71, 0x4d9c, 0x4dbc,
  0x4dbc, 0x4dbc, 0x4d9b, 0x3b2f, 0x08c4, 0x43d2, 0x4d9c, 0x4dbc, 0x4dbc, 0x559b, 0x332f, 0x10c4, 0x0000, 0x0000, 0x0000, 0x18c5,
  0x08c3, 0x0905, 0x0926, 0x1126, 0x1126, 0x0925, 0x0882, 0x08c4, 0x1126, 0x10e4, 0x0862, 0x1105, 0x1125, 0x0883, 0x1083, 0x08a3,
  0x1105, 0x0905, 0x0862, 0x0000, 0x0000, 0x0882, 0x08e4, 0x0926, 0x0926, 0x0926, 0x0926, 0x1105, 0x10e4, 0x1a0a, 0x2b71, 0x1946,
  0x1147, 0x1147, 0x19c9, 0x19ea, 0x11a9, 0x19c9, 0x11ca, 0x19e9, 0x1146, 0x3c55, 0x4cd8, 0x4cd8, 0x3b30, 0x08a3, 0x0002, 0x0000,
  0x2187, 0x1146, 0x1967, 0x1146, 0x11a8, 0x19ea, 0x1987, 0x1167, 0x11a9, 0x11ca, 0x1a2b, 0x33d2, 0x1105, 0x1188, 0x1187, 0x3310,
  0x226c, 0x10e5, 0x1126, 0x1126, 0x1126, 0x0926, 0x08a3, 0x08a3, 0x08a3, 0x1106, 0x0926, 0x0926, 0x1126, 0x1125, 0x08c3, 0x10c4,
  0x08a3, 0x1106, 0x0926, 0x1126, 0x0905, 0x10c4, 0x10a2, 0x0000, 0x0000, 0x0000, 0x0000, 0x0000, 0x0002, 0x0002, 0x0002, 0x0002,
  0x0002, 0x0000, 0x0000, 0x00a2, 0x0002, 0x0000, 0x0002, 0x0002, 0x0000, 0x0000, 0x0000, 0x0002, 0x0002, 0x0000, 0x0000, 0x0000,
  0x0000, 0x0000, 0x0002, 0x0002, 0x0002, 0x0002, 0x0000, 0x0001, 0x226c, 0x2bb2, 0x21a7, 0x10e4, 0x1946, 0x3435, 0x2415, 0x2415,
  0x2416, 0x2436, 0x3bf3, 0x222b, 0x2436, 0x2457, 0x2457, 0x2436, 0x2aef, 0x08a4, 0x0862, 0x2a4b, 0x3414, 0x3415, 0x2bf5, 0x2415,
  0x3435, 0x328c, 0x3c56, 0x2415, 0x2415, 0x2c36, 0x4c55, 0x1925, 0x328c, 0x2aae, 0x3371, 0x3371, 0x0883, 0x0002, 0x0002, 0x0002,
  0x0002, 0x0000, 0x0000, 0x0000, 0x0002, 0x0002, 0x0002, 0x0002, 0x0002, 0x0000, 0x0000, 0x0000, 0x0002, 0x0002, 0x0002, 0x0002,
  0x0000, 0x0000, 0x0000, 0x0000, 0x0000, 0x0000, 0x0000, 0x0000, 0x0000, 0x0000, 0x0000, 0x0000, 0x0000, 0x0000, 0x0000, 0x0000,
  0x0000, 0x0000, 0x0000, 0x0000, 0x0000, 0x0000, 0x0000, 0x0000, 0x0000, 0x0000, 0x0000, 0x0000, 0x0000, 0x0000, 0x0000, 0x0000,
  0x0000, 0x0000, 0x0000, 0x1a6c, 0x23b3, 0x08a3, 0x0041, 0x0883, 0x32ee, 0x2c57, 0x1c57, 0x2457, 0x2c56, 0x2a8d, 0x2b92, 0x1c36,
  0x1c57, 0x1c57, 0x1c57, 0x2436, 0x226d, 0x1126, 0x2415, 0x2457, 0x2457, 0x1c57, 0x1c57, 0x2456, 0x2b0f, 0x3bb2, 0x2457, 0x2c98,
  0x3c34, 0x1967, 0x0842, 0x1967, 0x2a2b, 0x33f5, 0x22ce, 0x1104, 0x0000, 0x0000, 0x0000, 0x0000, 0x0000, 0x0000, 0x0000, 0x0000,
  0x0000, 0x0000, 0x0000, 0x0000, 0x0000, 0x0000, 0x0000, 0x0000, 0x0000, 0x0000, 0x0000, 0x0000, 0x0000, 0x0000, 0x0000, 0x0000,
  0x0000, 0x0000, 0x0000, 0x0000, 0x0000, 0x0000, 0x0000, 0x0000, 0x0000, 0x0000, 0x0000, 0x0000, 0x0000, 0x0000, 0x0000, 0x0000,
  0x0000, 0x0000, 0x0000, 0x0000, 0x0000, 0x0000, 0x0000, 0x0000, 0x0000, 0x0000, 0x0000, 0x0000, 0x0000, 0x0000, 0x226c, 0x23f4,
  0x08e5, 0x0000, 0x0000, 0x10c4, 0x3415, 0x2c98, 0x3c56, 0x1926, 0x1125, 0x3371, 0x2bf5, 0x2436, 0x1c57, 0x2457, 0x2415, 0x3392,
  0x228d, 0x2437, 0x1c57, 0x1c57, 0x1c57, 0x1c57, 0x1c57, 0x3cb7, 0x19a8, 0x43b1, 0x4391, 0x08c4, 0x0082, 0x0000, 0x10c3, 0x3b0f,
  0x4d19, 0x220b, 0x0000, 0x0000, 0x0000, 0x0000, 0x0000, 0x0000, 0x0000, 0x0000, 0x0000, 0x0000, 0x0000, 0x0000, 0x0000, 0x0000,
  0x0000, 0x0000, 0x0000, 0x0000, 0x0000, 0x0000, 0x0000, 0x0000, 0x0000, 0x0000, 0x0000, 0x0000, 0x0000, 0x0000, 0x0000, 0x0000,
  0x0000, 0x0000, 0x0000, 0x0000, 0x0000, 0x0000, 0x0000, 0x0000, 0x0000, 0x0000, 0x0000, 0x0000, 0x0000, 0x0000, 0x0000, 0x0000,
  0x0000, 0x0000, 0x0000, 0x0000, 0x0000, 0x0000, 0x0000, 0x0000, 0x0000, 0x330f, 0x44f8, 0x08c4, 0x0000, 0x0000, 0x08a2, 0x1967,
  0x32ad, 0x2aad, 0x2b92, 0x2b10, 0x1926, 0x1146, 0x228d, 0x3435, 0x2330, 0x1126, 0x19a8, 0x22ad, 0x2310, 0x2310, 0x2416, 0x2437,
  0x2457, 0x2436, 0x3392, 0x1125, 0x2b71, 0x2acd, 0x10c4, 0x0000, 0x0000, 0x08a3, 0x54b7, 0x3350, 0x08c4, 0x0000, 0x0000, 0x0000,
  0x0000, 0x0000, 0x0000, 0x0000, 0x0000, 0x0000, 0x0000, 0x0000, 0x0000, 0x0000, 0x0000, 0x0000, 0x0000, 0x0000, 0x0000, 0x0000,
  0x0000, 0x0000, 0x0000, 0x0000, 0x0000, 0x0000, 0x0000, 0x0000, 0x0000, 0x0000, 0x0000, 0x0000, 0x0000, 0x0000, 0x0000, 0x0000,
  0x0000, 0x0000, 0x0000, 0x0000, 0x0000, 0x0000, 0x0000, 0x0000, 0x0000, 0x0000, 0x0000, 0x0000, 0x0000, 0x0000, 0x0000, 0x0000,
  0x0000, 0x0000, 0x0000, 0x0000, 0x224b, 0x4cf9, 0x21e9, 0x0000, 0x0000, 0x0000, 0x08c4, 0x2b10, 0x2415, 0x2c78, 0x3c97, 0x2a6b,
  0x3435, 0x226c, 0x1167, 0x1a0a, 0x3bf4, 0x3b50, 0x22ad, 0x1147, 0x19c9, 0x1a0a, 0x2b51, 0x2bf4, 0x226c, 0x1987, 0x08a3, 0x23d4,
  0x3350, 0x08a4, 0x0000, 0x0863, 0x2a8c, 0x4d7a, 0x19c9, 0x08e5, 0x0000, 0x0000, 0x0000, 0x0000, 0x0000, 0x0000, 0x0000, 0x0000,
  0x0000, 0x0000, 0x0000, 0x0000, 0x0000, 0x0000, 0x0000, 0x0000, 0x0000, 0x0000, 0x0000, 0x0000, 0x0000, 0x0000, 0x0000, 0x0000,
  0x0000, 0x0000, 0x0000, 0x0000, 0x0000, 0x0000, 0x0000, 0x0000, 0x0000, 0x0000, 0x0000, 0x0000, 0x0000, 0x0000, 0x0000, 0x0000,
  0x0000, 0x0000, 0x0000, 0x0000, 0x0000, 0x0000, 0x0000, 0x0000, 0x0000, 0x0000, 0x0000, 0x0000, 0x0000, 0x0000, 0x0000, 0x08e5,
  0x4c96, 0x43d3, 0x0882, 0x0000, 0x0000, 0x1127, 0x2c56, 0x2d1a, 0x3dbd, 0x4dbc, 0x2a6c, 0x4d59, 0x457b, 0x3456, 0x3d19, 0x4d7b,
  0x1988, 0x2aad, 0x1147, 0x3c35, 0x2b50, 0x1988, 0x0905, 0x2aad, 0x4496, 0x08e5, 0x2bf4, 0x3371, 0x08e3, 0x2208, 0x10c4, 0x4414,
  0x3bd3, 0x19a8, 0x0000, 0x0000, 0x0000, 0x0000, 0x0000, 0x0000, 0x0000, 0x0000, 0x0000, 0x0000, 0x0000, 0x0000, 0x0000, 0x0000,
  0x0000, 0x0000, 0x0000, 0x0000, 0x0000, 0x0000, 0x0000, 0x0000, 0x0000, 0x0000, 0x0000, 0x0000, 0x0000, 0x0000, 0x0000, 0x0000,
  0x0000, 0x0000, 0x0000, 0x0000, 0x0000, 0x0000, 0x0000, 0x0000, 0x0000, 0x0000, 0x0000, 0x0000, 0x0000, 0x0000, 0x0000, 0x0000,
  0x0000, 0x0000, 0x0000, 0x0000, 0x0000, 0x0000, 0x0000, 0x0000, 0x0000, 0x0000, 0x1145, 0x228d, 0x4d7a, 0x1946, 0x0186, 0x0000,
  0x1988, 0x455a, 0x45fd, 0x45fd, 0x4dbc, 0x32cd, 0x330f, 0x45dd, 0x45fd, 0x45dd, 0x4497, 0x0882, 0x2a8d, 0x222b, 0x3b71, 0x459b,
  0x3cf8, 0x3455, 0x457b, 0x3c14, 0x1167, 0x3c97, 0x2a8d, 0x10a5, 0x1967, 0x43d2, 0x4d18, 0x1967, 0x11c9, 0x0000, 0x0000, 0x0000,
  0x0000, 0x0000, 0x0000, 0x0000, 0x0000, 0x0000, 0x0000, 0x0000, 0x0000, 0x0000, 0x0000, 0x0000, 0x0000, 0x0000, 0x0000, 0x0000,
  0x0000, 0x0000, 0x0000, 0x0000, 0x0000, 0x0000, 0x0000, 0x0000, 0x0000, 0x0000, 0x0000, 0x0000, 0x0000, 0x0000, 0x0000, 0x0000,
  0x0000, 0x0000, 0x0000, 0x0000, 0x0000, 0x0000, 0x0000, 0x0000, 0x0000, 0x0000, 0x0000, 0x0000, 0x0000, 0x0000, 0x0000, 0x0000,
  0x0000, 0x0000, 0x0000, 0x0000, 0x0000, 0x1082, 0x21e9, 0x455a, 0x220a, 0x0041, 0x0006, 0x19a8, 0x4d7b, 0x45fe, 0x4ddd, 0x2a6b,
  0x1967, 0x3456, 0x45bd, 0x45fe, 0x45fd, 0x34f9, 0x19e9, 0x1105, 0x32ad, 0x1988, 0x455a, 0x45fe, 0x45fd, 0x45dd, 0x2a4c, 0x1146,
  0x4455, 0x2a2b, 0x21ca, 0x328c, 0x5d5a, 0x32ce, 0x21a9, 0x0000, 0x0000, 0x0000, 0x0000, 0x0000, 0x0000, 0x0000, 0x0000, 0x0000,
  0x0000, 0x0000, 0x0000, 0x0000, 0x0000, 0x0000, 0x0000, 0x0000, 0x0000, 0x0000, 0x0000, 0x0000, 0x0000, 0x0000, 0x0000, 0x0000,
  0x0000, 0x0000, 0x0000, 0x0000, 0x0000, 0x0000, 0x0000, 0x0000, 0x0000, 0x0000, 0x0000, 0x0000, 0x0000, 0x0000, 0x0000, 0x0000,
  0x0000, 0x0000, 0x0000, 0x0000, 0x0000, 0x0000, 0x0000, 0x0000, 0x0000, 0x0000, 0x0000, 0x0000, 0x0000, 0x0000, 0x0000, 0x0000,
  0x0000, 0x19a8, 0x3bf4, 0x4434, 0x08a3, 0x1925, 0x10c4, 0x3b71, 0x4ddd, 0x55bc, 0x2187, 0x3c14, 0x4d5b, 0x4ddd, 0x45fe, 0x45dd,
  0x4d7b, 0x4497, 0x29e9, 0x0882, 0x2aef, 0x3d5b, 0x45fe, 0x45fe, 0x45dd, 0x3c14, 0x08a3, 0x0882, 0x29e9, 0x220a, 0x553a, 0x2a4c,
  0x0862, 0x0006, 0x0000, 0x0000, 0x0000, 0x0000, 0x0000, 0x0000, 0x0000, 0x0000, 0x0000, 0x0000, 0x0000, 0x0000, 0x0000, 0x0000,
  0x0000, 0x0000, 0x0000, 0x0000, 0x0000, 0x0000, 0x0000, 0x0000, 0x0000, 0x0000, 0x0000, 0x0000, 0x0000, 0x0000, 0x0000, 0x0000,
  0x0000, 0x0000, 0x0000, 0x0000, 0x0000, 0x0000, 0x0000, 0x0000, 0x0000, 0x0000, 0x0000, 0x0000, 0x0000, 0x0000, 0x0000, 0x0000,
  0x0000, 0x0000, 0x0000, 0x0000, 0x0000, 0x0000, 0x0000, 0x0000, 0x0000, 0x0000, 0x0000, 0x0000, 0x1167, 0x2a0a, 0x557a, 0x3bb2,
  0x4390, 0x3c14, 0x1967, 0x3b92, 0x559b, 0x3b50, 0x4392, 0x4350, 0x330f, 0x4d9c, 0x3bf3, 0x1987, 0x326b, 0x10a3, 0x4370, 0x4d3a,
  0x4dbc, 0x45dd, 0x45fe, 0x4ddd, 0x4d9b, 0x43f3, 0x1905, 0x4b6f, 0x553a, 0x4c14, 0x1105, 0x0124, 0x0000, 0x0000, 0x0000, 0x0000,
  0x0000, 0x0000, 0x0000, 0x0000, 0x0000, 0x0000, 0x0000, 0x0000, 0x0000, 0x0000, 0x0000, 0x0000, 0x0000, 0x0000, 0x0000, 0x0000,
  0x0000, 0x0000, 0x0000, 0x0000, 0x0000, 0x0000, 0x0000, 0x0000, 0x0000, 0x0000, 0x0000, 0x0000, 0x0000, 0x0000, 0x0000, 0x0000,
  0x0000, 0x0000, 0x0000, 0x0000, 0x0000, 0x0000, 0x0000, 0x0000, 0x0000, 0x0000, 0x0000, 0x0000, 0x0000, 0x0000, 0x0000, 0x0000,
  0x0000, 0x0000, 0x0000, 0x0000, 0x0000, 0x0000, 0x0000, 0x2945, 0x10e4, 0x2aad, 0x557a, 0x3b91, 0x4cd7, 0x3c75, 0x2a6c, 0x2a8d,
  0x5539, 0x557b, 0x5539, 0x21e9, 0x43f3, 0x21e9, 0x4aed, 0x2187, 0x0841, 0x2166, 0x4b70, 0x32ad, 0x3c56, 0x4d9c, 0x220a, 0x3aee,
  0x430e, 0x2a6c, 0x54b6, 0x3b70, 0x21ea, 0x00c3, 0x0000, 0x0000, 0x0000, 0x0000, 0x0000, 0x0000, 0x0000, 0x0000, 0x0000, 0x0000,
  0x0000, 0x0000, 0x0000, 0x0000, 0x0000, 0x0000, 0x0000, 0x0000, 0x0000, 0x0000, 0x0000, 0x0000, 0x0000, 0x0000, 0x0000, 0x0000,
  0x0000, 0x0000, 0x0000, 0x0000, 0x0000, 0x0000, 0x0000, 0x0000, 0x0000, 0x0000, 0x0000, 0x0000, 0x0000, 0x0000, 0x0000, 0x0000,
  0x0000, 0x0000, 0x0000, 0x0000, 0x0000, 0x0000, 0x0000, 0x0000, 0x0000, 0x0000, 0x0000, 0x0000, 0x0000, 0x0000, 0x0000, 0x0000,
  0x0000, 0x0000, 0x0000, 0x18c6, 0x10c4, 0x3b50, 0x555a, 0x330f, 0x43f3, 0x4d19, 0x33f4, 0x224b, 0x2a4b, 0x1946, 0x08c3, 0x324a,
  0x10c4, 0x29a7, 0x1965, 0x0841, 0x0882, 0x1967, 0x42ed, 0x224b, 0x3bd3, 0x1966, 0x430e, 0x3b50, 0x553a, 0x3b0f, 0x1105, 0x1127,
  0x0000, 0x0000, 0x0000, 0x0000, 0x0000, 0x0000, 0x0000, 0x0000, 0x0000, 0x0000, 0x0000, 0x0000, 0x0000, 0x0000, 0x0000, 0x0000,
  0x0000, 0x0000, 0x0000, 0x0000, 0x0000, 0x0000, 0x0000, 0x0000, 0x0000, 0x0000, 0x0000, 0x0000, 0x0000, 0x0000, 0x0000, 0x0000,
  0x0000, 0x0000, 0x0000, 0x0000, 0x0000, 0x0000, 0x0000, 0x0000, 0x0000, 0x0000, 0x0000, 0x0000, 0x0000, 0x0000, 0x0000, 0x0000,
  0x0000, 0x0000, 0x0000, 0x0000, 0x0000, 0x0000, 0x0000, 0x0000, 0x0000, 0x0000, 0x0000, 0x0000, 0x0000, 0x0000, 0x0000, 0x00e3,
  0x10e4, 0x3b0f, 0x555a, 0x3b2f, 0x4bf3, 0x4455, 0x3414, 0x2b50, 0x0862, 0x0882, 0x0883, 0x10e3, 0x2945, 0x0000, 0x0000, 0x0882,
  0x1967, 0x32ef, 0x2167, 0x1987, 0x1946, 0x4390, 0x5518, 0x2a6c, 0x1105, 0x1082, 0x0000, 0x0000, 0x0000, 0x0000, 0x0000, 0x0000,
  0x0000, 0x0000, 0x0000, 0x0000, 0x0000, 0x0000, 0x0000, 0x0000, 0x0000, 0x0000, 0x0000, 0x0000, 0x0000, 0x0000, 0x0000, 0x0000,
  0x0000, 0x0000, 0x0000, 0x0000, 0x0000, 0x0000, 0x0000, 0x0000, 0x0000, 0x0000, 0x0000, 0x0000, 0x0000, 0x0000, 0x0000, 0x0000,
  0x0000, 0x0000, 0x0000, 0x0000, 0x0000, 0x0000, 0x0000, 0x0000, 0x0000, 0x0000, 0x0000, 0x0000, 0x0000, 0x0000, 0x0000, 0x0000,
  0x0000, 0x0000, 0x0000, 0x0000, 0x0000, 0x0000, 0x0000, 0x0000, 0x0000, 0x0000, 0x0000, 0x0000, 0x10e4, 0x2aae, 0x4cb7, 0x4455,
  0x330f, 0x32ee, 0x3bb2, 0x434f, 0x10c3, 0x0841, 0x0000, 0x0000, 0x0000, 0x0061, 0x29a8, 0x4392, 0x3b0f, 0x324b, 0x2a8c, 0x4c76,
  0x43f3, 0x220a, 0x08a4, 0x00a2, 0x0000, 0x0000, 0x0000, 0x0000, 0x0000, 0x0000, 0x0000, 0x0000, 0x0000, 0x0000, 0x0000, 0x0000,
  0x0000, 0x0000, 0x0000, 0x0000, 0x0000, 0x0000, 0x0000, 0x0000, 0x0000, 0x0000, 0x0000, 0x0000, 0x0000, 0x0000, 0x0000, 0x0000,
  0x0000, 0x0000, 0x0000, 0x0000, 0x0000, 0x0000, 0x0000, 0x0000, 0x0000, 0x0000, 0x0000, 0x0000, 0x0000, 0x0000, 0x0000, 0x0000,
  0x0000, 0x0000, 0x0000, 0x0000, 0x0000, 0x0000, 0x0000, 0x0000, 0x0000, 0x0000, 0x0000, 0x0000, 0x0000, 0x0000, 0x0000, 0x0000,
  0x0000, 0x0000, 0x0000, 0x0000, 0x0000, 0x0000, 0x0000, 0x00e3, 0x10c4, 0x1946, 0x3371, 0x4cd8, 0x5d18, 0x4bb1, 0x32cd, 0x19a8,
  0x10c4, 0x0021, 0x0041, 0x0862, 0x21a8, 0x2a4b, 0x2a6c, 0x5cb6, 0x5519, 0x4c75, 0x21e9, 0x1167, 0x1168, 0x000a, 0x0000, 0x0000,
  0x0000, 0x0000, 0x0000, 0x0000, 0x0000, 0x0000, 0x0000, 0x0000, 0x0000, 0x0000, 0x0000, 0x0000, 0x0000, 0x0000, 0x0000, 0x0000,
  0x0000, 0x0000, 0x0000, 0x0000, 0x0000, 0x0000, 0x0000, 0x0000, 0x0000, 0x0000, 0x0000, 0x0000, 0x0000, 0x0000, 0x0000, 0x0000,
  0x0000, 0x0000, 0x0000, 0x0000, 0x0000, 0x0000, 0x0000, 0x0000, 0x0000, 0x0000, 0x0000, 0x0000, 0x0000, 0x0000, 0x0000, 0x0000,
  0x0000, 0x0000, 0x0000, 0x0000, 0x0000, 0x0000, 0x0000, 0x0000, 0x0000, 0x0000, 0x0000, 0x0000, 0x0000, 0x0000, 0x0000, 0x0000,
  0x0000, 0x0000, 0x0000, 0x2104, 0x1167, 0x19c9, 0x1168, 0x1167, 0x32ee, 0x54f8, 0x5539, 0x5559, 0x5d39, 0x5539, 0x5539, 0x555a,
  0x5518, 0x4c55, 0x1988, 0x1167, 0x224b, 0x1968, 0x2129, 0x0000, 0x0000, 0x0000, 0x0000, 0x0000, 0x0000, 0x0000, 0x0000, 0x0000,
  0x0000, 0x0000, 0x0000, 0x0000, 0x0000, 0x0000, 0x0000, 0x0000, 0x0000, 0x0000, 0x0000, 0x0000, 0x0000, 0x0000, 0x0000, 0x0000,
  0x0000, 0x0000, 0x0000, 0x0000, 0x0000, 0x0000, 0x0000, 0x0000, 0x0000, 0x0000, 0x0000, 0x0000, 0x0000, 0x0000, 0x0000, 0x0000,
  0x0000, 0x0000, 0x0000, 0x0000, 0x0000, 0x0000, 0x0000, 0x0000, 0x0000, 0x0000, 0x0000, 0x0000, 0x0000, 0x0000, 0x0000, 0x0000,
  0x0000, 0x0000, 0x0000, 0x0000, 0x0000, 0x0000, 0x0000, 0x0000, 0x0000, 0x0000, 0x0000, 0x0000, 0x0000, 0x0000, 0x0000, 0x0000,
  0x0124, 0x1148, 0x222b, 0x1125, 0x1967, 0x19e9, 0x2a8c, 0x2a8c, 0x2aac, 0x2a8c, 0x222a, 0x1988, 0x1126, 0x222b, 0x224b, 0x0145,
  0x0000, 0x0000, 0x0000, 0x0000, 0x0000, 0x0000, 0x0000, 0x0000, 0x0000, 0x0000, 0x0000, 0x0000, 0x0000, 0x0000, 0x0000, 0x0000,
  0x0000, 0x0000, 0x0000, 0x0000, 0x0000, 0x0000, 0x0000, 0x0000, 0x0000, 0x0000, 0x0000, 0x0000, 0x0000, 0x0000, 0x0000, 0x0000,
  0x0000, 0x0000, 0x0000, 0x0000, 0x0000, 0x0000, 0x0000, 0x0000, 0x0000, 0x0000, 0x0000, 0x0000, 0x0000, 0x0000, 0x0000, 0x0000,
  0x0000, 0x0000, 0x0000, 0x0000, 0x0000, 0x0000, 0x0000, 0x0000, 0x0000, 0x0000, 0x0000, 0x0000, 0x0000, 0x0000, 0x0000, 0x0000,
  0x0000, 0x0000, 0x0000, 0x0000, 0x0000, 0x0000, 0x0000, 0x0000, 0x0000, 0x0000, 0x0000, 0x0000, 0x0000, 0x0000, 0x0000, 0x0000,
  0x1106, 0x21a9, 0x220a, 0x2229, 0x2229, 0x1186, 0x0003, 0x0000, 0x0000, 0x0000, 0x0000, 0x0000, 0x0000, 0x0000, 0x0000, 0x0000,
  0x0000, 0x0000, 0x0000, 0x0000, 0x0000, 0x0000, 0x0000, 0x0000, 0x0000, 0x0000, 0x0000, 0x0000, 0x0000, 0x0000, 0x0000, 0x0000,
  0x0000, 0x0000, 0x0000, 0x0000, 0x0000, 0x0000, 0x0000, 0x0000, 0x0000, 0x0000, 0x0000, 0x0000, 0x0000, 0x0000, 0x0000, 0x0000,
  0x0000, 0x0000, 0x0000, 0x0000, 0x0000, 0x0000, 0x0000, 0x0000, 0x0000, 0x0000, 0x0000, 0x0000, 0x0000, 0x0000, 0x0000, 0x0000,
  0x0000, 0x0000, 0x0000, 0x0000, 0x0000, 0x0000, 0x0000, 0x0000, 0x0000, 0x0000, 0x0000, 0x0000, 0x0000, 0x0000, 0x0000, 0x0000,
  0x0000, 0x0000, 0x0000, 0x0000, 0x0000, 0x0000, 0x0000, 0x0000, 0x0000, 0x0000, 0x0000, 0x0000, 0x0000, 0x0000, 0x0000, 0x0000,
  0x0000, 0x0000, 0x0000, 0x0000, 0x0000, 0x0000, 0x0000, 0x0000, 0x0000, 0x0000, 0x0000, 0x0000, 0x0000, 0x0000, 0x0000, 0x0000,
  0x0000, 0x0000, 0x0000, 0x0000, 0x0000, 0x0000, 0x0000, 0x0000, 0x0000, 0x0000, 0x0000, 0x0000, 0x0000, 0x0000, 0x0000, 0x0000,
  0x0000, 0x0000, 0x0000, 0x0000, 0x0000, 0x0000, 0x0000, 0x0000, 0x0000, 0x0000, 0x0000, 0x0000, 0x0000, 0x0000, 0x0000, 0x0000,
  0x0000, 0x0000, 0x0000, 0x0000, 0x0000, 0x0000, 0x0000, 0x0000, 0x0000, 0x0000, 0x0000, 0x0000, 0x0000, 0x0000, 0x0000, 0x0000,
  0x0000, 0x0000, 0x0000, 0x0000, 0x0000, 0x0000, 0x0000, 0x0000, 0x0000, 0x0000, 0x0000, 0x0000, 0x0000, 0x0000, 0x0000, 0x0000,
  0x0000, 0x0000, 0x0000, 0x0000, 0x0000, 0x0000, 0x0000, 0x0000, 0x0000, 0x0000, 0x0000, 0x0000, 0x0000, 0x0000, 0x0000, 0x0000,
  0x0000, 0x0000, 0x0000, 0x0000, 0x0000, 0x0000, 0x0000, 0x0000, 0x0000, 0x0000, 0x0000, 0x0000, 0x0000, 0x0000, 0x0000, 0x0000,
  0x0000, 0x0000, 0x0000, 0x0000, 0x0000, 0x0000, 0x0000, 0x0000, 0x0000, 0x0000, 0x0000, 0x0000, 0x0000, 0x0000, 0x0000, 0x0000,
  0x0000, 0x0000, 0x0000, 0x0000, 0x0000
};

// goal aim target (must hit to score); 11x11, RGB565 with R/B swapped for display
#define TARGETSPRITE_WIDTH 11
#define TARGETSPRITE_HEIGHT 11
const uint16_t targetSprite[] = {
 0x0000, 0x0000, 0x0000, 0x0000, 0x0000, 0x0000, 0x0000, 0x0000, 0x0000, 0x0000, 0x0000,
 0x0000, 0x0000, 0x0000, 0x0000, 0x0000, 0xffff, 0x0000, 0x0000, 0x0000, 0x0000, 0x0000,
 0x0000, 0x0000, 0xa539, 0x7bba, 0x62d9, 0x6319, 0x5ad8, 0x7bb9, 0x9cfb, 0x0000, 0x0000,
 0x0000, 0x9cf7, 0x6b39, 0x739a, 0xa4fb, 0x947a, 0xa53b, 0x6b18, 0x62f6, 0xad55, 0x0000,
 0x0000, 0x7bf9, 0x6b39, 0xa51b, 0x9cdb, 0xa4fa, 0x947a, 0xad3a, 0x6b37, 0x8416, 0x0000,
 0x0000, 0x6b58, 0x6319, 0xa51b, 0xb57b, 0x83f9, 0xa53a, 0xa53a, 0x6b36, 0x73b5, 0x0000,
 0x0000, 0x8435, 0x5ab7, 0x9cba, 0x8c19, 0x8419, 0x8c59, 0x9499, 0x5ab4, 0x8413, 0x0000,
 0x0000, 0x0000, 0x6b75, 0x5256, 0x7398, 0x8c59, 0x6b57, 0x5274, 0x6313, 0x0000, 0x0000,
 0x0000, 0x0000, 0x0000, 0x7391, 0x6b72, 0x6b52, 0x7372, 0x8410, 0x0000, 0x0000, 0x0000,
 0x0000, 0x0000, 0x0000, 0x0000, 0x0000, 0x0000, 0x0000, 0x0000, 0x0000, 0x0000, 0x0000,
 0x0000, 0x0000, 0x0000, 0x0000, 0x0000, 0x0000, 0x0000, 0x0000, 0x0000, 0x0000, 0x0000
};

#endif /* __SUISprites_h */
